user_id,timestamp,tag,data
11,2024-08-12 8:44:36,start,
11,2024-08-12 8:46:51,user_feedaback,"{""user_input"": ""흥미로운 주제고, 설득력있는 문제분석이 아주 좋았습니다."", ""category"": [{""sentence"": ""흥미로운 주제고,"", ""categories"": ""Statement"", ""type"": ""Evaluation""}, {""sentence"": ""설득력있는 문제분석이 아주 좋았습니다."", ""categories"": ""Statement"", ""type"": ""Evaluation""}], ""new_knowledge"": [""Design ideas should be evaluated for their potential to engage and interest the target audience."", ""Effective problem analysis is crucial for a successful design.""], ""new_actionPlan"": [""Assess whether the design idea is engaging and interesting to the target audience."", ""Ensure that the problem analysis is thorough and clearly identifies the root causes and implications.""], ""new_thinking"": ""디자인 아이디어가 타겟 청중에게 흥미롭고 관심을 끌 수 있는지 평가해야 해. 문제 분석이 철저해야 성공적인 디자인이 가능하구나."", ""evaluation"": {""sentences"": [{""sentence"": ""흥미로운 주제고,"", ""categories"": ""Statement"", ""type"": ""Evaluation"", ""knowledge"": ""The topic is interesting."", ""evaluation"": {""specificity"": 1, ""justification"": 1, ""active"": 1, ""sentiment"": 1}}, {""sentence"": ""설득력있는 문제분석이 아주 좋았습니다."", ""categories"": ""Statement"", ""type"": ""Evaluation"", ""knowledge"": ""The problem analysis is convincing."", ""evaluation"": {""specificity"": 2, ""justification"": 2, ""active"": 1, ""sentiment"": 1}}]}, ""response"": {""answer"": ""칭찬 감사합니다! 아이디어 발전을 위해 추가로 고려해야 할 점이 있을까요?""}}"
11,2024-08-12 8:47:09,user_feedaback,"{""user_input"": ""동건 학생은 반려동물을 키우시나요?"", ""category"": [{""sentence"": ""동건 학생은 반려동물을 키우시나요?"", ""categories"": ""Question"", ""type"": ""Low-Level""}], ""new_knowledge"": [""Understanding the target audience's needs and preferences is essential for designing effective solutions.""], ""new_actionPlan"": [""Conduct surveys or interviews with potential users to gather insights on their needs and preferences regarding pet adoption services.""], ""new_thinking"": ""타겟 사용자의 필요와 선호를 이해하는 것이 효과적인 솔루션을 설계하는 데 필수적이구나."", ""evaluation"": {""sentences"": [{""sentence"": ""동건 학생은 반려동물을 키우시나요?"", ""categories"": ""Question"", ""type"": ""Low-Level"", ""knowledge"": ""The mentor is inquiring about the student's personal experience with pets."", ""evaluation"": {""timely"": 3, ""relevance"": 2, ""high-level"": 1, ""specificity"": 0, ""justification"": 0, ""active"": 0, ""sentiment"": 0}}]}, ""response"": {""answer"": ""선생님, 저는 반려동물을 키우지 않습니다. 반려동물 관련 지식은 인터넷과 책에서 주로 얻었습니다.""}}"
11,2024-08-12 8:48:04,user_feedaback,"{""user_input"": ""직접 반려동물을 키워본 적이 있거나, 키우고 있는 주변인이나 친구에게 의견을 물어본 적이 있나요?"", ""category"": [{""sentence"": ""직접 반려동물을 키워본 적이 있거나,"", ""categories"": ""Question"", ""type"": ""Low-Level""}, {""sentence"": ""키우고 있는 주변인이나 친구에게 의견을 물어본 적이 있나요?"", ""categories"": ""Question"", ""type"": ""Low-Level""}], ""new_knowledge"": [""First-hand experience with the subject matter can provide valuable insights for design."", ""Gathering feedback from people with firsthand experience can provide valuable insights for design improvement.""], ""new_actionPlan"": [""Consider gaining direct experience with the subject matter to better understand the needs and challenges involved."", ""Seek feedback from friends or acquaintances who have experience with the subject matter to refine the design idea.""], ""new_thinking"": ""직접 경험이 디자인에 큰 도움이 될 수 있구나. 직접 경험이 있는 사람들의 의견을 듣는 것이 디자인 개선에 큰 도움이 될 수 있겠구나."", ""evaluation"": {""sentences"": [{""sentence"": ""직접 반려동물을 키워본 적이 있거나,"", ""categories"": ""Question"", ""type"": ""Low-Level"", ""knowledge"": ""The mentor is asking if the student has personal experience with pet ownership."", ""evaluation"": {""timely"": 5, ""relevance"": 4, ""high-level"": 1, ""specificity"": 0, ""justification"": 0, ""active"": 0, ""sentiment"": 0}}, {""sentence"": ""키우고 있는 주변인이나 친구에게 의견을 물어본 적이 있나요?"", ""categories"": ""Question"", ""type"": ""Low-Level"", ""knowledge"": ""The mentor is asking if the student has sought opinions from friends or acquaintances who own pets."", ""evaluation"": {""timely"": 5, ""relevance"": 4, ""high-level"": 1, ""specificity"": 0, ""justification"": 0, ""active"": 0, ""sentiment"": 0}}]}, ""response"": {""answer"": ""반려동물을 키우는 친구에게 여러 번 물어보았습니다. 실제 경험이 많은 것 같아서 도움이 많이 되었어요.""}}"
11,2024-08-12 8:50:44,user_feedaback,"{""user_input"": ""좋습니다. 그럼 동건 학생이 고안한 이 플랫폼의 주요 타겟대상은 반려동물 입양을 어디까지 생각하고 있는 사람인가요? 입양하겠다는 결심이 선 사람? 평소에 관심은 많지만 딱히 생각은 없던 사람? 주요 타겟 유저를 좀 더 상세하게 말해보세요"", ""category"": [{""sentence"": ""그럼 동건 학생이 고안한 이 플랫폼의 주요 타겟대상은 반려동물 입양을 어디까지 생각하고 있는 사람인가요?"", ""categories"": ""Question"", ""type"": ""Low-Level""}, {""sentence"": ""입양하겠다는 결심이 선 사람?"", ""categories"": ""Question"", ""type"": ""Disjunctive""}, {""sentence"": ""평소에 관심은 많지만 딱히 생각은 없던 사람?"", ""categories"": ""Question"", ""type"": ""Disjunctive""}, {""sentence"": ""주요 타겟 유저를 좀 더 상세하게 말해보세요"", ""categories"": ""Question"", ""type"": ""Feature Specification""}], ""new_knowledge"": [""Identifying the primary target audience is crucial for designing effective solutions."", ""Understanding the motivations and commitment levels of potential users is crucial for designing effective solutions."", ""Identifying gaps in the target audience's awareness or consideration can reveal opportunities for design improvement."", ""Understanding the specific needs and preferences of the target users is crucial for effective design.""], ""new_actionPlan"": [""Clearly define and understand the primary target audience for the pet adoption platform."", ""Conduct surveys or interviews to assess the motivations and commitment levels of potential users."", ""Investigate why some people who are generally interested in the topic might not have considered the specific aspects of the design idea, and address these gaps in the design."", ""Conduct detailed research to gather more specific information about the target users' needs and preferences.""], ""new_thinking"": ""주요 타겟 대상을 명확히 정의하고 이해하는 것이 중요하구나. 입양하겠다는 결심이 선 사람들의 동기와 책임감을 이해하는 것이 중요하구나. 관심은 많지만 생각하지 못한 부분이 있을 수 있구나? 타겟 유저의 구체적인 필요와 선호를 이해하는 것이 효과적인 디자인에 필수적이구나."", ""evaluation"": {""sentences"": [{""sentence"": ""그럼 동건 학생이 고안한 이 플랫폼의 주요 타겟대상은 반려동물 입양을 어디까지 생각하고 있는 사람인가요?"", ""categories"": ""Question"", ""type"": ""Low-Level"", ""knowledge"": ""Clarify the target audience for the platform."", ""evaluation"": {""timely"": 5, ""relevance"": 6, ""high-level"": 2, ""specificity"": 0, ""justification"": 0, ""active"": 0, ""sentiment"": 0}}, {""sentence"": ""입양하겠다는 결심이 선 사람?"", ""categories"": ""Question"", ""type"": ""Disjunctive"", ""knowledge"": ""Identify if the target audience includes those who have decided to adopt."", ""evaluation"": {""timely"": 5, ""relevance"": 6, ""high-level"": 3, ""specificity"": 0, ""justification"": 0, ""active"": 0, ""sentiment"": 0}}, {""sentence"": ""평소에 관심은 많지만 딱히 생각은 없던 사람?"", ""categories"": ""Question"", ""type"": ""Disjunctive"", ""knowledge"": ""Identify if the target audience includes those who are interested but undecided."", ""evaluation"": {""timely"": 5, ""relevance"": 6, ""high-level"": 3, ""specificity"": 0, ""justification"": 0, ""active"": 0, ""sentiment"": 0}}, {""sentence"": ""주요 타겟 유저를 좀 더 상세하게 말해보세요"", ""categories"": ""Question"", ""type"": ""Feature Specification"", ""knowledge"": ""Provide a detailed description of the target users."", ""evaluation"": {""timely"": 5, ""relevance"": 6, ""high-level"": 4, ""specificity"": 0, ""justification"": 0, ""active"": 0, ""sentiment"": 0}}]}, ""response"": {""answer"": ""주요 타겟은 입양 결심이 선 사람들입니다. 그들이 입양 후 책임감을 갖도록 돕는 것이 목표죠. 평소 관심은 있지만 고민 중인 사람들도 잠재 타겟으로 생각하고 있습니다.""}}"
11,2024-08-12 8:52:04,user_feedaback,"{""user_input"": ""선생님도 반려동물을 키워본 적이 없어서 잘은 모르지만, 이런 서비스를 제공하는 기존 플랫폼이나 서비스가 있었나요? "", ""category"": [{""sentence"": ""이런 서비스를 제공하는 기존 플랫폼이나 서비스가 있었나요?"", ""categories"": ""Question"", ""type"": ""Low-Level""}], ""new_knowledge"": [""Researching existing platforms or services can provide insights for improving your design.""], ""new_actionPlan"": [""Investigate existing platforms or services that offer similar solutions to identify their strengths and weaknesses.""], ""new_thinking"": ""기존에 유사한 서비스를 제공하는 플랫폼이 있는지 조사해봐야겠어."", ""evaluation"": {""sentences"": [{""sentence"": ""이런 서비스를 제공하는 기존 플랫폼이나 서비스가 있었나요?"", ""categories"": ""Question"", ""type"": ""Low-Level"", ""knowledge"": ""Existing platforms or services providing similar features."", ""evaluation"": {""timely"": 5, ""relevance"": 4, ""high-level"": 1, ""specificity"": 0, ""justification"": 0, ""active"": 0, ""sentiment"": 0}}]}, ""response"": {""answer"": ""잘 모르겠어요. 기존 플랫폼에 대해 추가로 조사를 해봐야겠어요.""}}"
11,2024-08-12 8:55:56,user_feedaback,"{""user_input"": ""사회적으로 중요한 이슈이기 때문에 분명 이를 다루고 있는 것들이 있을 겁니다. 그리고 그 기존 서비스들과 비교했을 때 학생의 플랫폼이 돋보일 수 있는 방법을 찾아야겠죠. 어떻게 생각해도 안 떠오른다 한다면 주제를 아예 바꿔버리는게 시간상 효율적일 수 도 있겠습니다."", ""category"": [{""sentence"": ""사회적으로 중요한 이슈이기 때문에 분명 이를 다루고 있는 것들이 있을 겁니다."", ""categories"": ""Statement"", ""type"": ""Information""}, {""sentence"": ""그리고 그 기존 서비스들과 비교했을 때 학생의 플랫폼이 돋보일 수 있는 방법을 찾아야겠죠."", ""categories"": ""Statement"", ""type"": ""Recommendation""}, {""sentence"": ""어떻게 생각해도 안 떠오른다 한다면 주제를 아예 바꿔버리는게 시간상 효율적일 수 도 있겠습니다."", ""categories"": ""Statement"", ""type"": ""Recommendation""}], ""new_knowledge"": [""Identifying key issues in the design context is crucial for creating relevant solutions."", ""Comparing your design with existing services can reveal unique opportunities for differentiation."", ""Reframing the problem statement can lead to more effective solutions.""], ""new_actionPlan"": [""Identify and list the key issues related to the design context to ensure the solution addresses them effectively."", ""Conduct a comparative analysis of existing platforms to identify unique features and opportunities for differentiation in your design."", ""Consider revisiting and potentially reframing the problem statement to ensure it addresses the core issues effectively.""], ""new_thinking"": ""디자인 맥락에서 중요한 문제를 파악하는 것이 관련 솔루션을 만드는 데 중요하구나. 기존 서비스와 비교하면 내 디자인의 차별화 포인트를 찾을 수 있겠구나. 문제 진술을 다시 생각해보는 것이 더 효과적인 해결책을 찾는 데 도움이 될 수 있겠어."", ""evaluation"": {""sentences"": [{""sentence"": ""사회적으로 중요한 이슈이기 때문에 분명 이를 다루고 있는 것들이 있을 겁니다."", ""categories"": ""Statement"", ""type"": ""Information"", ""knowledge"": ""There are likely existing services addressing this socially important issue."", ""evaluation"": {""specificity"": 4, ""justification"": 5, ""active"": 3, ""sentiment"": 0}}, {""sentence"": ""그리고 그 기존 서비스들과 비교했을 때 학생의 플랫폼이 돋보일 수 있는 방법을 찾아야겠죠."", ""categories"": ""Statement"", ""type"": ""Recommendation"", ""knowledge"": ""The student should find ways to make their platform stand out compared to existing services."", ""evaluation"": {""specificity"": 5, ""justification"": 5, ""active"": 5, ""sentiment"": 0}}, {""sentence"": ""어떻게 생각해도 안 떠오른다 한다면 주제를 아예 바꿔버리는게 시간상 효율적일 수 도 있겠습니다."", ""categories"": ""Statement"", ""type"": ""Recommendation"", ""knowledge"": ""If no unique ideas come to mind, it might be more time-efficient to change the topic."", ""evaluation"": {""specificity"": 4, ""justification"": 4, ""active"": 4, ""sentiment"": -1}}]}, ""response"": {""answer"": ""이미 존재하는 서비스들과 차별화할 방법을 찾아야겠네요. 조사 후 장점과 단점을 분석해서 제 아이디어에 반영해볼게요.""}}"
11,2024-08-12 8:56:35,user_feedaback,"{""user_input"": ""좋습니다. 또 하나, 고안하신 플랫폼 아이디어는 사회적으로 아주 중요한 니즈를 갖고 있으면서도 입양자, 보호자, 상담원과 훈련사 등의 전문가, 넓게는 반려동물들까지 많은 이해관계들이 얽힐 겁니다. 이걸 글이 아닌 도식으로 표현해주면 이해하기 쉬울 것 같네요. 만들어둔게 있나요?"", ""category"": [{""sentence"": ""또 하나, 고안하신 플랫폼 아이디어는 사회적으로 아주 중요한 니즈를 갖고 있으면서도 입양자, 보호자, 상담원과 훈련사 등의 전문가, 넓게는 반려동물들까지 많은 이해관계들이 얽힐 겁니다."", ""categories"": ""Statement"", ""type"": ""Evaluation""}, {""sentence"": ""이걸 글이 아닌 도식으로 표현해주면 이해하기 쉬울 것 같네요."", ""categories"": ""Statement"", ""type"": ""Recommendation""}, {""sentence"": ""만들어둔게 있나요?"", ""categories"": ""Question"", ""type"": ""Low-Level""}], ""new_knowledge"": [""Designs addressing socially significant issues should consider the perspectives of all stakeholders involved."", ""Clear and concise communication is essential for effective design."", ""Researching existing solutions can reveal opportunities for improvement and differentiation.""], ""new_actionPlan"": [""Ensure to incorporate feedback and insights from all relevant stakeholders, including adopters, caregivers, and experts, to create a comprehensive solution."", ""Ensure that all aspects of the design are communicated clearly and concisely to enhance understanding."", ""Conduct a thorough analysis of existing platforms and services to identify their strengths and weaknesses.""], ""new_thinking"": ""사회적으로 중요한 문제를 다루는 디자인은 모든 이해관계자의 관점을 고려해야 해. 명확하고 간결한 소통이 효과적인 디자인에 필수적이구나. 기존 플랫폼과 서비스를 조사하면 개선과 차별화의 기회를 찾을 수 있겠어."", ""evaluation"": {""sentences"": [{""sentence"": ""또 하나, 고안하신 플랫폼 아이디어는 사회적으로 아주 중요한 니즈를 갖고 있으면서도 입양자, 보호자, 상담원과 훈련사 등의 전문가, 넓게는 반려동물들까지 많은 이해관계들이 얽힐 겁니다."", ""categories"": ""Statement"", ""type"": ""Evaluation"", ""knowledge"": ""The platform idea addresses a socially important need and involves multiple stakeholders."", ""evaluation"": {""specificity"": 5, ""justification"": 5, ""active"": 4, ""sentiment"": 1}}, {""sentence"": ""이걸 글이 아닌 도식으로 표현해주면 이해하기 쉬울 것 같네요."", ""categories"": ""Statement"", ""type"": ""Recommendation"", ""knowledge"": ""Visual representation of the idea would enhance understanding."", ""evaluation"": {""specificity"": 4, ""justification"": 4, ""active"": 5, ""sentiment"": 1}}, {""sentence"": ""만들어둔게 있나요?"", ""categories"": ""Question"", ""type"": ""Low-Level"", ""knowledge"": ""Inquiry about the existence of a visual representation."", ""evaluation"": {""timely"": 3, ""relevance"": 3, ""high-level"": 1, ""sentiment"": 0}}]}, ""response"": {""answer"": ""아직 도식이나 시각 자료는 만들지 않았어요. 이해관계자 다이어그램부터 시작해봐야겠네요. 그러면 각자의 역할도 명확해져요.""}}"
11,2024-08-12 8:57:21,user_feedaback,"{""user_input"": ""본인이 그걸 직접 그리면서 새롭게 보이는게 있을지도 모릅니다. 머릿속에 떠오르는 걸 그리면서 디벨롭에 반영해보세요."", ""category"": [{""sentence"": ""본인이 그걸 직접 그리면서 새롭게 보이는게 있을지도 모릅니다."", ""categories"": ""Statement"", ""type"": ""Recommendation""}, {""sentence"": ""머릿속에 떠오르는 걸 그리면서 디벨롭에 반영해보세요."", ""categories"": ""Statement"", ""type"": ""Recommendation""}], ""new_knowledge"": [""First-hand experience with the subject matter can provide valuable insights for design."", ""Visual representations can enhance the clarity and impact of your design.""], ""new_actionPlan"": [""Seek opportunities to gain first-hand experience or closely observe those with direct experience to enhance the design."", ""Create diagrams or visual aids to illustrate the relationships and roles of stakeholders in your design.""], ""new_thinking"": ""직접 경험이 디자인에 큰 도움이 될 수 있겠구나. 도식이나 시각 자료가 디자인의 명확성과 영향력을 높일 수 있구나."", ""evaluation"": {""sentences"": [{""sentence"": ""본인이 그걸 직접 그리면서 새롭게 보이는게 있을지도 모릅니다."", ""categories"": ""Statement"", ""type"": ""Recommendation"", ""knowledge"": ""Drawing the idea might reveal new insights."", ""evaluation"": {""specificity"": 4, ""justification"": 3, ""active"": 5, ""sentiment"": 1}}, {""sentence"": ""머릿속에 떠오르는 걸 그리면서 디벨롭에 반영해보세요."", ""categories"": ""Statement"", ""type"": ""Recommendation"", ""knowledge"": ""Drawing ideas can help in development."", ""evaluation"": {""specificity"": 4, ""justification"": 3, ""active"": 5, ""sentiment"": 1}}]}, ""response"": {""answer"": ""도식을 만들어보면서 한눈에 보니 복잡한 부분이나 빠진 요소들이 잘 보이더라고요. 디자인 작업에 큰 도움이 되었어요!""}}"
11,2024-08-12 8:58:27,user_feedaback,"{""user_input"": ""학생이 생각하기에 이런 교육과 필수적으로 이수해야 할 과정이 있음에도 여전히 지금과 같은 문제들이 일어나는 원인을 어디서 찾았습니까?"", ""category"": [{""sentence"": ""학생이 생각하기에 이런 교육과 필수적으로 이수해야 할 과정이 있음에도 여전히 지금과 같은 문제들이 일어나는 원인을 어디서 찾았습니까?"", ""categories"": ""Question"", ""type"": ""Deep Reasoning""}], ""new_knowledge"": [""Identifying the root causes of persistent problems is crucial for effective design solutions.""], ""new_actionPlan"": [""Investigate the underlying reasons why issues persist despite existing educational and procedural measures.""], ""new_thinking"": ""기존의 교육과 절차에도 불구하고 문제가 지속되는 근본 원인을 파악하는 것이 중요하구나."", ""evaluation"": {""sentences"": [{""sentence"": ""학생이 생각하기에 이런 교육과 필수적으로 이수해야 할 과정이 있음에도 여전히 지금과 같은 문제들이 일어나는 원인을 어디서 찾았습니까?"", ""categories"": ""Question"", ""type"": ""Deep Reasoning"", ""knowledge"": ""The mentor is asking the student to identify the root cause of ongoing issues despite mandatory education and processes."", ""evaluation"": {""timely"": 6, ""relevance"": 7, ""high-level"": 5, ""specificity"": 0, ""justification"": 0, ""active"": 0, ""sentiment"": 0}}]}, ""response"": {""answer"": ""여전히 문제들이 발생하는 이유는 주로 교육이 형식적이기 때문입니다. 실질적인 상황에서의 교육이 부족하고, 입양 후 지속적인 지원이 잘 안 되기도 합니다.""}}"
11,2024-08-12 9:00:45,user_feedaback,"{""user_input"": ""그렇다면 그 형식적인 교육을 어떻게 바꾸고 싶으신건지 설명이 있어야겠네요. 충분한 지식과 책임감을 갖추도록 돕는다는건 그 교육을 통해 이루고 싶은 목표지, 이걸 어떻게 이룰지는 여전히 뭉뚱그려져 있습니다. 퀴즈나 평가를 통해 일정 점수 이상을 받는 것이 형식적이지 않기 위해선 저 문장만으론 납득하기 어렵습니다. 생각해둔게 있다면 말씀해주세요"", ""category"": [{""sentence"": ""그렇다면 그 형식적인 교육을 어떻게 바꾸고 싶으신건지 설명이 있어야겠네요."", ""categories"": ""Question"", ""type"": ""Generate Design""}, {""sentence"": ""충분한 지식과 책임감을 갖추도록 돕는다는건 그 교육을 통해 이루고 싶은 목표지, 이걸 어떻게 이룰지는 여전히 뭉뚱그려져 있습니다."", ""categories"": ""Statement"", ""type"": ""Evaluation""}, {""sentence"": ""퀴즈나 평가를 통해 일정 점수 이상을 받는 것이 형식적이지 않기 위해선 저 문장만으론 납득하기 어렵습니다."", ""categories"": ""Statement"", ""type"": ""Evaluation""}, {""sentence"": ""생각해둔게 있다면 말씀해주세요"", ""categories"": ""Question"", ""type"": ""Generate Design""}], ""new_knowledge"": [""Reevaluating and redesigning educational methods can address persistent issues."", ""Ensuring users gain sufficient knowledge and responsibility through education is a key goal."", ""Ensuring that assessments are meaningful and not just formalities is crucial for effective design."", ""Generating new design ideas can lead to innovative solutions.""], ""new_actionPlan"": [""Consider innovative and practical approaches to redesign the educational methods to make them more effective."", ""Develop a comprehensive and engaging educational program that effectively imparts knowledge and responsibility to users."", ""Revise the assessment process to ensure it accurately measures the necessary knowledge and skills."", ""Brainstorm additional features or services that could enhance the current design idea.""], ""new_thinking"": ""형식적인 교육을 어떻게 실질적인 교육으로 바꿀 수 있을까? 사용자들이 충분한 지식과 책임감을 갖도록 교육하는 것이 핵심 목표구나. 평가가 형식적이지 않고 실질적인 의미를 가지도록 해야 해. 새로운 디자인 아이디어를 생성하면 혁신적인 솔루션을 만들 수 있어!"", ""evaluation"": {""sentences"": [{""sentence"": ""그렇다면 그 형식적인 교육을 어떻게 바꾸고 싶으신건지 설명이 있어야겠네요."", ""categories"": ""Question"", ""type"": ""Generate Design"", ""knowledge"": ""The mentor is asking for a detailed explanation on how to change the formal education."", ""evaluation"": {""timely"": 6, ""relevance"": 6, ""high-level"": 5, ""specificity"": 0, ""justification"": 0, ""active"": 0, ""sentiment"": 0}}, {""sentence"": ""충분한 지식과 책임감을 갖추도록 돕는다는건 그 교육을 통해 이루고 싶은 목표지, 이걸 어떻게 이룰지는 여전히 뭉뚱그려져 있습니다."", ""categories"": ""Statement"", ""type"": ""Evaluation"", ""knowledge"": ""The mentor is pointing out that the goal of the education is clear, but the method to achieve it is still vague."", ""evaluation"": {""timely"": 0, ""relevance"": 0, ""high-level"": 0, ""specificity"": 6, ""justification"": 6, ""active"": 5, ""sentiment"": 0}}, {""sentence"": ""퀴즈나 평가를 통해 일정 점수 이상을 받는 것이 형식적이지 않기 위해선 저 문장만으론 납득하기 어렵습니다."", ""categories"": ""Statement"", ""type"": ""Evaluation"", ""knowledge"": ""The mentor is skeptical that quizzes or evaluations alone can prevent the education from being formal."", ""evaluation"": {""timely"": 0, ""relevance"": 0, ""high-level"": 0, ""specificity"": 6, ""justification"": 6, ""active"": 5, ""sentiment"": 0}}, {""sentence"": ""생각해둔게 있다면 말씀해주세요"", ""categories"": ""Question"", ""type"": ""Generate Design"", ""knowledge"": ""The mentor is asking the student to share any specific ideas they have in mind."", ""evaluation"": {""timely"": 6, ""relevance"": 6, ""high-level"": 5, ""specificity"": 0, ""justification"": 0, ""active"": 0, ""sentiment"": 0}}]}, ""response"": {""answer"": ""교육의 실질성을 높이기 위해, 다양한 인터랙티브 요소를 도입하려고 해요. 예를 들어, 가상 현실(VR)을 이용한 체험이나 실제 상황 기반의 시뮬레이션을 통해 입양 희망자가 직접 행동으로 배울 수 있도록 할 계획입니다. 또한, 교육과정 후에도 지속적인 리소스와 커뮤니티 지원을 제공할 예정입니다.""}}"
11,2024-08-12 9:01:56,user_feedaback,"{""user_input"": ""VR체험은 이수자가 직접 집에서 하는건가요? 아니면 플랫폼 측에서 장비나 장소를 제공해주나요?"", ""category"": [{""sentence"": ""VR체험은 이수자가 직접 집에서 하는건가요?"", ""categories"": ""Question"", ""type"": ""Low-Level""}, {""sentence"": ""아니면 플랫폼 측에서 장비나 장소를 제공해주나요?"", ""categories"": ""Question"", ""type"": ""Low-Level""}], ""new_knowledge"": [""Interactive and immersive experiences can enhance the effectiveness of educational programs."", ""Considering logistical support for users can enhance the practicality of a design.""], ""new_actionPlan"": [""Investigate and integrate interactive and immersive technologies, such as VR, to improve the educational components of the design."", ""Investigate potential logistical support services that can be integrated into the platform to assist users.""], ""new_thinking"": ""인터랙티브하고 몰입감 있는 경험이 교육 프로그램의 효과를 높일 수 있겠구나. 사용자에게 실질적인 지원을 제공하는 것이 디자인의 실용성을 높일 수 있겠구나."", ""evaluation"": {""sentences"": [{""sentence"": ""VR체험은 이수자가 직접 집에서 하는건가요?"", ""categories"": ""Question"", ""type"": ""Low-Level"", ""knowledge"": ""Clarification on the location of VR experience."", ""evaluation"": {""timely"": 5, ""relevance"": 5, ""high-level"": 1, ""specificity"": 0, ""justification"": 0, ""active"": 0, ""sentiment"": 0}}, {""sentence"": ""아니면 플랫폼 측에서 장비나 장소를 제공해주나요?"", ""categories"": ""Question"", ""type"": ""Low-Level"", ""knowledge"": ""Clarification on the provision of VR equipment or location by the platform."", ""evaluation"": {""timely"": 5, ""relevance"": 5, ""high-level"": 1, ""specificity"": 0, ""justification"": 0, ""active"": 0, ""sentiment"": 0}}]}, ""response"": {""answer"": ""VR체험은 집에서 쉽게 접근할 수 있도록 온라인으로 제공할 생각이에요. 특별한 장비 없이도 스마트폰이나 컴퓨터로 사용할 수 있는 형태로요.""}}"
11,2024-08-12 9:03:49,user_feedaback,"{""user_input"": ""생각보다 동건 학생이 요구하는 리소스들은 상당한 재원을 필요로 합니다. VR컨텐츠 제작은 물론이고, 상담원과 훈련사 등 자문을 구하고 직접 고용해야 할 수도 있는 전문인력이 상당수일겁니다. 이에 대해 어느 정도로 생각하고 있는지, 그리고 플랫폼에서 가장 중요할지도 모르는 비즈니스 모델이 있는지. 이에 대해 설명해주세요"", ""category"": [{""sentence"": ""생각보다 동건 학생이 요구하는 리소스들은 상당한 재원을 필요로 합니다."", ""categories"": ""Statement"", ""type"": ""Evaluation""}, {""sentence"": ""VR컨텐츠 제작은 물론이고, 상담원과 훈련사 등 자문을 구하고 직접 고용해야 할 수도 있는 전문인력이 상당수일겁니다."", ""categories"": ""Statement"", ""type"": ""Information""}, {""sentence"": ""이에 대해 어느 정도로 생각하고 있는지,"", ""categories"": ""Question"", ""type"": ""Low-Level""}, {""sentence"": ""그리고 플랫폼에서 가장 중요할지도 모르는 비즈니스 모델이 있는지."", ""categories"": ""Question"", ""type"": ""Low-Level""}, {""sentence"": ""이에 대해 설명해주세요"", ""categories"": ""Question"", ""type"": ""Low-Level""}], ""new_knowledge"": [""Understanding the specific resources required for a design is crucial for its success."", ""Incorporating expert consultations and training can enhance the effectiveness of educational content."", ""Understanding the depth of thought behind a design idea is crucial for its development."", ""Identifying the most critical business model for the platform is essential for its success."", ""Providing clear explanations for design elements is crucial for effective communication.""], ""new_actionPlan"": [""Identify and list all the necessary resources required to implement the design idea effectively."", ""Integrate expert consultations and training sessions into the educational content to improve its effectiveness."", ""Reflect on the depth of your current design idea and identify areas that need further thought and detail."", ""Research and identify the most effective business model for the platform to ensure its sustainability and success."", ""Ensure that all design elements and their purposes are clearly explained in the project documentation.""], ""new_thinking"": ""디자인을 성공적으로 구현하기 위해 필요한 자원을 명확히 이해하는 것이 중요하구나. 전문가 상담과 훈련을 교육 콘텐츠에 포함시키면 효과가 더 좋아질 수 있겠어. 내 디자인 아이디어에 대해 얼마나 깊이 생각하고 있는지 반성해봐야겠어. 플랫폼의 성공을 위해 가장 중요한 비즈니스 모델을 찾아야 해. 디자인 요소에 대한 명확한 설명이 중요하구나."", ""evaluation"": {""sentences"": [{""sentence"": ""생각보다 동건 학생이 요구하는 리소스들은 상당한 재원을 필요로 합니다."", ""categories"": ""Statement"", ""type"": ""Evaluation"", ""knowledge"": ""The resources required for the student's idea are substantial."", ""evaluation"": {""specificity"": 5, ""justification"": 5, ""active"": 4, ""sentiment"": 0}}, {""sentence"": ""VR컨텐츠 제작은 물론이고, 상담원과 훈련사 등 자문을 구하고 직접 고용해야 할 수도 있는 전문인력이 상당수일겁니다."", ""categories"": ""Statement"", ""type"": ""Information"", ""knowledge"": ""Creating VR content and hiring consultants and trainers will require significant professional resources."", ""evaluation"": {""specificity"": 6, ""justification"": 6, ""active"": 4, ""sentiment"": 0}}, {""sentence"": ""이에 대해 어느 정도로 생각하고 있는지,"", ""categories"": ""Question"", ""type"": ""Low-Level"", ""knowledge"": ""The mentor is asking about the student's consideration of resource requirements."", ""evaluation"": {""timely"": 5, ""relevance"": 5, ""high-level"": 1, ""specificity"": 0, ""justification"": 0, ""active"": 0, ""sentiment"": 0}}, {""sentence"": ""그리고 플랫폼에서 가장 중요할지도 모르는 비즈니스 모델이 있는지."", ""categories"": ""Question"", ""type"": ""Low-Level"", ""knowledge"": ""The mentor is inquiring about the existence of a business model for the platform."", ""evaluation"": {""timely"": 5, ""relevance"": 5, ""high-level"": 1, ""specificity"": 0, ""justification"": 0, ""active"": 0, ""sentiment"": 0}}, {""sentence"": ""이에 대해 설명해주세요"", ""categories"": ""Question"", ""type"": ""Low-Level"", ""knowledge"": ""The mentor is asking for an explanation regarding the previous questions."", ""evaluation"": {""timely"": 5, ""relevance"": 5, ""high-level"": 1, ""specificity"": 0, ""justification"": 0, ""active"": 0, ""sentiment"": 0}}]}, ""response"": {""answer"": ""리소스 부분은 생각해보니 현실적인 문제일 수 있겠네요. 많은 예산과 인력이 필요한데, 먼저 소규모 파일럿 프로그램을 운영해보는 건 어떨까요? 비즈니스 모델은 입양 교육 및 평가 서비스에 대한 유료화, 입양 후의 지속적인 지원 프로그램 구독 모델을 고려하고 있어요.""}}"
11,2024-08-12 9:05:34,user_feedaback,"{""user_input"": ""구독모델을 들으니 생각난 건데, 아까 말씀하셨던 기존 교육의 낮은 지속성을 문제로 말씀하셨었습니다. 이 구독 모델이 지속성을 저해할 수 있는 요소가 될 수 있지 않을까요? 이 구독모델이나 지속적인 교육을 장려하기 위해 생각하고 계신 방법이 있으신가요?"", ""category"": [{""sentence"": ""구독모델을 들으니 생각난 건데, 아까 말씀하셨던 기존 교육의 낮은 지속성을 문제로 말씀하셨었습니다."", ""categories"": ""Statement"", ""type"": ""Information""}, {""sentence"": ""이 구독 모델이 지속성을 저해할 수 있는 요소가 될 수 있지 않을까요?"", ""categories"": ""Question"", ""type"": ""Deep Reasoning""}, {""sentence"": ""이 구독모델이나 지속적인 교육을 장려하기 위해 생각하고 계신 방법이 있으신가요?"", ""categories"": ""Question"", ""type"": ""Generate Design""}], ""new_knowledge"": [""Understanding the limitations of existing solutions can help identify areas for improvement."", ""Evaluating the sustainability of a subscription model is crucial for long-term success."", ""Considering subscription models or continuous education can enhance user engagement and support.""], ""new_actionPlan"": [""Analyze the limitations of current educational methods and propose enhancements to increase their effectiveness."", ""Assess the feasibility and potential challenges of implementing a subscription model for the platform."", ""Explore and develop subscription models or continuous education programs to maintain user engagement and support.""], ""new_thinking"": ""기존 교육의 한계를 이해하면 개선할 수 있는 부분을 찾을 수 있겠구나. 구독 모델의 지속 가능성을 평가하는 것이 장기적인 성공을 위해 중요하구나. 구독 모델이나 지속적인 교육 프로그램을 고려하면 사용자 참여와 지원을 강화할 수 있겠구나."", ""evaluation"": {""sentences"": [{""sentence"": ""구독모델을 들으니 생각난 건데, 아까 말씀하셨던 기존 교육의 낮은 지속성을 문제로 말씀하셨었습니다."", ""categories"": ""Statement"", ""type"": ""Information"", ""knowledge"": ""The student mentioned that low sustainability of existing education is a problem."", ""evaluation"": {""specificity"": 5, ""justification"": 4, ""active"": 3, ""sentiment"": 0}}, {""sentence"": ""이 구독 모델이 지속성을 저해할 수 있는 요소가 될 수 있지 않을까요?"", ""categories"": ""Question"", ""type"": ""Deep Reasoning"", ""knowledge"": ""The subscription model might hinder sustainability."", ""evaluation"": {""timely"": 5, ""relevance"": 6, ""high-level"": 5, ""specificity"": 0, ""justification"": 0, ""active"": 0, ""sentiment"": 0}}, {""sentence"": ""이 구독모델이나 지속적인 교육을 장려하기 위해 생각하고 계신 방법이 있으신가요?"", ""categories"": ""Question"", ""type"": ""Generate Design"", ""knowledge"": ""The mentor is asking for methods to encourage the subscription model or continuous education."", ""evaluation"": {""timely"": 5, ""relevance"": 6, ""high-level"": 5, ""specificity"": 0, ""justification"": 0, ""active"": 0, ""sentiment"": 0}}]}, ""response"": {""answer"": ""지속성을 높이기 위해 구독 모델에 보상 시스템을 도입할 생각이에요. 구독자가 일정 기간 동안 교육과 검사를 꾸준히 하면 포인트를 누적시키고, 이 포인트로 반려동물 용품이나 서비스 할인을 받을 수 있게 하는 거죠. 이렇게 하면 사용자가 지속적으로 참여할 동기가 생길 거라고 생각해요.""}}"
11,2024-08-12 9:06:00,update_idea,"{""title"": ""Petit - 책임감 있는 반려동물 입양을 위한 포괄적 플랫폼"", ""problem"": ""현재 많은 반려동물 입양 후 돌봄의 책임감 부족이 사회적 문제로 대두되고 있습니다. 특히, 입양 과정에서의 교육 부재나 형식적인 절차는 실질적인 돌봄 능력의 부족으로 이어질 수 있습니다. 이와 같은 문제의 근본적인 원인을 파악하고, 입양자에게 적합한 교육과 지속적인 지원을 제공하여 반려동물과 입양자 모두에게 긍정적인 환경을 제공하는 것이 필요합니다."", ""idea"": ""Petit은 입양 희망자를 위한 포괄적인 교육 프로그램과 지속적인 지원 시스템을 제공합니다. 첫째, 온라인 교육을 통해 기본적인 돌봄 지식부터 건강 관리, 올바른 훈련 방법까지 배울 수 있으며, 가상 현실(VR) 체험을 통해 실제 상황에서의 돌봄을 시뮬레이션합니다. 또한, 인터랙티브 퀴즈와 평가를 통해 학습 효과를 증진시키고, 입양 가능 여부를 결정합니다. 입양 후에는 정기적인 돌봄 점검, 온라인 커뮤니티를 통한 정보 교류와 긴급 상황 시 지원을 제공합니다. 이러한 체계를 통해 입양자와 반려동물이 서로에게 긍정적인 영향을 줄 수 있도록 돕습니다. 추가적으로, 소규모 파일럿 프로그램을 운영하여 실제 효과를 검증하고, 필요한 리소스와 재원을 확보하는 단계를 거칠 예정입니다.""}"
11,2024-08-12 9:06:06,finish,