user_id,timestamp,tag,data
11,2024-08-12 8:19:09,start,
11,2024-08-12 8:21:29,user_feedaback,"{""user_input"": ""자식에게 유익하고 건강한 컨텐츠만을 제공해주고 싶은 부모님들의 수요를 잘 파악하신 것 같습니다. 필터링 익스텐션이 수요가 있다는게 충분한 설득력을 갖고 있군요"", ""category"": [{""sentence"": ""자식에게 유익하고 건강한 컨텐츠만을 제공해주고 싶은 부모님들의 수요를 잘 파악하신 것 같습니다."", ""categories"": ""Statement"", ""type"": ""Evaluation""}, {""sentence"": ""필터링 익스텐션이 수요가 있다는게 충분한 설득력을 갖고 있군요"", ""categories"": ""Statement"", ""type"": ""Evaluation""}], ""new_knowledge"": [""Understanding the needs and desires of the target audience is crucial for designing effective solutions."", ""Understanding the demand for a feature is crucial for its successful implementation.""], ""new_actionPlan"": [""Conduct thorough research to understand the specific needs and desires of parents regarding child-safe content."", ""Conduct market research to validate the demand for the filtering extension feature.""], ""new_thinking"": ""타겟 사용자의 필요와 욕구를 잘 이해하는 것이 효과적인 솔루션을 설계하는 데 중요하구나. 기능에 대한 수요를 이해하는 것이 성공적인 구현에 중요하구나."", ""evaluation"": {""sentences"": [{""sentence"": ""자식에게 유익하고 건강한 컨텐츠만을 제공해주고 싶은 부모님들의 수요를 잘 파악하신 것 같습니다."", ""categories"": ""Statement"", ""type"": ""Evaluation"", ""knowledge"": ""The feedback acknowledges the understanding of parents' demand for providing beneficial and healthy content to their children."", ""evaluation"": {""specificity"": 5, ""justification"": 5, ""active"": 4, ""sentiment"": 1}}, {""sentence"": ""필터링 익스텐션이 수요가 있다는게 충분한 설득력을 갖고 있군요"", ""categories"": ""Statement"", ""type"": ""Evaluation"", ""knowledge"": ""The feedback confirms the demand for a filtering extension and finds it convincing."", ""evaluation"": {""specificity"": 4, ""justification"": 5, ""active"": 4, ""sentiment"": 1}}]}, ""response"": {""answer"": ""감사합니다, 선생님! 그래도 실시간으로 콘텐츠를 분석하는 AI 기술이 얼마나 정확할지는 좀 더 연구가 필요할 것 같아요.""}}"
11,2024-08-12 8:23:06,user_feedaback,"{""user_input"": ""다만 타겟으로 잡고 있는 스트리밍 서비스들 중 가장 큰 유튜브와 넷플릭스 등에는 이미 키즈모드라는, 동건 학생이 말한 기능들을 수행해주고 있는 서비스들이 제공되고 있습니다. 동건 학생이 제안하는 서비스가 갖는 차별점은 뭐라고 생각하시나요?"", ""category"": [{""sentence"": ""다만 타겟으로 잡고 있는 스트리밍 서비스들 중 가장 큰 유튜브와 넷플릭스 등에는 이미 키즈모드라는, 동건 학생이 말한 기능들을 수행해주고 있는 서비스들이 제공되고 있습니다."", ""categories"": ""Statement"", ""type"": ""Information""}, {""sentence"": ""동건 학생이 제안하는 서비스가 갖는 차별점은 뭐라고 생각하시나요?"", ""categories"": ""Question"", ""type"": ""Comparison""}], ""new_knowledge"": [""Understanding existing solutions in the market is essential for identifying gaps and opportunities for improvement."", ""Identifying the unique value proposition of a design is essential for differentiating it from competitors.""], ""new_actionPlan"": [""Research existing filtering features on major streaming platforms to identify their strengths and weaknesses."", ""Analyze and highlight the unique features and benefits of Safeview compared to existing solutions.""], ""new_thinking"": ""기존 시장에 있는 솔루션을 이해하는 것이 개선할 기회와 격차를 식별하는 데 중요하구나. Safeview의 차별화된 가치를 명확히 하는 것이 중요하구나."", ""evaluation"": {""sentences"": [{""sentence"": ""다만 타겟으로 잡고 있는 스트리밍 서비스들 중 가장 큰 유튜브와 넷플릭스 등에는 이미 키즈모드라는, 동건 학생이 말한 기능들을 수행해주고 있는 서비스들이 제공되고 있습니다."", ""categories"": ""Statement"", ""type"": ""Information"", ""knowledge"": ""Existing streaming services like YouTube and Netflix already offer a Kids Mode that performs similar functions."", ""evaluation"": {""specificity"": 6, ""justification"": 6, ""active"": 3, ""sentiment"": 0}}, {""sentence"": ""동건 학생이 제안하는 서비스가 갖는 차별점은 뭐라고 생각하시나요?"", ""categories"": ""Question"", ""type"": ""Comparison"", ""knowledge"": ""What differentiates the proposed service from existing ones?"", ""evaluation"": {""timely"": 6, ""relevance"": 7, ""high-level"": 5, ""sentiment"": 0}}]}, ""response"": {""answer"": ""키즈모드도 쓰기 좋은데, Safeview는 키즈모드를 넘어선 개인화된 필터링이라고 할 수 있어요. AI가 부모 설정을 기초로 각 영상마다 실시간 분석을 자동으로 해주니까 더 정밀하고 유연한 필터링이 될 거예요. 예를 들어, 키즈모드에서는 사용할 수 없는 추가 설정 기능이 많을 거예요.""}}"
11,2024-08-12 8:23:57,user_feedaback,"{""user_input"": ""그 추가설정을 좀 더 자세히 말씀해주실 수 있으실까요?"", ""category"": [{""sentence"": ""그 추가설정을 좀 더 자세히 말씀해주실 수 있으실까요?"", ""categories"": ""Question"", ""type"": ""Low-Level""}], ""new_knowledge"": [""Clarifying and detailing additional features can help in refining and enhancing the design.""], ""new_actionPlan"": [""Identify and elaborate on the specific additional settings and features that differentiate the design from existing solutions.""], ""new_thinking"": ""추가 설정 기능을 더 구체적으로 설명하면 디자인을 개선할 수 있겠구나."", ""evaluation"": {""sentences"": [{""sentence"": ""그 추가설정을 좀 더 자세히 말씀해주실 수 있으실까요?"", ""categories"": ""Question"", ""type"": ""Low-Level"", ""knowledge"": ""The mentor is asking for more details about the additional settings in the proposed service."", ""evaluation"": {""timely"": 5, ""relevance"": 5, ""high-level"": 1, ""specificity"": 0, ""justification"": 0, ""active"": 0, ""sentiment"": 0}}]}, ""response"": {""answer"": ""네, 추가설정 예시로는 부모가 특정 주제나 카테고리를 필터링할 수 있는 기능이 포함될 수 있어요. 예를 들어, 폭력적인 요소가 있는 콘텐츠를 차단하거나 특정 언어를 사용하는 영상만 보이게 설정할 수 있어요. 또한, 아이의 관심사에 맞춘 콘텐츠 추천 기능도 추가될 수 있어요.""}}"
11,2024-08-12 8:25:18,user_feedaback,"{""user_input"": ""좋습니다. 개인화 알고리즘을 곁들여 컨텐츠를 선택하는 방법을 좀 더 개인화할 수 있다는 점이 핵심이겠네요."", ""category"": [{""sentence"": ""개인화 알고리즘을 곁들여 컨텐츠를 선택하는 방법을 좀 더 개인화할 수 있다는 점이 핵심이겠네요."", ""categories"": ""Statement"", ""type"": ""Evaluation""}], ""new_knowledge"": [""Personalization is a key factor in enhancing user experience.""], ""new_actionPlan"": [""Focus on developing advanced personalization features to differentiate the design from existing solutions.""], ""new_thinking"": ""개인화된 기능이 사용자 경험을 향상시키는 핵심 요소구나."", ""evaluation"": {""sentences"": [{""sentence"": ""개인화 알고리즘을 곁들여 컨텐츠를 선택하는 방법을 좀 더 개인화할 수 있다는 점이 핵심이겠네요."", ""categories"": ""Statement"", ""type"": ""Evaluation"", ""knowledge"": ""The key point is the ability to personalize content selection using a personalized algorithm."", ""evaluation"": {""specificity"": 5, ""justification"": 4, ""active"": 3, ""sentiment"": 1}}]}, ""response"": {""answer"": ""네, 맞아요. Safeview는 부모 기준에 맞춘 세부적이고 개인화된 설정을 통해 아이들이 더 안전하게 온라인 콘텐츠를 소비할 수 있도록 도와줄겁니다. 😊""}}"
11,2024-08-12 8:25:19,student_question,"{""question"": ""추가 설정 기능을 더 구체적으로 발전시키기 위해 어떤 방향으로 연구를 진행해야 할까요?""}"
11,2024-08-12 8:28:13,user_feedaback,"{""user_input"": ""아이들이 본격적으로 폭력적이거나 선정적인 컨텐츠들에 노출되는 시기를 찾고 거기서 일어나는 변화들을 분석하는게 어떨까 싶습니다. 강력하고 일관된 방침으로 컨텐츠들을 거르는 키즈모드와 같은 필터에서 벗어난 아이들의 연령대와 그 아이들이 어떤 컨텐츠를 소비하는지, 연령대 전반적인 컨텐츠 트렌드를 연구하는 것도 하나의 방법같아 보이네요."", ""category"": [{""sentence"": ""아이들이 본격적으로 폭력적이거나 선정적인 컨텐츠들에 노출되는 시기를 찾고 거기서 일어나는 변화들을 분석하는게 어떨까 싶습니다."", ""categories"": ""Statement"", ""type"": ""Recommendation""}, {""sentence"": ""강력하고 일관된 방침으로 컨텐츠들을 거르는 키즈모드와 같은 필터에서 벗어난 아이들의 연령대와 그 아이들이 어떤 컨텐츠를 소비하는지, 연령대 전반적인 컨텐츠 트렌드를 연구하는 것도 하나의 방법같아 보이네요."", ""categories"": ""Statement"", ""type"": ""Recommendation""}], ""new_knowledge"": [""Understanding the context and timing of content exposure is crucial for effective content filtering."", ""Understanding the broader trends and preferences of the target age group can enhance the design's relevance and effectiveness.""], ""new_actionPlan"": [""Research and develop methods to analyze and filter content based on the context and timing of exposure to ensure more effective protection."", ""Research the general content consumption trends and preferences of children within the target age group to inform the design.""], ""new_thinking"": ""콘텐츠 노출의 맥락과 시기를 이해하는 것이 효과적인 필터링에 중요하구나. 타겟 연령대 아이들의 콘텐츠 소비 트렌드를 연구하는 것이 디자인의 효과를 높이는 데 도움이 될 수 있겠어."", ""evaluation"": {""sentences"": [{""sentence"": ""아이들이 본격적으로 폭력적이거나 선정적인 컨텐츠들에 노출되는 시기를 찾고 거기서 일어나는 변화들을 분석하는게 어떨까 싶습니다."", ""categories"": ""Statement"", ""type"": ""Recommendation"", ""knowledge"": ""Analyze the timing and changes when children are exposed to violent or explicit content."", ""evaluation"": {""specificity"": 5, ""justification"": 4, ""active"": 5, ""sentiment"": 0}}, {""sentence"": ""강력하고 일관된 방침으로 컨텐츠들을 거르는 키즈모드와 같은 필터에서 벗어난 아이들의 연령대와 그 아이들이 어떤 컨텐츠를 소비하는지, 연령대 전반적인 컨텐츠 트렌드를 연구하는 것도 하나의 방법같아 보이네요."", ""categories"": ""Statement"", ""type"": ""Recommendation"", ""knowledge"": ""Research the age groups and content consumption trends of children who do not use strong filters like Kids Mode."", ""evaluation"": {""specificity"": 5, ""justification"": 4, ""active"": 5, ""sentiment"": 0}}]}, ""response"": {""answer"": ""그럼 아이들이 주로 사용하는 연령대별 콘텐츠 소비 트렌드를 조사하는 것이 중요하겠네요. 또한, 키즈모드에서 벗어난 연령대 아이들이 어떤 새로운 콘텐츠에 노출되는지와 그 변화들을 분석해 보겠습니다. 그 데이터 기반으로 더욱 정교한 필터링 설정을 개발할 수 있을 것 같아요.""}}"
11,2024-08-12 8:33:50,user_feedaback,"{""user_input"": ""제 개인적인 의견을 하나 말씀드리자면, 컨텐츠를 주체적으로 소비하기 시작하는 아이들의 연령대가 점차 앞당겨지고 있는 추세라는걸 알고 계실겁니다. 그에 따라 부모의 알고리즘 통제가 함께 바뀌어야 하는데, 부모의 입장에서도 유연한 통제는 쉽지 않을 것이고, 또래와의 소통이 늘어나면서 부모의 통제에 대한 반발심도 중요한 요소라고 생각합니다. 이를 함께 신경써주시면 좋을 거 같습니다 "", ""category"": [{""sentence"": ""제 개인적인 의견을 하나 말씀드리자면, 컨텐츠를 주체적으로 소비하기 시작하는 아이들의 연령대가 점차 앞당겨지고 있는 추세라는걸 알고 계실겁니다."", ""categories"": ""Statement"", ""type"": ""Information""}, {""sentence"": ""그에 따라 부모의 알고리즘 통제가 함께 바뀌어야 하는데, 부모의 입장에서도 유연한 통제는 쉽지 않을 것이고, 또래와의 소통이 늘어나면서 부모의 통제에 대한 반발심도 중요한 요소라고 생각합니다."", ""categories"": ""Statement"", ""type"": ""Evaluation""}, {""sentence"": ""이를 함께 신경써주시면 좋을 거 같습니다"", ""categories"": ""Statement"", ""type"": ""Recommendation""}], ""new_knowledge"": [""Understanding the gradual shift in content consumption patterns across different age groups is essential for designing effective content filtering solutions."", ""Balancing parental control with children's autonomy is crucial for effective content management."", ""Collaborating with others can provide valuable insights and improvements.""], ""new_actionPlan"": [""Research and analyze the content consumption patterns of children across different age groups to develop more precise and effective filtering settings."", ""Research and implement features that allow for a balanced approach between parental control and children's autonomy in content filtering."", ""Seek feedback and collaborate with other stakeholders to refine and enhance the design.""], ""new_thinking"": ""아이들이 콘텐츠 소비를 시작하는 연령대가 점차 앞당겨지고 있다는 것을 알아야겠어. 부모의 통제와 아이들의 자율성을 균형 있게 맞추는 것이 중요하구나. 다른 사람들과 협력하면 귀중한 통찰력과 개선점을 얻을 수 있겠구나."", ""evaluation"": {""sentences"": [{""sentence"": ""제 개인적인 의견을 하나 말씀드리자면, 컨텐츠를 주체적으로 소비하기 시작하는 아이들의 연령대가 점차 앞당겨지고 있는 추세라는걸 알고 계실겁니다."", ""categories"": ""Statement"", ""type"": ""Information"", ""knowledge"": ""Children are starting to consume content independently at younger ages."", ""evaluation"": {""specificity"": 5, ""justification"": 4, ""active"": 3, ""sentiment"": 0}}, {""sentence"": ""그에 따라 부모의 알고리즘 통제가 함께 바뀌어야 하는데, 부모의 입장에서도 유연한 통제는 쉽지 않을 것이고, 또래와의 소통이 늘어나면서 부모의 통제에 대한 반발심도 중요한 요소라고 생각합니다."", ""categories"": ""Statement"", ""type"": ""Evaluation"", ""knowledge"": ""Parental control algorithms need to adapt as children start consuming content independently, but flexible control is challenging and resistance from children is a significant factor."", ""evaluation"": {""specificity"": 5, ""justification"": 5, ""active"": 4, ""sentiment"": 0}}, {""sentence"": ""이를 함께 신경써주시면 좋을 거 같습니다"", ""categories"": ""Statement"", ""type"": ""Recommendation"", ""knowledge"": ""Consider the challenges of flexible parental control and children's resistance."", ""evaluation"": {""specificity"": 4, ""justification"": 4, ""active"": 5, ""sentiment"": 1}}]}, ""response"": {""answer"": ""네, 맞아요. 연령대가 어린 아이들도 요즘에는 주체적으로 콘텐츠를 소비하기 시작하더라고요. 그래서 부모가 너무 엄격한 통제를 하면 아이들이 반발할 수 있죠. Safeview는 이런 점을 고려해서 일정 범위 내에서 부모와 아이가 함께 설정할 수 있는 유연한 통제 옵션을 제공하려고 해요.""}}"
11,2024-08-12 8:33:51,student_question,"{""question"": ""부모와 아이의 유연한 통제 옵션을 제공하면서도 효과적인 필터링을 유지하는 방법에 대해 좀 더 구체적으로 어떤 방향성을 생각해보면 좋을까요?""}"
11,2024-08-12 8:35:05,user_feedaback,"{""user_input"": ""부모는 다른 부모들에게서 의견을 묻고, 아이들은 또래들과 자신이 소비하는 컨텐츠를 공유합니다. 소셜라이징 차원에서 할 수 있는 것들이 많아보이는데 어떻게 생각하세요?"", ""category"": [{""sentence"": ""부모는 다른 부모들에게서 의견을 묻고, 아이들은 또래들과 자신이 소비하는 컨텐츠를 공유합니다."", ""categories"": ""Statement"", ""type"": ""Information""}, {""sentence"": ""소셜라이징 차원에서 할 수 있는 것들이 많아보이는데 어떻게 생각하세요?"", ""categories"": ""Question"", ""type"": ""Generate Design""}], ""new_knowledge"": [""Gathering feedback from other users can provide valuable insights for improving the design."", ""Exploring social networking features can enhance user engagement and community building.""], ""new_actionPlan"": [""Conduct surveys or interviews with parents and children to gather feedback on their content consumption habits and preferences."", ""Investigate potential social networking features that can be integrated into the design to foster community and engagement.""], ""new_thinking"": ""다른 사용자들로부터 피드백을 수집하는 것이 디자인 개선에 유용할 수 있겠어. 소셜 네트워킹 기능을 탐구하면 사용자 참여와 커뮤니티 형성을 강화할 수 있겠어."", ""evaluation"": {""sentences"": [{""sentence"": ""부모는 다른 부모들에게서 의견을 묻고, 아이들은 또래들과 자신이 소비하는 컨텐츠를 공유합니다."", ""categories"": ""Statement"", ""type"": ""Information"", ""knowledge"": ""Parents seek opinions from other parents, and children share the content they consume with peers."", ""evaluation"": {""specificity"": 4, ""justification"": 3, ""active"": 2, ""sentiment"": 0}}, {""sentence"": ""소셜라이징 차원에서 할 수 있는 것들이 많아보이는데 어떻게 생각하세요?"", ""categories"": ""Question"", ""type"": ""Generate Design"", ""knowledge"": ""There are many possibilities for socializing aspects."", ""evaluation"": {""timely"": 5, ""relevance"": 5, ""high-level"": 4, ""sentiment"": 0}}]}, ""response"": {""answer"": ""맞아요! 부모들이 다른 부모들과 의견을 공유하고 아이들도 친구들과 콘텐츠를 공유할 수 있는 소셜 기능을 추가하는 것도 좋은 방법이 될 것 같아요. 부모용 커뮤니티 기능을 통해 서로 경험을 나누고 추천 콘텐츠를 공유할 수 있게 하면 유용할 것 같아요. 아이들끼리도 안전한 환경에서 좋아하는 콘텐츠를 공유하고 이야기할 수 있는 플랫폼이 되면 좋겠어요.""}}"
11,2024-08-12 8:36:05,user_feedaback,"{""user_input"": ""좋습니다 다른 부분에서 궁금하신 점 있으신가요"", ""category"": [{""sentence"": ""다른 부분에서 궁금하신 점 있으신가요"", ""categories"": ""Question"", ""type"": ""Low-Level""}], ""new_knowledge"": [""Asking questions can reveal areas of interest or concern that need further exploration.""], ""new_actionPlan"": [""Identify and address any areas of interest or concern that have been raised during discussions.""], ""new_thinking"": ""질문을 통해 관심사나 우려되는 부분을 더 잘 파악할 수 있겠구나."", ""evaluation"": {""sentences"": [{""sentence"": ""다른 부분에서 궁금하신 점 있으신가요"", ""categories"": ""Question"", ""type"": ""Low-Level"", ""knowledge"": ""The mentor is asking if the student has any other questions."", ""evaluation"": {""timely"": 3, ""relevance"": 2, ""high-level"": 1, ""specificity"": 0, ""justification"": 0, ""active"": 0, ""sentiment"": 0}}]}, ""response"": {""answer"": ""선생님, AI 기반의 콘텐츠 분석 기술이 정확도를 유지하면서도 빠르게 작동할 수 있는 방법에 대해 알고 싶습니다. 이 부분에서 더 연구해볼 수 있는 방향이 있을까요?""}}"
11,2024-08-12 8:37:37,user_feedaback,"{""user_input"": ""아쉽게도 선생님이 AI에 대해서 깊게 얘기해줄 수 있는건 동건 학생보다도 적을 수 있어요. 관련 분야에 대한 질문이 있으시다면 이걸 잘 알고 있는 다른 선생님께 부탁드려볼게요. 괜찮을까요?"", ""category"": [{""sentence"": ""아쉽게도 선생님이 AI에 대해서 깊게 얘기해줄 수 있는건 동건 학생보다도 적을 수 있어요."", ""categories"": ""Statement"", ""type"": ""Information""}, {""sentence"": ""관련 분야에 대한 질문이 있으시다면 이걸 잘 알고 있는 다른 선생님께 부탁드려볼게요."", ""categories"": ""Statement"", ""type"": ""Recommendation""}, {""sentence"": ""괜찮을까요?"", ""categories"": ""Question"", ""type"": ""Verification""}], ""new_knowledge"": [""Seeking expert advice can provide deeper insights into complex topics."", ""Seeking advice from experts can provide valuable insights and guidance."", ""Verifying assumptions and ideas with others can provide valuable insights and validation.""], ""new_actionPlan"": [""Consult with AI experts to gain a deeper understanding of AI-based content analysis and its implementation."", ""Reach out to experts in the field to ask specific questions and gain deeper insights into the design challenges."", ""Seek feedback from potential users and experts to validate the assumptions and ideas behind the design.""], ""new_thinking"": ""전문가의 조언을 구하면 복잡한 주제에 대한 더 깊은 통찰을 얻을 수 있겠구나. 전문가에게 조언을 구하면 귀중한 통찰력과 지침을 얻을 수 있겠구나. 다른 사람들과 아이디어를 검증하는 것이 중요하구나."", ""evaluation"": {""sentences"": [{""sentence"": ""아쉽게도 선생님이 AI에 대해서 깊게 얘기해줄 수 있는건 동건 학생보다도 적을 수 있어요."", ""categories"": ""Statement"", ""type"": ""Information"", ""knowledge"": ""The mentor admits limited knowledge about AI compared to the student."", ""evaluation"": {""specificity"": 5, ""justification"": 5, ""active"": 1, ""sentiment"": 0}}, {""sentence"": ""관련 분야에 대한 질문이 있으시다면 이걸 잘 알고 있는 다른 선생님께 부탁드려볼게요."", ""categories"": ""Statement"", ""type"": ""Recommendation"", ""knowledge"": ""The mentor suggests consulting another expert for AI-related questions."", ""evaluation"": {""specificity"": 5, ""justification"": 5, ""active"": 5, ""sentiment"": 1}}, {""sentence"": ""괜찮을까요?"", ""categories"": ""Question"", ""type"": ""Verification"", ""knowledge"": ""The mentor seeks confirmation from the student."", ""evaluation"": {""timely"": 5, ""relevance"": 5, ""high-level"": 3, ""sentiment"": 0}}]}, ""response"": {""answer"": ""알겠습니다! 일단 선생님께 부탁드리겠습니다. 다른 질문 있다면 말씀드릴게요.""}}"
11,2024-08-12 8:38:13,user_feedaback,"{""user_input"": ""네 이제 시간도 거의 됐겠다, 마지막으로 하고싶으신 말씀 있나요?"", ""category"": [{""sentence"": ""마지막으로 하고싶으신 말씀 있나요?"", ""categories"": ""Question"", ""type"": ""Low-Level""}], ""new_knowledge"": [""Asking questions can reveal areas of interest or concern that need further exploration.""], ""new_actionPlan"": [""Identify any remaining questions or uncertainties about the design and seek answers to them.""], ""new_thinking"": ""질문을 통해 아직 해결되지 않은 부분을 더 탐구할 수 있겠구나."", ""evaluation"": {""sentences"": [{""sentence"": ""마지막으로 하고싶으신 말씀 있나요?"", ""categories"": ""Question"", ""type"": ""Low-Level"", ""knowledge"": ""The mentor is asking if the student has any final comments."", ""evaluation"": {""timely"": 3, ""relevance"": 2, ""high-level"": 1, ""specificity"": 0, ""justification"": 0, ""active"": 0, ""sentiment"": 0}}]}, ""response"": {""answer"": ""네, 지금까지 피드백 주셔서 감사드립니다! 제가 제 아이디어를 좀 더 구체화하고 발전시킬 수 있는 좋은 방향들을 발견한 것 같아요. 앞으로 연구와 디자인 과정을 통해 더 좋은 결과를 만들어보겠습니다. 😊""}}"
11,2024-08-12 8:38:14,student_question,"{""question"": ""아이들간의 소셜 기능에서 안전한 환경을 제공하기 위한 방향성에 대해 어떻게 생각하시는지 궁금해요. 온라인에서 아이들이 안전하게 콘텐츠를 공유하고 소통하는데 필요한 고려사항이 있을까요?""}"
11,2024-08-12 8:41:31,user_feedaback,"{""user_input"": ""자녀가 소비하는 컨텐츠를 어떻게 생각하는지는 부모마다 다를테고, 선생님 개인적으로는 어떤 설문도 그 트렌드를 잘 반영하진 못한다고 생각해요. 가장 안전한 방법은 연령별로 소비해야 하는 컨텐츠에 대해 가이드라인을 국가에서 세워둔게 있을 테고, 의료기관에서 세운 게 있을 겁니다. 최대한 많은, 신뢰도 있는 통계자료를 취합해 최대한 많은 사람들에게 설득력있는 기준을 세우는게 좋아보여요"", ""category"": [{""sentence"": ""자녀가 소비하는 컨텐츠를 어떻게 생각하는지는 부모마다 다를테고,"", ""categories"": ""Statement"", ""type"": ""Information""}, {""sentence"": ""선생님 개인적으로는 어떤 설문도 그 트렌드를 잘 반영하진 못한다고 생각해요."", ""categories"": ""Statement"", ""type"": ""Evaluation""}, {""sentence"": ""가장 안전한 방법은 연령별로 소비해야 하는 컨텐츠에 대해 가이드라인을 국가에서 세워둔게 있을 테고, 의료기관에서 세운 게 있을 겁니다."", ""categories"": ""Statement"", ""type"": ""Information""}, {""sentence"": ""최대한 많은, 신뢰도 있는 통계자료를 취합해 최대한 많은 사람들에게 설득력있는 기준을 세우는게 좋아보여요"", ""categories"": ""Statement"", ""type"": ""Recommendation""}], ""new_knowledge"": [""Understanding how users perceive and interact with content is crucial for designing effective solutions."", ""Understanding broader trends and their impact on design is crucial."", ""Understanding the safest methods for content consumption by age group is crucial for effective content filtering."", ""Gathering reliable and extensive data can enhance the credibility and effectiveness of a design.""], ""new_actionPlan"": [""Conduct user research to understand how children perceive and interact with content to inform the design of Safeview."", ""Investigate how current trends influence the effectiveness of content filtering solutions."", ""Research and incorporate guidelines from national and medical institutions on age-appropriate content consumption into the design."", ""Conduct thorough research to collect reliable and extensive data to support the design's credibility and effectiveness.""], ""new_thinking"": ""사용자가 콘텐츠를 어떻게 인식하고 상호작용하는지 이해하는 것이 중요하구나. 더 넓은 트렌드와 그 영향력을 이해하는 것이 중요하구나. 연령별로 안전한 콘텐츠 소비 방법에 대한 가이드라인을 국가와 의료기관에서 참고해야겠어. 신뢰도 높은 데이터를 많이 수집하면 설계의 신뢰성과 효과를 높일 수 있겠구나."", ""evaluation"": {""sentences"": [{""sentence"": ""자녀가 소비하는 컨텐츠를 어떻게 생각하는지는 부모마다 다를테고,"", ""categories"": ""Statement"", ""type"": ""Information"", ""knowledge"": ""Parents have different opinions on the content their children consume."", ""evaluation"": {""specificity"": 5, ""justification"": 4, ""active"": 3, ""sentiment"": 0}}, {""sentence"": ""선생님 개인적으로는 어떤 설문도 그 트렌드를 잘 반영하진 못한다고 생각해요."", ""categories"": ""Statement"", ""type"": ""Evaluation"", ""knowledge"": ""Surveys may not accurately reflect trends."", ""evaluation"": {""specificity"": 4, ""justification"": 4, ""active"": 2, ""sentiment"": -1}}, {""sentence"": ""가장 안전한 방법은 연령별로 소비해야 하는 컨텐츠에 대해 가이드라인을 국가에서 세워둔게 있을 테고, 의료기관에서 세운 게 있을 겁니다."", ""categories"": ""Statement"", ""type"": ""Information"", ""knowledge"": ""There are national and medical guidelines for age-appropriate content consumption."", ""evaluation"": {""specificity"": 5, ""justification"": 5, ""active"": 3, ""sentiment"": 0}}, {""sentence"": ""최대한 많은, 신뢰도 있는 통계자료를 취합해 최대한 많은 사람들에게 설득력있는 기준을 세우는게 좋아보여요"", ""categories"": ""Statement"", ""type"": ""Recommendation"", ""knowledge"": ""Gathering reliable statistical data to set convincing standards is advisable."", ""evaluation"": {""specificity"": 5, ""justification"": 5, ""active"": 5, ""sentiment"": 1}}]}, ""response"": {""answer"": ""해당 피드백에 감사드립니다, 선생님! 국가와 의료기관의 가이드라인을 참고하여 연령별 적합한 콘텐츠의 기준을 세우는 것이 중요할 것 같네요. 이를 통해 Safeview의 필터링 기준을 더 신뢰성 있고 설득력 있게 만들 수 있을 것 같습니다. 😊""}}"
11,2024-08-12 8:41:35,student_question,"{""question"": ""선생님의 경험을 바탕으로, 아이들끼리 안전하게 소셜 기능을 사용할 수 있도록 디자인할 때 가장 중요한 고려사항이 무엇인지 궁금합니다.""}"
11,2024-08-12 8:41:59,update_idea,"{""title"": ""Safeview - 아동 안전 콘텐츠 필터링 익스텐션"", ""problem"": ""현대 가정에서 유튜브, 넷플릭스와 같은 스트리밍 서비스를 통해 다양한 콘텐츠를 시청하는 것은 일상적입니다. 이러한 플랫폼들은 이미 키즈모드와 같은 필터링 기능을 제공하고 있으나, 이는 때때로 제한적이고 표준화된 설정만을 제공하므로 모든 부모와 아동의 특별한 요구사항을 만족시키지 못합니다. 부모가 개별적으로 아동에게 적합한 콘텐츠를 세심하게 조정할 수 있는 더 자세하고 세분화된 필터링 도구의 필요성이 대두되고 있습니다."", ""idea"": ""Safeview는 부모가 자신의 아동에게 맞춤화된 콘텐츠 필터링을 설정할 수 있도록 돕는 AI 기반 익스텐션입니다. 이 익스텐션은 유튜브, 넷플릭스 등 주요 스트리밍 서비스에서 아동이 접근할 수 있는 콘텐츠를 실시간으로 분석하고 필터링합니다. 부모는 아동의 연령, 성향, 그리고 선호도에 따라 콘텐츠를 선별할 수 있는 다양한 설정을 제공받게 됩니다. 이는 폭력적 요소나 부적절한 언어 사용을 차단하고, 특정 주제나 취미에 관련된 콘텐츠를 추천해주는 기능을 포함합니다. 또한, Safeview는 부모와 아동 간의 대화를 촉진하여 서로의 견해를 이해하고 공유하는 소셜 기능도 제공하며, 신뢰성 있는 데이터와 국가 및 의료기관의 가이드라인에 따라 안전하고 연령에 적합한 콘텐츠만을 사용자에게 제공합니다.""}"
11,2024-08-12 8:43:23,finish,