user_id,timestamp,tag,data
12,2024-08-13 12:39:06,start,
12,2024-08-13 12:40:40,user_feedaback,"{""user_input"": ""학생증을 사용해 기숙사에 출입하는 시스템을 활동한다고 했는데, 정확하게 어떠한 방식으로 이게 작동하는지 알려줄 수 있을까?"", ""category"": [{""sentence"": ""학생증을 사용해 기숙사에 출입하는 시스템을 활동한다고 했는데,"", ""categories"": ""Question"", ""type"": ""Low-Level""}, {""sentence"": ""정확하게 어떠한 방식으로 이게 작동하는지 알려줄 수 있을까?"", ""categories"": ""Question"", ""type"": ""Instrumental/Procedural""}], ""new_knowledge"": [""Consider the feasibility and practicality of integrating existing systems with new design features."", ""Understanding the exact mechanism of how a system works is crucial for its effective implementation.""], ""new_actionPlan"": [""Evaluate the current student ID system's compatibility with the proposed automatic control system for air conditioning and lighting."", ""Investigate and clearly define the operational mechanism of the proposed system to ensure its effectiveness.""], ""new_thinking"": ""기존 시스템과 새로운 디자인 기능을 통합하는 것이 실현 가능하고 실용적인지 고려해야겠어. 시스템이 정확히 어떻게 작동하는지 이해하는 것이 중요하구나."", ""evaluation"": {""sentences"": [{""sentence"": ""학생증을 사용해 기숙사에 출입하는 시스템을 활동한다고 했는데,"", ""categories"": ""Question"", ""type"": ""Low-Level"", ""knowledge"": ""The feedback is asking about the use of student ID for dormitory access."", ""evaluation"": {""timely"": 5, ""relevance"": 5, ""high-level"": 1, ""specificity"": 0, ""justification"": 0, ""active"": 0, ""sentiment"": 0}}, {""sentence"": ""정확하게 어떠한 방식으로 이게 작동하는지 알려줄 수 있을까?"", ""categories"": ""Question"", ""type"": ""Instrumental/Procedural"", ""knowledge"": ""The feedback is asking for a detailed explanation of how the system works."", ""evaluation"": {""timely"": 5, ""relevance"": 5, ""high-level"": 3, ""specificity"": 0, ""justification"": 0, ""active"": 0, ""sentiment"": 0}}]}, ""response"": {""answer"": ""네, 학생증에는 RFID나 NFC 칩이 내장되어 있어요. 출입 게이트나 기숙사 방 도어락에 태그하면 시스템이 외출 여부를 인식하고, 방 안의 에어컨과 전등을 자동으로 제어하는 거예요. 외출 시 자동으로 전원을 끄게 만드는 거죠.""}}"
12,2024-08-13 12:44:44,user_feedaback,"{""user_input"": ""설명해줘서 고마워, 하지만 태그하는 방식은 이 사람이 계속 방에 있는지를 알기 어렵지 않을까? 너가 생각한 방법은 태그하고 방에 있는것처럼 하고 나가는 경우 등의 케이스가 생길 수 있을 것 같아, 조금 더 확실하게 이 사람이 기숙사 방 안에 있는지 확인 할 수 있는 방법이 필요할 것 같아. 추가적인 외부 디바이스나 핸드폰의 GPS 정보 등을 활용해 보는 건 어떨까?"", ""category"": [{""sentence"": ""하지만 태그하는 방식은 이 사람이 계속 방에 있는지를 알기 어렵지 않을까?"", ""categories"": ""Question"", ""type"": ""Deep Reasoning""}, {""sentence"": ""너가 생각한 방법은 태그하고 방에 있는것처럼 하고 나가는 경우 등의 케이스가 생길 수 있을 것 같아,"", ""categories"": ""Statement"", ""type"": ""Evaluation""}, {""sentence"": ""조금 더 확실하게 이 사람이 기숙사 방 안에 있는지 확인 할 수 있는 방법이 필요할 것 같아."", ""categories"": ""Statement"", ""type"": ""Evaluation""}, {""sentence"": ""추가적인 외부 디바이스나 핸드폰의 GPS 정보 등을 활용해 보는 건 어떨까?"", ""categories"": ""Statement"", ""type"": ""Recommendation""}], ""new_knowledge"": [""Consider potential challenges in accurately detecting user presence in a space."", ""Consider potential edge cases and exceptions in your design."", ""Ensuring accurate detection of user presence is essential for effective system operation."", ""Consider leveraging additional external devices or technologies to enhance the system's functionality.""], ""new_actionPlan"": [""Investigate and implement additional sensors or methods to accurately detect user presence in the room."", ""Identify and address potential edge cases where the system might not function as intended, such as when a student forgets their ID card."", ""Investigate and implement reliable methods to confirm user presence in the room to enhance system accuracy."", ""Explore the possibility of integrating GPS information from smartphones or other devices to improve the accuracy of detecting whether a room is occupied.""], ""new_thinking"": ""사용자의 존재를 정확히 감지하는 것이 어려울 수 있다는 점을 고려해야겠어. 디자인에서 발생할 수 있는 예외 상황과 엣지 케이스를 고려해야 해. 사용자의 존재를 정확하게 감지하는 것이 시스템의 효과적인 운영에 필수적이구나. 추가적인 외부 기기나 기술을 활용하면 시스템의 기능을 향상시킬 수 있겠구나."", ""evaluation"": {""sentences"": [{""sentence"": ""하지만 태그하는 방식은 이 사람이 계속 방에 있는지를 알기 어렵지 않을까?"", ""categories"": ""Question"", ""type"": ""Deep Reasoning"", ""knowledge"": ""태그 방식으로는 사람이 방에 있는지 확인하기 어려움."", ""evaluation"": {""timely"": 5, ""relevance"": 5, ""high-level"": 5, ""specificity"": 0, ""justification"": 0, ""active"": 0, ""sentiment"": 0}}, {""sentence"": ""너가 생각한 방법은 태그하고 방에 있는것처럼 하고 나가는 경우 등의 케이스가 생길 수 있을 것 같아,"", ""categories"": ""Statement"", ""type"": ""Evaluation"", ""knowledge"": ""태그 후 방에 있는 것처럼 속일 수 있는 가능성."", ""evaluation"": {""timely"": 0, ""relevance"": 0, ""high-level"": 0, ""specificity"": 5, ""justification"": 5, ""active"": 5, ""sentiment"": 0}}, {""sentence"": ""조금 더 확실하게 이 사람이 기숙사 방 안에 있는지 확인 할 수 있는 방법이 필요할 것 같아."", ""categories"": ""Statement"", ""type"": ""Evaluation"", ""knowledge"": ""더 확실한 방법이 필요함."", ""evaluation"": {""timely"": 0, ""relevance"": 0, ""high-level"": 0, ""specificity"": 5, ""justification"": 5, ""active"": 5, ""sentiment"": 0}}, {""sentence"": ""추가적인 외부 디바이스나 핸드폰의 GPS 정보 등을 활용해 보는 건 어떨까?"", ""categories"": ""Statement"", ""type"": ""Recommendation"", ""knowledge"": ""외부 디바이스나 핸드폰 GPS 정보 활용 제안."", ""evaluation"": {""timely"": 0, ""relevance"": 0, ""high-level"": 0, ""specificity"": 5, ""justification"": 5, ""active"": 5, ""sentiment"": 1}}]}, ""response"": {""answer"": ""음, 태그만으로는 부족할 수 있겠네요. 폰 GPS 정보도 좋은 아이디어인 것 같아요. IoT 센서랑 결합하면 더 정확하게 될 듯요.""}}"
12,2024-08-13 12:45:27,update_idea,"{""title"": ""기숙사 탄소 배출을 줄이는 지능형 출입 시스템"", ""problem"": ""기숙사 사용자가 방에 없는데 에어컨이나 전등이 켜져 있어 불필요하게 에너지를 낭비하는 경우가 많음."", ""idea"": ""학생증에 내장된 RFID나 NFC 칩과 IoT 센서, 그리고 스마트폰의 GPS 정보를 활용하여 기숙사 방의 사용자 존재 여부를 더 정확하게 감지하는 지능형 시스템을 도입할 예정입니다. 이 시스템은 사용자가 기숙사 방에 들어올 때와 나갈 때 학생증을 태그하는 것으로 방에 있는지 여부를 판단합니다. 또한, 방 내부에 설치된 IoT 움직임 감지 센서와 사용자의 스마트폰 GPS 위치 정보를 결합해 사용자가 실제로 방에 없을 때에는 에어컨과 전등이 자동으로 꺼지도록 합니다. 이렇게 하면, 학생이 ID 카드를 두고 나가거나 태그를 하지 않고 나가는 경우에도 시스템이 방의 사용 상태를 정확하게 파악할 수 있습니다. 또한, 이 시스템은 학생들이 기숙사 방을 사용하지 않는 시간이 길어질 경우, 중앙 제어 시스템에 알림을 보내어 관리자가 관련 조치를 취할 수 있도록 지원합니다. 이 시스템을 통해 기숙사 내에서의 에너지 사용을 최적화하고 탄소 배출을 효과적으로 줄일 수 있을 것입니다.""}"
12,2024-08-13 12:47:52,user_feedaback,"{""user_input"": ""좋아, 그럼 너가 만든 시스템은 학생들이 적극적으로 참여해야 좋을 것 같은데, 단순히 에너지 낭비를 줄이는 목적만으로는 많은 사람들의 참여를 도와주기는 어려울 것 같아, 혹시 많은 학생들의 자발적이고 적극적인 참여를 위해 고민해 본 아이디어가 있아?"", ""category"": [{""sentence"": ""좋아, 그럼 너가 만든 시스템은 학생들이 적극적으로 참여해야 좋을 것 같은데,"", ""categories"": ""Statement"", ""type"": ""Evaluation""}, {""sentence"": ""단순히 에너지 낭비를 줄이는 목적만으로는 많은 사람들의 참여를 도와주기는 어려울 것 같아,"", ""categories"": ""Statement"", ""type"": ""Evaluation""}, {""sentence"": ""혹시 많은 학생들의 자발적이고 적극적인 참여를 위해 고민해 본 아이디어가 있아?"", ""categories"": ""Question"", ""type"": ""Generate Design""}], ""new_knowledge"": [""User engagement is crucial for the success of a system."", ""Consider user engagement and motivation when designing systems aimed at reducing energy consumption."", ""Consider how to encourage active and voluntary participation from users in your design.""], ""new_actionPlan"": [""Design the system to encourage active participation from users."", ""Incorporate features that encourage and reward user participation in energy-saving efforts."", ""Explore ways to motivate students to actively and voluntarily engage with the system, such as through incentives or awareness campaigns.""], ""new_thinking"": ""사용자 참여가 시스템의 성공에 중요하구나. 단순히 에너지 절약을 목표로 하는 것만으로는 많은 사람들의 참여를 도와주기 어려울 것 같아. 사용자들이 자발적이고 적극적으로 참여하도록 유도하는 방법을 고민해야겠어."", ""evaluation"": {""sentences"": [{""sentence"": ""좋아, 그럼 너가 만든 시스템은 학생들이 적극적으로 참여해야 좋을 것 같은데,"", ""categories"": ""Statement"", ""type"": ""Evaluation"", ""knowledge"": ""The system requires active participation from students."", ""evaluation"": {""specificity"": 5, ""justification"": 4, ""active"": 5, ""sentiment"": 1}}, {""sentence"": ""단순히 에너지 낭비를 줄이는 목적만으로는 많은 사람들의 참여를 도와주기는 어려울 것 같아,"", ""categories"": ""Statement"", ""type"": ""Evaluation"", ""knowledge"": ""Reducing energy waste alone may not be enough to encourage participation."", ""evaluation"": {""specificity"": 5, ""justification"": 5, ""active"": 4, ""sentiment"": 0}}, {""sentence"": ""혹시 많은 학생들의 자발적이고 적극적인 참여를 위해 고민해 본 아이디어가 있아?"", ""categories"": ""Question"", ""type"": ""Generate Design"", ""knowledge"": ""Consider ideas to encourage voluntary and active participation from students."", ""evaluation"": {""timely"": 5, ""relevance"": 5, ""high-level"": 5, ""sentiment"": 1}}]}, ""response"": {""answer"": ""학생들이 적극적으로 참여하도록 유도하려면 보상 시스템, 예를 들어 포인트 적립제를 도입할 수 있을 것 같아요. 포인트를 모아 학교 카페 할인 쿠폰이나 기타 혜택으로 교환할 수 있게 하면 좋을 듯해요.""}}"
12,2024-08-13 12:49:51,user_feedaback,"{""user_input"": ""좋은 것 같아. 아니면 참여 학생이 한 행동으로 얼마만큼의 에너지를 절약했는지 알려주는 것도 하나의 방법이 될 수 있을 것 같아. 예를 들어 \""오늘 석유 10L 만큼의 전기를 절약했어요\""와 같은 문장등을 이용하는것처럼"", ""category"": [{""sentence"": ""좋은 것 같아."", ""categories"": ""Statement"", ""type"": ""Evaluation""}, {""sentence"": ""아니면 참여 학생이 한 행동으로 얼마만큼의 에너지를 절약했는지 알려주는 것도 하나의 방법이 될 수 있을 것 같아."", ""categories"": ""Statement"", ""type"": ""Recommendation""}, {""sentence"": ""예를 들어 \""오늘 석유 10L 만큼의 전기를 절약했어요\""와 같은 문장등을 이용하는것처럼"", ""categories"": ""Statement"", ""type"": ""Recommendation""}], ""new_knowledge"": [""Positive feedback indicates that the current design idea is on the right track."", ""Consider providing feedback to users about their energy-saving actions to enhance engagement."", ""Using specific and relatable examples can help in communicating the impact of energy-saving measures.""], ""new_actionPlan"": [""Continue refining and developing the current design idea while considering any additional improvements."", ""Implement a feature that informs students about the amount of energy they have saved through their actions."", ""Incorporate specific and relatable examples to illustrate the benefits of the energy-saving system to users.""], ""new_thinking"": ""현재 디자인 아이디어가 올바른 방향으로 가고 있다는 긍정적인 피드백을 받았어. 학생들에게 에너지 절약 행동에 대한 피드백을 제공하면 참여도가 높아질 수 있겠어. 구체적이고 공감할 수 있는 예시를 사용하면 에너지 절약 조치의 영향을 더 잘 전달할 수 있겠어."", ""evaluation"": {""sentences"": [{""sentence"": ""좋은 것 같아."", ""categories"": ""Statement"", ""type"": ""Evaluation"", ""knowledge"": ""The idea is perceived positively."", ""evaluation"": {""specificity"": 1, ""justification"": 1, ""active"": 1, ""sentiment"": 1}}, {""sentence"": ""아니면 참여 학생이 한 행동으로 얼마만큼의 에너지를 절약했는지 알려주는 것도 하나의 방법이 될 수 있을 것 같아."", ""categories"": ""Statement"", ""type"": ""Recommendation"", ""knowledge"": ""Informing students about the amount of energy saved by their actions can encourage participation."", ""evaluation"": {""specificity"": 5, ""justification"": 5, ""active"": 5, ""sentiment"": 1}}, {""sentence"": ""예를 들어 \""오늘 석유 10L 만큼의 전기를 절약했어요\""와 같은 문장등을 이용하는것처럼"", ""categories"": ""Statement"", ""type"": ""Recommendation"", ""knowledge"": ""Using specific examples like 'saved 10L of oil worth of electricity' can make the impact more tangible."", ""evaluation"": {""specificity"": 5, ""justification"": 5, ""active"": 5, ""sentiment"": 1}}]}, ""response"": {""answer"": ""네, 학생들의 행동이 바로 눈에 보이도록 실시간 에너지 절약 정보를 제공하는 것도 좋을 것 같아요. 작은 변화로 큰 효과를 만들 수 있다는 걸 강조하면 참여 유도가 될 것 같아요.""}}"
12,2024-08-13 12:50:57,update_idea,"{""title"": ""기숙사 탄소 배출을 줄이는 지능형 출입 시스템 업그레이드"", ""problem"": ""기숙사에서 에너지 낭비가 심각하고, 학생들이 에너지 절약에 적극적으로 참여하지 않는 문제"", ""idea"": ""학생증의 RFID/NFC 칩과 스마트폰의 GPS, IoT 센서를 이용해 정확한 사용자의 위치와 활동을 감지하여 에어컨과 전등의 자동 제어가 가능한 시스템입니다. 학생들이 적극적으로 참여할 수 있도록 하기 위해 다음과 같은 업데이트를 제안합니다: 1. 사용자가 자신의 실제 에너지 절약량을 확인할 수 있는 대시보드를 도입하여, 예를 들어 '오늘 당신은 석유 10L를 절약했습니다'라는 실시간 피드백을 제공합니다. 2. 에너지 절약 활동에 따라 포인트를 적립하고, 적립된 포인트는 학교 카페나 서점에서 사용할 수 있는 할인 쿠폰으로 교환할 수 있는 인센티브 프로그램을 마련합니다. 3. 학생들이 자발적으로 시스템에 참여하도록 독려하기 위해 에너지 절약과 관련된 캠페인과 워크샵을 정기적으로 진행합니다. 이러한 기능들을 통해 학생들이 기숙사 내에서의 에너지 사용을 최적화하고 탄소 배출을 줄이는데 적극적으로 기여할 수 있도록 돕습니다.""}"
12,2024-08-13 12:52:49,user_feedaback,"{""user_input"": ""어느정도 아이디어가 구체화 된것 같아. 혹시 지금까지 같이 수정해본 아이디어중에 너가 더 강조하고 싶거나 추가하고 싶은 아이디어나, 빼고 싶은 아이디어가 있으면 말해줘"", ""category"": [{""sentence"": ""어느정도 아이디어가 구체화 된것 같아."", ""categories"": ""Statement"", ""type"": ""Evaluation""}, {""sentence"": ""혹시 지금까지 같이 수정해본 아이디어중에 너가 더 강조하고 싶거나 추가하고 싶은 아이디어나, 빼고 싶은 아이디어가 있으면 말해줘"", ""categories"": ""Question"", ""type"": ""Generate Design""}], ""new_knowledge"": [""Validating the feasibility of an idea is crucial before implementation."", ""Continuously refining and expanding design ideas can lead to more innovative solutions.""], ""new_actionPlan"": [""Conduct a feasibility study to ensure the proposed system can be effectively integrated and operated."", ""Review the current design and identify areas where additional features or improvements can be made.""], ""new_thinking"": ""아이디어의 실현 가능성을 검증하는 것이 중요하구나. 지금까지 생각한 아이디어 중 더 강조하거나 추가하고 싶은 부분이 있는지 고민해봐야겠어."", ""evaluation"": {""sentences"": [{""sentence"": ""어느정도 아이디어가 구체화 된것 같아."", ""categories"": ""Statement"", ""type"": ""Evaluation"", ""knowledge"": ""The idea has become more concrete."", ""evaluation"": {""specificity"": 3, ""justification"": 2, ""active"": 1, ""sentiment"": 1}}, {""sentence"": ""혹시 지금까지 같이 수정해본 아이디어중에 너가 더 강조하고 싶거나 추가하고 싶은 아이디어나, 빼고 싶은 아이디어가 있으면 말해줘"", ""categories"": ""Question"", ""type"": ""Generate Design"", ""knowledge"": ""Ask if there are any ideas to emphasize, add, or remove."", ""evaluation"": {""timely"": 5, ""relevance"": 5, ""high-level"": 4, ""sentiment"": 1}}]}, ""response"": {""answer"": ""선생님, 보상 시스템 아이디어를 더 강조하고 싶어요. 에너지 절약 포인트와 할인 쿠폰이 학생들 참여를 촉진할 것 같아요. 추가적으로, 정기적인 캠페인과 워크샵도 빼놓지 않고 싶어요.""}}"
12,2024-08-13 12:54:52,user_feedaback,"{""user_input"": ""너가 말해준 보상 시스템인 학교 카페나 서점에서 사용할 수 있는 포인트 외에 다른 아이디어를 주고 싶다는거지? 그렇다면 학생들이 무엇을 좋아하고 자주 이용하는지 알아보면 좋을 것 같아. 학교 안에서도 특히나 많이, 자주 이용하는 곳이 있다면 그곳의 관계자와 이야기해 협업을 할 수 도 있을 것 같아."", ""category"": [{""sentence"": ""너가 말해준 보상 시스템인 학교 카페나 서점에서 사용할 수 있는 포인트 외에 다른 아이디어를 주고 싶다는거지?"", ""categories"": ""Question"", ""type"": ""Generate Design""}, {""sentence"": ""그렇다면 학생들이 무엇을 좋아하고 자주 이용하는지 알아보면 좋을 것 같아."", ""categories"": ""Statement"", ""type"": ""Recommendation""}, {""sentence"": ""학교 안에서도 특히나 많이, 자주 이용하는 곳이 있다면 그곳의 관계자와 이야기해 협업을 할 수 도 있을 것 같아."", ""categories"": ""Statement"", ""type"": ""Recommendation""}], ""new_knowledge"": [""Exploring additional reward mechanisms can enhance user engagement."", ""Understanding user preferences and behaviors can enhance system design."", ""Collaborating with stakeholders can enhance the effectiveness of a design.""], ""new_actionPlan"": [""Investigate and propose other reward mechanisms beyond points and coupons to further motivate user participation."", ""Conduct a survey or research to identify what students like and frequently use to tailor the system accordingly."", ""Engage with stakeholders to discuss potential collaborations for the design implementation.""], ""new_thinking"": ""보상 시스템 외에도 다른 보상 메커니즘을 탐구해보는 것이 사용자 참여를 높일 수 있겠구나. 학생들이 무엇을 좋아하고 자주 사용하는지 알면 시스템 설계에 도움이 되겠어. 이해관계자와 협력하면 디자인의 효과를 높일 수 있겠어."", ""evaluation"": {""sentences"": [{""sentence"": ""너가 말해준 보상 시스템인 학교 카페나 서점에서 사용할 수 있는 포인트 외에 다른 아이디어를 주고 싶다는거지?"", ""categories"": ""Question"", ""type"": ""Generate Design"", ""knowledge"": ""The mentor is asking if the student wants to suggest additional reward ideas beyond the current ones."", ""evaluation"": {""timely"": 6, ""relevance"": 6, ""high-level"": 5, ""specificity"": 0, ""justification"": 0, ""active"": 0, ""sentiment"": 0}}, {""sentence"": ""그렇다면 학생들이 무엇을 좋아하고 자주 이용하는지 알아보면 좋을 것 같아."", ""categories"": ""Statement"", ""type"": ""Recommendation"", ""knowledge"": ""The mentor suggests understanding what students like and frequently use."", ""evaluation"": {""timely"": 0, ""relevance"": 0, ""high-level"": 0, ""specificity"": 6, ""justification"": 5, ""active"": 6, ""sentiment"": 1}}, {""sentence"": ""학교 안에서도 특히나 많이, 자주 이용하는 곳이 있다면 그곳의 관계자와 이야기해 협업을 할 수 도 있을 것 같아."", ""categories"": ""Statement"", ""type"": ""Recommendation"", ""knowledge"": ""The mentor suggests collaborating with frequently used places within the school."", ""evaluation"": {""timely"": 0, ""relevance"": 0, ""high-level"": 0, ""specificity"": 6, ""justification"": 5, ""active"": 6, ""sentiment"": 1}}]}, ""response"": {""answer"": ""네, 맞아요! 학생들이 많이 가는 편의점이나 체육관 같은 곳도 포인트 사용처로 포함하면 더 좋을 것 같아요. 학교 관계자와 협업하면 더 다양한 혜택을 제공할 수 있을 듯해요.""}}"
12,2024-08-13 12:55:27,user_feedaback,"{""user_input"": ""좋아, 그리고 혹시 생각해보거나 레퍼런스 삼고 싶은 캠페인이나 워크샵이 있어?"", ""category"": [{""sentence"": ""좋아, 그리고 혹시 생각해보거나 레퍼런스 삼고 싶은 캠페인이나 워크샵이 있어?"", ""categories"": ""Question"", ""type"": ""Generate Design""}], ""new_knowledge"": [""Exploring additional campaigns or workshops can enhance user engagement.""], ""new_actionPlan"": [""Consider designing and implementing additional campaigns or workshops to further engage users.""], ""new_thinking"": ""추가적인 캠페인이나 워크샵을 통해 사용자 참여를 더욱 높일 수 있겠어."", ""evaluation"": {""sentences"": [{""sentence"": ""좋아, 그리고 혹시 생각해보거나 레퍼런스 삼고 싶은 캠페인이나 워크샵이 있어?"", ""categories"": ""Question"", ""type"": ""Generate Design"", ""knowledge"": ""The mentor is asking if the student has any specific campaigns or workshops in mind for reference."", ""evaluation"": {""timely"": 5, ""relevance"": 5, ""high-level"": 4, ""specificity"": 0, ""justification"": 0, ""active"": 0, ""sentiment"": 1}}]}, ""response"": {""answer"": ""아직 레퍼런스 삼은 캠페인이나 워크샵은 없어요. 대신 다양한 학교의 에너지 절약 프로그램을 조사해 볼 생각이에요. 그런 프로그램들에서 좋은 아이디어를 얻을 수 있을 것 같아요.""}}"
12,2024-08-13 12:56:53,user_feedaback,"{""user_input"": ""좋아, 내가 추천해 주고 싶은 건 학교 축제 기간등을 활용한 관련 캠페인 부스 운영이나, SNS 채널 운영 등으로 지속적으로 사람들에게 너의 시스템을 노출시키는 거야."", ""category"": [{""sentence"": ""좋아, 내가 추천해 주고 싶은 건 학교 축제 기간등을 활용한 관련 캠페인 부스 운영이나,"", ""categories"": ""Statement"", ""type"": ""Recommendation""}, {""sentence"": ""SNS 채널 운영 등으로 지속적으로 사람들에게 너의 시스템을 노출시키는 거야."", ""categories"": ""Statement"", ""type"": ""Recommendation""}], ""new_knowledge"": [""Utilizing existing events or periods can enhance the effectiveness of campaigns."", ""Utilizing social media channels can help in continuously promoting your system to people.""], ""new_actionPlan"": [""Integrate the energy-saving campaign with existing school events or festivals to maximize engagement."", ""Integrate a social media strategy to consistently promote the energy-saving system and its benefits.""], ""new_thinking"": ""기존의 학교 행사나 축제 기간을 활용하면 캠페인의 효과를 높일 수 있겠어. 소셜 미디어 채널을 활용하면 시스템을 지속적으로 홍보할 수 있겠어."", ""evaluation"": {""sentences"": [{""sentence"": ""좋아, 내가 추천해 주고 싶은 건 학교 축제 기간등을 활용한 관련 캠페인 부스 운영이나,"", ""categories"": ""Statement"", ""type"": ""Recommendation"", ""knowledge"": ""Utilize school festivals for campaign booths."", ""evaluation"": {""specificity"": 6, ""justification"": 5, ""active"": 6, ""sentiment"": 1}}, {""sentence"": ""SNS 채널 운영 등으로 지속적으로 사람들에게 너의 시스템을 노출시키는 거야."", ""categories"": ""Statement"", ""type"": ""Recommendation"", ""knowledge"": ""Use SNS channels for continuous exposure."", ""evaluation"": {""specificity"": 6, ""justification"": 5, ""active"": 6, ""sentiment"": 1}}]}, ""response"": {""answer"": ""학교 축제 기간에 맞춰 캠페인 부스를 운영하면 참여율이 높을 것 같아요. SNS 채널도 운영해서 지속적으로 학생들에게 알리는 게 좋겠네요!""}}"
12,2024-08-13 12:58:49,update_idea,"{""title"": ""기숙사 탄소 배출을 줄이는 지능형 출입 시스템 업그레이드"", ""problem"": ""기숙사에서 에너지 낭비가 심각하고, 학생들이 에너지 절약에 적극적으로 참여하지 않는 문제"", ""idea"": ""첫째로, 현재 학생증 시스템의 호환성을 평가하여 에어컨과 전등의 자동 제어 시스템을 성공적으로 작동할 수 있는 방안을 구체적으로 정의합니다. 추가적으로 사용자의 위치와 활동을 더 정확히 감지하기 위해 IoT 센서와 스마트폰의 GPS 정보를 결합하고, 추가적인 외부 디바이스를 활용하여 사용자 존재를 확실하게 확인하는 방안을 조사합니다. \n\n둘째로, 학생들이 적극적으로 참여하도록 유도하기 위해 에너지 절약량을 실시간으로 확인할 수 있는 대시보드를 도입합니다. 예를 들어 '오늘 당신은 석유 10L를 절약했습니다'라는 피드백을 제공하여 학생들이 자신의 행동이 환경에 미치는 긍정적인 영향을 직접 체감할 수 있도록 합니다. \n\n셋째로, 에너지 절약 활동으로 적립한 포인트를 학교 카페, 서점, 편의점 및 체육관 등 다양한 학교 시설에서 사용할 수 있는 보상 시스템을 마련합니다. 학생들의 자발적인 참여를 장려하기 위해 정기적인 캠페인과 워크샵을 계획하고, 학교 축제 기간 동안 관련 캠페인 부스를 운영하거나 SNS 채널을 활용하여 지속적으로 시스템을 홍보합니다. \n\n학생들의 선호를 조사하여 포인트와 쿠폰 외에도 추가적인 보상 체계 및 인센티브를 마련하고, 학교 관계자와 협력하여 다양한 혜택을 제공할 수 있도록 합니다. 추가적인 감지 및 제어 메커니즘을 통해 시스템의 효과성을 지속적으로 평가하고 개선합니다.""}"
12,2024-08-13 12:58:55,finish,