user_id,timestamp,tag,data
13,2024-08-14 12:08:41,start,
13,2024-08-14 12:13:42,user_feedaback,"{""user_input"": ""입양과 이후의 생활에 대해서까지 깊이 있게 생각을 했구나! 그렇다면 동건이는 문제를 입양 전에는 입양 조건이 되는지 확인하고 입양 후에는 지속적으로 반려동물의 상태를 통해 입양환경이 잘 이루어지고 있는지를 지속적으로 관리하는 것으로 해결하고자 하는 거지?"", ""category"": [{""sentence"": ""입양과 이후의 생활에 대해서까지 깊이 있게 생각을 했구나!"", ""categories"": ""Statement"", ""type"": ""Evaluation""}, {""sentence"": ""그렇다면 동건이는 문제를 입양 전에는 입양 조건이 되는지 확인하고 입양 후에는 지속적으로 반려동물의 상태를 통해 입양환경이 잘 이루어지고 있는지를 지속적으로 관리하는 것으로 해결하고자 하는 거지?"", ""categories"": ""Question"", ""type"": ""Verification""}], ""new_knowledge"": [""Consider the entire lifecycle of the user experience, from initial engagement to long-term use."", ""Ensuring continuous monitoring and evaluation is crucial for maintaining the effectiveness of a service.""], ""new_actionPlan"": [""Ensure that the design addresses both the initial adoption phase and the ongoing support and engagement of users."", ""Implement a system for ongoing monitoring and evaluation to ensure the service remains effective and meets its goals.""], ""new_thinking"": ""입양과 이후의 생활에 대해서까지 깊이 있게 생각을 했구나! 서비스의 효과를 유지하려면 지속적인 모니터링과 평가가 중요하구나."", ""evaluation"": {""sentences"": [{""sentence"": ""입양과 이후의 생활에 대해서까지 깊이 있게 생각을 했구나!"", ""categories"": ""Statement"", ""type"": ""Evaluation"", ""knowledge"": ""The student has deeply considered both the adoption process and the post-adoption life."", ""evaluation"": {""specificity"": 4, ""justification"": 3, ""active"": 2, ""sentiment"": 1}}, {""sentence"": ""그렇다면 동건이는 문제를 입양 전에는 입양 조건이 되는지 확인하고 입양 후에는 지속적으로 반려동물의 상태를 통해 입양환경이 잘 이루어지고 있는지를 지속적으로 관리하는 것으로 해결하고자 하는 거지?"", ""categories"": ""Question"", ""type"": ""Verification"", ""knowledge"": ""The student aims to solve the problem by verifying adoption conditions before adoption and continuously managing the pet's condition post-adoption."", ""evaluation"": {""timely"": 5, ""relevance"": 5, ""high-level"": 4, ""sentiment"": 1}}]}, ""response"": {""answer"": ""맞습니다! 입양 전후로 철저한 평가와 지원을 통해 입양자들이 책임감 있게 반려동물을 돌볼 수 있도록 돕는 게 목표입니다.""}}"
13,2024-08-14 12:14:31,user_feedaback,"{""user_input"": ""그렇다면 사람들을 어떻게 모집할 계획이니?"", ""category"": [{""sentence"": ""그렇다면 사람들을 어떻게 모집할 계획이니?"", ""categories"": ""Question"", ""type"": ""Generate Design""}], ""new_knowledge"": [""Understanding user acquisition strategies is essential for the success of a service.""], ""new_actionPlan"": [""Develop a comprehensive plan to attract and engage potential users effectively.""], ""new_thinking"": ""사용자 유입 전략을 이해하는 것이 서비스 성공에 필수적이구나."", ""evaluation"": {""sentences"": [{""sentence"": ""그렇다면 사람들을 어떻게 모집할 계획이니?"", ""categories"": ""Question"", ""type"": ""Generate Design"", ""knowledge"": ""The mentor is asking about the plan for recruiting people."", ""evaluation"": {""timely"": 5, ""relevance"": 5, ""high-level"": 4, ""specificity"": 0, ""justification"": 0, ""active"": 0, ""sentiment"": 0}}]}, ""response"": {""answer"": ""처음에는 반려동물 보호소와 협력해서 사용자를 모집하려고 해요. 이후에는 SNS와 유기동물 관련 커뮤니티에 홍보할 계획입니다.""}}"
13,2024-08-14 12:16:12,user_feedaback,"{""user_input"": ""유기 동물들 같은 경우에는 이미 한 번 버려진 기억이 있어서 적응에 조금 더 신경을 써야할 것 같은데 이 부분에 대해서도 생각해본 것이 있니?"", ""category"": [{""sentence"": ""유기 동물들 같은 경우에는 이미 한 번 버려진 기억이 있어서 적응에 조금 더 신경을 써야할 것 같은데"", ""categories"": ""Statement"", ""type"": ""Evaluation""}, {""sentence"": ""이 부분에 대해서도 생각해본 것이 있니?"", ""categories"": ""Question"", ""type"": ""Low-Level""}], ""new_knowledge"": [""Consider the unique needs and experiences of users who have had previous negative experiences."", ""Considering all aspects of a design idea ensures a comprehensive solution.""], ""new_actionPlan"": [""Incorporate additional support and resources for users who have previously abandoned pets to ensure they are better prepared this time."", ""Review the current design idea to ensure all aspects of the problem are addressed comprehensively.""], ""new_thinking"": ""이전에 유기동물을 버린 경험이 있는 사람들에게는 더 많은 지원이 필요하겠구나. 모든 측면을 고려하는 것이 포괄적인 해결책을 보장하는구나."", ""evaluation"": {""sentences"": [{""sentence"": ""유기 동물들 같은 경우에는 이미 한 번 버려진 기억이 있어서 적응에 조금 더 신경을 써야할 것 같은데"", ""categories"": ""Statement"", ""type"": ""Evaluation"", ""knowledge"": ""유기 동물들은 적응에 더 많은 신경이 필요하다."", ""evaluation"": {""specificity"": 5, ""justification"": 4, ""active"": 3, ""sentiment"": 0}}, {""sentence"": ""이 부분에 대해서도 생각해본 것이 있니?"", ""categories"": ""Question"", ""type"": ""Low-Level"", ""knowledge"": ""학생이 유기 동물의 적응 문제에 대해 생각해본 적이 있는지 묻는다."", ""evaluation"": {""timely"": 4, ""relevance"": 5, ""high-level"": 1, ""sentiment"": 0}}]}, ""response"": {""answer"": ""네, 유기동물의 심리적인 안정과 적응을 돕기 위해 초기 입양 초기 한 달 동안의 집중 심리 지원 프로그램을 제공할 예정이에요. 전문가와의 상담을 통해 동물의 불안감과 스트레스를 체크하고, 필요 시에는 심리적 치료와 행동 교정을 통해 적응을 도울 계획입니다.""}}"
13,2024-08-14 12:18:33,user_feedaback,"{""user_input"": ""구체적으로 생각을 해봤구나. 퀴즈나 평가는 지원자들의 능력을 평가하는 데에 어느 정도의 정당성을 가질 수 있을까?"", ""category"": [{""sentence"": ""구체적으로 생각을 해봤구나."", ""categories"": ""Statement"", ""type"": ""Evaluation""}, {""sentence"": ""퀴즈나 평가는 지원자들의 능력을 평가하는 데에 어느 정도의 정당성을 가질 수 있을까?"", ""categories"": ""Question"", ""type"": ""Deep Reasoning""}], ""new_knowledge"": [""Comprehensive thinking is essential for a robust design."", ""Ensuring fairness in evaluation processes is crucial for maintaining trust and credibility.""], ""new_actionPlan"": [""Review the design to ensure all aspects and potential issues are thoroughly considered."", ""Develop a transparent and standardized evaluation system to ensure fairness in assessing users' capabilities.""], ""new_thinking"": ""구체적으로 생각을 해봤구나. 평가 과정에서 공정성을 유지하는 것이 신뢰와 신용을 유지하는 데 중요하구나."", ""evaluation"": {""sentences"": [{""sentence"": ""구체적으로 생각을 해봤구나."", ""categories"": ""Statement"", ""type"": ""Evaluation"", ""knowledge"": ""The student has thought through the idea in detail."", ""evaluation"": {""specificity"": 5, ""justification"": 4, ""active"": 3, ""sentiment"": 1}}, {""sentence"": ""퀴즈나 평가는 지원자들의 능력을 평가하는 데에 어느 정도의 정당성을 가질 수 있을까?"", ""categories"": ""Question"", ""type"": ""Deep Reasoning"", ""knowledge"": ""The validity of quizzes and evaluations in assessing applicants' abilities is questioned."", ""evaluation"": {""timely"": 5, ""relevance"": 5, ""high-level"": 5, ""sentiment"": 0}}]}, ""response"": {""answer"": ""퀴즈나 평가를 통해 지원자들이 반려동물 돌봄에 필요한 기본 지식을 갖췄는지 확인하는 거예요. 이렇게 함으로써 실제 상황에서도 그 지식을 잘 활용할 수 있는지 파악하고자 해요.""}}"
13,2024-08-14 12:21:01,user_feedaback,"{""user_input"": ""그렇구나, 그러고 사람들이 입양을 한 후에 제대로 돌보고 있는지를 살펴보려는구나! 그런데 궁금한 것이, 입양 과정에서 동물을 정할 때는 어떤 과정으로 이루어질지 생각해봤니?"", ""category"": [{""sentence"": ""그렇구나, 그러고 사람들이 입양을 한 후에 제대로 돌보고 있는지를 살펴보려는구나!"", ""categories"": ""Statement"", ""type"": ""Evaluation""}, {""sentence"": ""그런데 궁금한 것이, 입양 과정에서 동물을 정할 때는 어떤 과정으로 이루어질지 생각해봤니?"", ""categories"": ""Question"", ""type"": ""Low-Level""}], ""new_knowledge"": [""Continuous monitoring of user behavior is essential to ensure the effectiveness of a service."", ""Understanding the detailed process flow is essential for designing an effective service.""], ""new_actionPlan"": [""Implement a system to regularly check and evaluate the user's adherence to the service guidelines and responsibilities."", ""Map out the entire process flow of the service, from initial engagement to post-adoption support, to identify potential improvements.""], ""new_thinking"": ""사용자 행동을 지속적으로 모니터링하는 것이 서비스의 효과를 보장하는 데 필수적이구나. 서비스의 세부적인 과정 흐름을 이해하는 것이 중요하구나."", ""evaluation"": {""sentences"": [{""sentence"": ""그렇구나, 그러고 사람들이 입양을 한 후에 제대로 돌보고 있는지를 살펴보려는구나!"", ""categories"": ""Statement"", ""type"": ""Evaluation"", ""knowledge"": ""The student aims to monitor if adopters are properly caring for their pets post-adoption."", ""evaluation"": {""specificity"": 3, ""justification"": 3, ""active"": 2, ""sentiment"": 1}}, {""sentence"": ""그런데 궁금한 것이, 입양 과정에서 동물을 정할 때는 어떤 과정으로 이루어질지 생각해봤니?"", ""categories"": ""Question"", ""type"": ""Low-Level"", ""knowledge"": ""The mentor is asking about the process of selecting animals during adoption."", ""evaluation"": {""timely"": 4, ""relevance"": 4, ""high-level"": 1, ""sentiment"": 0}}]}, ""response"": {""answer"": ""네! 입양 과정에서 동물을 정할 때는 먼저 입양자의 생활 환경과 반려동물의 특성을 매칭하는 게 중요해요. 상담사와의 인터뷰와 테스트 결과를 바탕으로 가장 적합한 동물을 추천하는 시스템을 생각하고 있어요.""}}"
13,2024-08-14 12:23:36,user_feedaback,"{""user_input"": ""시뮬레이션도 그 테스트에 포함되는 거야?"", ""category"": [{""sentence"": ""시뮬레이션도 그 테스트에 포함되는 거야?"", ""categories"": ""Question"", ""type"": ""Low-Level""}], ""new_knowledge"": [""Simulations can be an effective tool for evaluating user readiness and understanding.""], ""new_actionPlan"": [""Incorporate simulation exercises to assess user preparedness and practical knowledge.""], ""new_thinking"": ""시뮬레이션도 그 테스트에 포함되는 거야?"", ""evaluation"": {""sentences"": [{""sentence"": ""시뮬레이션도 그 테스트에 포함되는 거야?"", ""categories"": ""Question"", ""type"": ""Low-Level"", ""knowledge"": ""The mentor is asking if the simulation is part of the test."", ""evaluation"": {""timely"": 5, ""relevance"": 5, ""high-level"": 1, ""specificity"": 0, ""justification"": 0, ""active"": 0, ""sentiment"": 0}}]}, ""response"": {""answer"": ""네, 시뮬레이션도 테스트의 한 부분으로 포함됩니다. 입양 희망자가 실제로 반려동물을 돌보는 상황을 가상으로 체험해보는 거예요.""}}"
13,2024-08-14 12:24:05,user_feedaback,"{""user_input"": ""가상 입양은 구체적으로 어떤 방식으로 이뤄지니?"", ""category"": [{""sentence"": ""가상 입양은 구체적으로 어떤 방식으로 이뤄지니?"", ""categories"": ""Question"", ""type"": ""Low-Level""}], ""new_knowledge"": [""Understanding the detailed process flow is essential for designing an effective service.""], ""new_actionPlan"": [""Detail the steps and processes involved in the virtual adoption experience to ensure clarity and effectiveness.""], ""new_thinking"": ""가상 입양은 구체적으로 어떤 방식으로 이루어질까?"", ""evaluation"": {""sentences"": [{""sentence"": ""가상 입양은 구체적으로 어떤 방식으로 이뤄지니?"", ""categories"": ""Question"", ""type"": ""Low-Level"", ""knowledge"": ""The mentor is asking for specific details about the virtual adoption process."", ""evaluation"": {""timely"": 5, ""relevance"": 5, ""high-level"": 1, ""specificity"": 0, ""justification"": 0, ""active"": 0, ""sentiment"": 0}}]}, ""response"": {""answer"": ""가상 입양은 실제 반려동물과의 시간을 재현하는 앱이나 VR 기술을 사용할 계획이에요. 이로써 입양 희망자는 반려동물을 돌보는 데 필요한 시간과 책임을 미리 체험할 수 있어요.""}}"
13,2024-08-14 12:25:15,user_feedaback,"{""user_input"": ""VR같은 경우에는 실제와 달라서 입양의 책임감을 전달하는 것이 조금 약할 수도 있을 것 같은데 어떤 방식으로 개발을 할 생각이니?"", ""category"": [{""sentence"": ""VR같은 경우에는 실제와 달라서 입양의 책임감을 전달하는 것이 조금 약할 수도 있을 것 같은데"", ""categories"": ""Statement"", ""type"": ""Evaluation""}, {""sentence"": ""어떤 방식으로 개발을 할 생각이니?"", ""categories"": ""Question"", ""type"": ""Generate Design""}], ""new_knowledge"": [""Simulations may not fully convey the real-life responsibilities and challenges."", ""Exploring different development methods can lead to innovative solutions.""], ""new_actionPlan"": [""Consider incorporating more real-life experiences or hands-on activities to complement simulations."", ""Research and evaluate various development methods to find the most effective approach for the design idea.""], ""new_thinking"": ""가상 현실만으로는 실제 책임감을 완전히 전달하기 어려울 수도 있겠구나. 다양한 개발 방식을 탐구하면 혁신적인 해결책을 찾을 수 있겠구나."", ""evaluation"": {""sentences"": [{""sentence"": ""VR같은 경우에는 실제와 달라서 입양의 책임감을 전달하는 것이 조금 약할 수도 있을 것 같은데"", ""categories"": ""Statement"", ""type"": ""Evaluation"", ""knowledge"": ""VR may not effectively convey the responsibility of adoption."", ""evaluation"": {""specificity"": 5, ""justification"": 4, ""active"": 3, ""sentiment"": 0}}, {""sentence"": ""어떤 방식으로 개발을 할 생각이니?"", ""categories"": ""Question"", ""type"": ""Generate Design"", ""knowledge"": ""Asks about the development method."", ""evaluation"": {""timely"": 5, ""relevance"": 5, ""high-level"": 4, ""sentiment"": 0}}]}, ""response"": {""answer"": ""죄송하지만 VR 기술의 세부 개발 방식은 잘 모르겠어요. 하지만 실제 상황과 최대한 유사하도록 시뮬레이션 환경을 구성하는 것이 중요하다는 점은 이해하고 있어요. 현실감을 살려 입양 희망자들이 반려동물 돌봄의 책임감을 체험할 수 있도록 노력해야겠어요.""}}"
13,2024-08-14 12:26:19,user_feedaback,"{""user_input"": ""그렇구나, 마지막으로 입양을 한 후 관리의 경우에는 온라인 보고이기 때문에 진짜 잘 이루어지고 있는지 확인하는 것이 어려울 수도 있을 것 같은데 그 부분에 대해서 대안을 생각해봤을까?"", ""category"": [{""sentence"": ""마지막으로 입양을 한 후 관리의 경우에는 온라인 보고이기 때문에 진짜 잘 이루어지고 있는지 확인하는 것이 어려울 수도 있을 것 같은데 그 부분에 대해서 대안을 생각해봤을까?"", ""categories"": ""Question"", ""type"": ""Generate Design""}], ""new_knowledge"": [""Ensuring effective monitoring and evaluation post-adoption can be challenging.""], ""new_actionPlan"": [""Develop a robust system for continuous and effective monitoring and evaluation of the adoption process.""], ""new_thinking"": ""입양 후 지속적인 모니터링과 평가가 어려울 수 있겠구나."", ""evaluation"": {""sentences"": [{""sentence"": ""마지막으로 입양을 한 후 관리의 경우에는 온라인 보고이기 때문에 진짜 잘 이루어지고 있는지 확인하는 것이 어려울 수도 있을 것 같은데 그 부분에 대해서 대안을 생각해봤을까?"", ""categories"": ""Question"", ""type"": ""Generate Design"", ""knowledge"": ""Online reporting may not be sufficient to ensure proper post-adoption care."", ""evaluation"": {""timely"": 6, ""relevance"": 7, ""high-level"": 5, ""specificity"": 0, ""justification"": 0, ""active"": 0, ""sentiment"": 0}}]}, ""response"": {""answer"": ""입양 후 관리를 위해 정기 방문 체크와 함께 스마트 기기를 활용한 모니터링 시스템을 생각해봤어요. 예를 들어, GPS 트래커나 건강 상태를 체크할 수 있는 웨어러블 디바이스를 반려동물에게 착용시키는 방법이 있어요. 이를 통해 온라인 보고뿐만 아니라 객관적인 데이터를 통해 건강 상태와 활동량을 확인할 수 있죠.""}}"
13,2024-08-14 12:28:09,user_feedaback,"{""user_input"": ""꾸준한 관리의 차원에서는 데이터를 수집하는 것이 좋지만 그 많은 데이터를 관리하는 데에 현실적인 한계도 있을 것 같은데 어떻게 생각하니? 그리고 사생활 침해의 문제도 있어 보이고. 이 부분에서 보완할 수 있는 방법이 있을까?"", ""category"": [{""sentence"": ""꾸준한 관리의 차원에서는 데이터를 수집하는 것이 좋지만 그 많은 데이터를 관리하는 데에 현실적인 한계도 있을 것 같은데 어떻게 생각하니?"", ""categories"": ""Question"", ""type"": ""Deep Reasoning""}, {""sentence"": ""그리고 사생활 침해의 문제도 있어 보이고."", ""categories"": ""Statement"", ""type"": ""Evaluation""}, {""sentence"": ""이 부분에서 보완할 수 있는 방법이 있을까?"", ""categories"": ""Question"", ""type"": ""Generate Design""}], ""new_knowledge"": [""Effective data collection and management are crucial for continuous monitoring and evaluation."", ""Considering the impact of life changes on users is essential for a robust design."", ""Exploring various methods can lead to innovative solutions.""], ""new_actionPlan"": [""Develop a robust data collection and management system to ensure effective monitoring and evaluation of the service."", ""Incorporate features that help users manage life changes and their impact on the service."", ""Investigate different monitoring and evaluation techniques to ensure the effectiveness of the service.""], ""new_thinking"": ""효과적인 데이터 수집과 관리는 지속적인 모니터링과 평가에 필수적이야. 사용자의 생활 변화가 서비스에 미치는 영향을 고려하는 것이 중요하구나. 다양한 방법을 탐구하면 혁신적인 해결책을 찾을 수 있겠구나."", ""evaluation"": {""sentences"": [{""sentence"": ""꾸준한 관리의 차원에서는 데이터를 수집하는 것이 좋지만 그 많은 데이터를 관리하는 데에 현실적인 한계도 있을 것 같은데 어떻게 생각하니?"", ""categories"": ""Question"", ""type"": ""Deep Reasoning"", ""knowledge"": ""Data collection for continuous management has practical limitations."", ""evaluation"": {""timely"": 5, ""relevance"": 5, ""high-level"": 5, ""specificity"": 0, ""justification"": 0, ""active"": 0, ""sentiment"": 0}}, {""sentence"": ""그리고 사생활 침해의 문제도 있어 보이고."", ""categories"": ""Statement"", ""type"": ""Evaluation"", ""knowledge"": ""There are privacy concerns."", ""evaluation"": {""timely"": 0, ""relevance"": 0, ""high-level"": 0, ""specificity"": 5, ""justification"": 5, ""active"": 5, ""sentiment"": -1}}, {""sentence"": ""이 부분에서 보완할 수 있는 방법이 있을까?"", ""categories"": ""Question"", ""type"": ""Generate Design"", ""knowledge"": ""Consider ways to address the identified issues."", ""evaluation"": {""timely"": 5, ""relevance"": 5, ""high-level"": 5, ""specificity"": 0, ""justification"": 0, ""active"": 0, ""sentiment"": 0}}]}, ""response"": {""answer"": ""데이터 관리와 사생활 침해 문제는 중요한 지적이에요. 데이터를 최소한으로 수집하고, 꼭 필요한 정보만 받는 방법을 통해 사생활 침해를 줄일 수 있어요. 또한, 사용자의 동의를 철저하게 받는 것도 중요해요.""}}"
13,2024-08-14 12:29:58,user_feedaback,"{""user_input"": ""건강 상태를 체크할 수 있는 웨어러블 기계를 먼저 언급했는데, 어떤 방식으로 반려동물에게 착용을 하는 걸까? 오히려 이런 기기들이 반려동물들의 일상 생활의 편리함을 해칠 수도 있을 것 같은데."", ""category"": [{""sentence"": ""어떤 방식으로 반려동물에게 착용을 하는 걸까?"", ""categories"": ""Question"", ""type"": ""Low-Level""}, {""sentence"": ""오히려 이런 기기들이 반려동물들의 일상 생활의 편리함을 해칠 수도 있을 것 같은데."", ""categories"": ""Statement"", ""type"": ""Evaluation""}], ""new_knowledge"": [""Exploring various methods can lead to innovative solutions."", ""Consider the potential impact of new technologies on the daily lives of users.""], ""new_actionPlan"": [""Research and experiment with different methods to find the most effective way to support pets' adaptation."", ""Evaluate how the integration of new technologies might affect the daily routines and comfort of users.""], ""new_thinking"": ""다양한 방법을 탐구하면 혁신적인 해결책을 찾을 수 있겠구나. 새로운 기술이 사용자들의 일상 생활에 어떤 영향을 미칠지 고려해야겠어."", ""evaluation"": {""sentences"": [{""sentence"": ""어떤 방식으로 반려동물에게 착용을 하는 걸까?"", ""categories"": ""Question"", ""type"": ""Low-Level"", ""knowledge"": ""The mentor is asking about the method of attaching devices to pets."", ""evaluation"": {""timely"": 5, ""relevance"": 4, ""high-level"": 1, ""specificity"": 0, ""justification"": 0, ""active"": 0, ""sentiment"": 0}}, {""sentence"": ""오히려 이런 기기들이 반려동물들의 일상 생활의 편리함을 해칠 수도 있을 것 같은데."", ""categories"": ""Statement"", ""type"": ""Evaluation"", ""knowledge"": ""The mentor is concerned that the devices might negatively impact the pets' daily lives."", ""evaluation"": {""timely"": 0, ""relevance"": 0, ""high-level"": 0, ""specificity"": 5, ""justification"": 4, ""active"": 3, ""sentiment"": -1}}]}, ""response"": {""answer"": ""웨어러블 기기는 편안한 칼라나 하네스 형태로 착용될 수 있어요. 반려동물이 불편함을 느끼지 않도록 가벼운 소재와 부드러운 디자인을 채택할 거예요. 주기적인 테스트와 피드백을 통해 적응 여부를 확인할 예정입니다.""}}"
13,2024-08-14 12:31:01,update_idea,"{""title"": ""Petit - 책임감 있는 반려동물 입양 플랫폼"", ""problem"": ""반려동물 입양 후 돌볼 능력이나 책임감이 부족해 유기동물로 전락하는 사례가 늘고 있습니다. 예상치 못한 비용과 시간 소모, 건강 관리 소홀 등이 주요 원인입니다. 이러한 문제를 예방하고, 입양자가 적절한 지식과 준비를 갖추도록 지원하는 방안이 필요합니다."", ""idea"": ""Petit 플랫폼은 입양 전 교육과 평가, 입양 후 지속적인 지원을 통합한 서비스를 제공합니다. 첫 단계로, 입양 희망자는 온라인 교육 프로그램을 이수하고 관련 퀴즈를 통과해야 합니다. 이 교육에는 반려동물의 기본 돌봄 지식, 건강 관리, 훈련 방법 등이 포함됩니다. 교육 후에는 전문 상담사와의 인터뷰를 통해 개인의 생활 환경과 경제적 능력을 평가받으며, 가정 방문을 통해 실제 생활 환경도 검토합니다. 입양이 확정되면 심리적 안정을 위한 초기 지원 프로그램과 함께 가상 입양 체험을 실시하여 실제 반려동물 돌봄을 시뮬레이션합니다. 이는 VR 기술과 앱을 사용하여 진행됩니다. 또한, 입양 후에는 반려동물의 건강과 활동을 모니터하는 웨어러블 기기를 활용하여 정기적으로 데이터를 수집하고, 이를 바탕으로 입양자가 적절히 책임을 이행하고 있는지 평가합니다. 전체 서비스는 입양 단계별로 철저한 절차와 평가를 통하여 반려동물과 입양자 양측의 만족도를 고려한 적극적이고 지속적인 관리를 목표로 합니다.""}"
13,2024-08-14 12:31:19,finish,