user_id,timestamp,tag,data
15,2024-08-16 6:36:19,start,
15,2024-08-16 6:37:29,user_feedaback,"{""user_input"": ""내가 부모라면 아이들이 걱정되어서 해당 서비스를 써볼 것 같아! 충분히 니즈가 있는 서비스인 것 같아"", ""category"": [{""sentence"": ""내가 부모라면 아이들이 걱정되어서 해당 서비스를 써볼 것 같아!"", ""categories"": ""Statement"", ""type"": ""Evaluation""}, {""sentence"": ""충분히 니즈가 있는 서비스인 것 같아"", ""categories"": ""Statement"", ""type"": ""Evaluation""}], ""new_knowledge"": [""Understanding the user's perspective is crucial for validating the design's relevance."", ""It's important to ensure that the service has a clear and well-defined purpose.""], ""new_actionPlan"": [""Conduct user interviews with parents to gather insights on their concerns and needs regarding children's content consumption."", ""Clarify and emphasize the unique value proposition of the service to ensure it stands out.""], ""new_thinking"": ""사용자의 관점을 이해하는 것이 디자인의 타당성을 검증하는 데 중요하구나. 서비스의 목적을 명확히 하고 독창적인 가치를 강조해야겠어."", ""evaluation"": {""sentences"": [{""sentence"": ""내가 부모라면 아이들이 걱정되어서 해당 서비스를 써볼 것 같아!"", ""categories"": ""Statement"", ""type"": ""Evaluation"", ""knowledge"": ""Parents would use the service out of concern for their children."", ""evaluation"": {""specificity"": 3, ""justification"": 4, ""active"": 2, ""sentiment"": 1}}, {""sentence"": ""충분히 니즈가 있는 서비스인 것 같아"", ""categories"": ""Statement"", ""type"": ""Evaluation"", ""knowledge"": ""There is a sufficient need for the service."", ""evaluation"": {""specificity"": 2, ""justification"": 3, ""active"": 2, ""sentiment"": 1}}]}, ""response"": {""answer"": ""와, 감사합니다! 부모님들이 만족하실만한 추가 기능도 고려해볼게요.""}}"
15,2024-08-16 6:38:31,user_feedaback,"{""user_input"": ""그런데 아이들이 보기에 적절한 콘텐츠는 어떤 기준으로 선정할거야?"", ""category"": [{""sentence"": ""그런데 아이들이 보기에 적절한 콘텐츠는 어떤 기준으로 선정할거야?"", ""categories"": ""Question"", ""type"": ""Low-Level""}], ""new_knowledge"": [""Understanding the criteria for content suitability is essential for effective filtering.""], ""new_actionPlan"": [""Research and define clear criteria for what constitutes appropriate content for different age groups.""], ""new_thinking"": ""적절한 콘텐츠의 기준을 명확히 이해하는 것이 중요하구나."", ""evaluation"": {""sentences"": [{""sentence"": ""그런데 아이들이 보기에 적절한 콘텐츠는 어떤 기준으로 선정할거야?"", ""categories"": ""Question"", ""type"": ""Low-Level"", ""knowledge"": ""The feedback asks about the criteria for selecting appropriate content for children."", ""evaluation"": {""timely"": 5, ""relevance"": 5, ""high-level"": 1, ""specificity"": 0, ""justification"": 0, ""active"": 0, ""sentiment"": 0}}]}, ""response"": {""answer"": ""Safeview의 콘텐츠 선정 기준은 AI 기반 필터링을 통해 진행됩니다. 연령별 콘텐츠 기준은 국가별, 문화별 차이도 반영할 수 있어요. 부모님들이 직접 콘텐츠를 추가하고 제외할 수 있는 커스터마이징 기능도 제공할 예정입니다.""}}"
15,2024-08-16 6:39:26,user_feedaback,"{""user_input"": ""기존에 비슷한 서비스는 없었어? 있었다면 너의 서비스는 어떤 차별점을 가지고 있어?"", ""category"": [{""sentence"": ""기존에 비슷한 서비스는 없었어?"", ""categories"": ""Question"", ""type"": ""Low-Level""}, {""sentence"": ""있었다면 너의 서비스는 어떤 차별점을 가지고 있어?"", ""categories"": ""Question"", ""type"": ""Generate Design""}], ""new_knowledge"": [""Researching existing similar services can provide valuable insights and help identify unique features for differentiation."", ""Identifying unique differentiators is crucial for making a design stand out.""], ""new_actionPlan"": [""Conduct a thorough analysis of existing similar services to identify their strengths and weaknesses, and find opportunities for differentiation."", ""Identify and highlight the unique features and benefits of the service that set it apart from existing solutions.""], ""new_thinking"": ""기존에 비슷한 서비스는 없었어? 내 서비스의 차별점을 명확히 하는 것이 중요하구나."", ""evaluation"": {""sentences"": [{""sentence"": ""기존에 비슷한 서비스는 없었어?"", ""categories"": ""Question"", ""type"": ""Low-Level"", ""knowledge"": ""Asks about the existence of similar services."", ""evaluation"": {""timely"": 5, ""relevance"": 5, ""high-level"": 1, ""specificity"": 0, ""justification"": 0, ""active"": 0, ""sentiment"": 0}}, {""sentence"": ""있었다면 너의 서비스는 어떤 차별점을 가지고 있어?"", ""categories"": ""Question"", ""type"": ""Generate Design"", ""knowledge"": ""Inquires about the unique features of the service compared to existing ones."", ""evaluation"": {""timely"": 5, ""relevance"": 5, ""high-level"": 5, ""specificity"": 0, ""justification"": 0, ""active"": 0, ""sentiment"": 0}}]}, ""response"": {""answer"": ""기존에도 유사한 서비스가 있지만, Safeview는 AI 기반 실시간 필터링이 주요 차별점입니다. 또한, 부모님이 직접 콘텐츠를 추가/제외할 수 있는 커스터마이징 기능으로 더 높은 유연성을 제공합니다.""}}"
15,2024-08-16 6:40:03,user_feedaback,"{""user_input"": ""부모님의 커스터마이징 기능은 어떻게 작용하는거야?"", ""category"": [{""sentence"": ""부모님의 커스터마이징 기능은 어떻게 작용하는거야?"", ""categories"": ""Question"", ""type"": ""Low-Level""}], ""new_knowledge"": [""Understanding how customization features work is essential for user satisfaction.""], ""new_actionPlan"": [""Clarify and detail the customization features to ensure they meet user needs effectively.""], ""new_thinking"": ""커스터마이징 기능이 어떻게 작동하는지 명확히 이해하는 것이 중요하구나."", ""evaluation"": {""sentences"": [{""sentence"": ""부모님의 커스터마이징 기능은 어떻게 작용하는거야?"", ""categories"": ""Question"", ""type"": ""Low-Level"", ""knowledge"": ""The feedback asks for details on how the customization feature for parents works."", ""evaluation"": {""timely"": 5, ""relevance"": 5, ""high-level"": 1, ""specificity"": 0, ""justification"": 0, ""active"": 0, ""sentiment"": 0}}]}, ""response"": {""answer"": ""부모님 커스터마이징 기능은 매우 직관적입니다. 부모님이 Safeview 익스텐션에서 원하는 콘텐츠를 검색하고 추가할 수 있어요. 부적절한 콘텐츠는 목록에서 선택 후 제외할 수도 있습니다.""}}"
15,2024-08-16 6:41:12,user_feedaback,"{""user_input"": ""그런데 실시간 필터링이라고 했잖아. 그러면 제공하는 동영상들을 제한하는 것이 아니라, 실시간으로 알고리즘으로 추천되는 동영상들을 제공하되 그것을 필터링한다는 것으로 이해했는데 그게 맞을까?"", ""category"": [{""sentence"": ""그런데 실시간 필터링이라고 했잖아."", ""categories"": ""Statement"", ""type"": ""Evaluation""}, {""sentence"": ""그러면 제공하는 동영상들을 제한하는 것이 아니라, 실시간으로 알고리즘으로 추천되는 동영상들을 제공하되 그것을 필터링한다는 것으로 이해했는데 그게 맞을까?"", ""categories"": ""Question"", ""type"": ""Verification""}], ""new_knowledge"": [""Ensuring real-time functionality is crucial for the effectiveness of a design."", ""Ensuring the accuracy and relevance of filtered content is crucial for user trust.""], ""new_actionPlan"": [""Verify and test the real-time filtering capabilities of the service to ensure it works as intended."", ""Implement a robust recommendation system that provides accurate and relevant content suggestions based on real-time analysis.""], ""new_thinking"": ""실시간 기능이 정말 중요한가 보네. 필터링된 콘텐츠의 정확성과 관련성을 보장하는 것이 사용자 신뢰에 중요하구나."", ""evaluation"": {""sentences"": [{""sentence"": ""그런데 실시간 필터링이라고 했잖아."", ""categories"": ""Statement"", ""type"": ""Evaluation"", ""knowledge"": ""The design idea involves real-time filtering."", ""evaluation"": {""specificity"": 4, ""justification"": 3, ""active"": 2, ""sentiment"": 0}}, {""sentence"": ""그러면 제공하는 동영상들을 제한하는 것이 아니라, 실시간으로 알고리즘으로 추천되는 동영상들을 제공하되 그것을 필터링한다는 것으로 이해했는데 그게 맞을까?"", ""categories"": ""Question"", ""type"": ""Verification"", ""knowledge"": ""The mentor is verifying if the filtering applies to algorithmically recommended videos in real-time."", ""evaluation"": {""timely"": 5, ""relevance"": 5, ""high-level"": 4, ""sentiment"": 0}}]}, ""response"": {""answer"": ""맞아요. Safeview는 실시간으로 스트리밍되는 동영상을 AI 기반 알고리즘으로 필터링합니다. 그래서 아이들에게 부적절한 콘텐츠는 스크린에 노출되지 않게 됩니다. 추천되는 콘텐츠도 필터링 되어 안전한 환경을 제공합니다.""}}"
15,2024-08-16 6:41:13,student_question,"{""question"": ""기존의 유사 서비스와 더 확실히 차별화하려면 어떤 요소에 집중해야 할까요?""}"
15,2024-08-16 6:42:38,user_feedaback,"{""user_input"": ""일단 필터링의 정확도를 어떻게 높일수 있는지 생각하는게 좋을 것 같아. 아무래도 부적절한 동영상을 완벽하게 거르는 게 어려울 것 같아서. 유튜브나 넷플릭스 자체에서 이런 기능이나 부적절 동영상에 대한 판단 기준이 있지 않아?"", ""category"": [{""sentence"": ""일단 필터링의 정확도를 어떻게 높일수 있는지 생각하는게 좋을 것 같아."", ""categories"": ""Statement"", ""type"": ""Recommendation""}, {""sentence"": ""아무래도 부적절한 동영상을 완벽하게 거르는 게 어려울 것 같아서."", ""categories"": ""Statement"", ""type"": ""Evaluation""}, {""sentence"": ""유튜브나 넷플릭스 자체에서 이런 기능이나 부적절 동영상에 대한 판단 기준이 있지 않아?"", ""categories"": ""Question"", ""type"": ""Low-Level""}], ""new_knowledge"": [""Ensuring the accuracy of filtering mechanisms is crucial for user trust."", ""Ensuring the completeness of inappropriate content filtering is challenging."", ""Understanding the platform-specific criteria for content suitability is essential for effective filtering.""], ""new_actionPlan"": [""Investigate and implement methods to enhance the accuracy of the filtering algorithms."", ""Develop a robust testing and validation process to ensure the effectiveness of the content filtering system."", ""Research and define the content suitability criteria for each streaming platform to ensure accurate filtering.""], ""new_thinking"": ""필터링 메커니즘의 정확도를 높이는 것이 사용자 신뢰에 중요하구나. 부적절한 콘텐츠를 완벽하게 필터링하는 것은 정말 어려운 일이구나. 플랫폼별 콘텐츠 적합성 기준을 이해하는 것이 필터링의 효과를 높이는 데 중요하구나."", ""evaluation"": {""sentences"": [{""sentence"": ""일단 필터링의 정확도를 어떻게 높일수 있는지 생각하는게 좋을 것 같아."", ""categories"": ""Statement"", ""type"": ""Recommendation"", ""knowledge"": ""Improving filtering accuracy is important."", ""evaluation"": {""specificity"": 5, ""justification"": 4, ""active"": 6, ""sentiment"": 0}}, {""sentence"": ""아무래도 부적절한 동영상을 완벽하게 거르는 게 어려울 것 같아서."", ""categories"": ""Statement"", ""type"": ""Evaluation"", ""knowledge"": ""Filtering inappropriate videos perfectly is challenging."", ""evaluation"": {""specificity"": 4, ""justification"": 5, ""active"": 3, ""sentiment"": -1}}, {""sentence"": ""유튜브나 넷플릭스 자체에서 이런 기능이나 부적절 동영상에 대한 판단 기준이 있지 않아?"", ""categories"": ""Question"", ""type"": ""Low-Level"", ""knowledge"": ""Streaming platforms may have their own filtering criteria."", ""evaluation"": {""timely"": 4, ""relevance"": 5, ""high-level"": 2, ""sentiment"": 0}}]}, ""response"": {""answer"": ""유튜브와 넷플릭스 자체에도 분명히 필터링 기능과 기준이 있어요. 그래서 Safeview는 기존의 필터링 기준을 참고하고, 이를 기반으로 더 강화된 AI 필터링을 적용할 계획입니다. 다만 완벽한 필터링이 어려운 만큼, 학습 데이터를 지속적으로 업데이트해서 정확도를 높이면 좋을 것 같아요.""}}"
15,2024-08-16 6:43:35,user_feedaback,"{""user_input"": ""나는 부모님이 필터링 기준을 커스터마이징할 수 있는 부분도 너의 서비스만의 차별점으로 중요할 것 같다는 생각이 들었어."", ""category"": [{""sentence"": ""나는 부모님이 필터링 기준을 커스터마이징할 수 있는 부분도 너의 서비스만의 차별점으로 중요할 것 같다는 생각이 들었어."", ""categories"": ""Statement"", ""type"": ""Evaluation""}], ""new_knowledge"": [""Customization features can be a significant differentiator for a design.""], ""new_actionPlan"": [""Enhance the customization features to make them more user-friendly and flexible.""], ""new_thinking"": ""커스터마이징 기능이 디자인의 중요한 차별점이 될 수 있겠구나."", ""evaluation"": {""sentences"": [{""sentence"": ""나는 부모님이 필터링 기준을 커스터마이징할 수 있는 부분도 너의 서비스만의 차별점으로 중요할 것 같다는 생각이 들었어."", ""categories"": ""Statement"", ""type"": ""Evaluation"", ""knowledge"": ""Customizable filtering criteria is a key differentiator for the service."", ""evaluation"": {""specificity"": 6, ""justification"": 5, ""active"": 4, ""sentiment"": 1}}]}, ""response"": {""answer"": ""감사합니다! 부모님 커스터마이징 기능을 더욱 직관적으로 만들고, 차별점으로 강조하겠습니다.""}}"
15,2024-08-16 6:44:16,user_feedaback,"{""user_input"": ""그렇다면 커스터마이징 기능에 대해 더 구체적으로 고안해봐도 좋을 것 같아"", ""category"": [{""sentence"": ""그렇다면 커스터마이징 기능에 대해 더 구체적으로 고안해봐도 좋을 것 같아"", ""categories"": ""Statement"", ""type"": ""Recommendation""}], ""new_knowledge"": [""Customization features can significantly enhance user satisfaction and engagement.""], ""new_actionPlan"": [""Develop a detailed and intuitive customization feature that allows users to tailor the service to their specific needs.""], ""new_thinking"": ""커스터마이징 기능을 더 구체적으로 고안해보는 것이 좋겠어."", ""evaluation"": {""sentences"": [{""sentence"": ""그렇다면 커스터마이징 기능에 대해 더 구체적으로 고안해봐도 좋을 것 같아"", ""categories"": ""Statement"", ""type"": ""Recommendation"", ""knowledge"": ""Further detail on the customization feature is recommended."", ""evaluation"": {""specificity"": 5, ""justification"": 4, ""active"": 5, ""sentiment"": 1}}]}, ""response"": {""answer"": ""알겠습니다! 예를 들어, 부모님이 Safeview 익스텐션을 통해 자녀의 연령, 관심사, 금지할 키워드를 설정할 수 있도록 하겠습니다. 또한, 자녀가 시청한 콘텐츠 기록을 확인하여 추가로 허용/제한할 수 있는 기능을 추가해볼게요.""}}"
15,2024-08-16 6:45:13,user_feedaback,"{""user_input"": ""응응 부모님의 입장에서 아이의 콘텐츠 시청에서 어떤 점이 걱정되는지 인터뷰를 통해 알아본다면, 너의 솔루션이 구체화되는데 도움이 되지 않을까?"", ""category"": [{""sentence"": ""응응 부모님의 입장에서 아이의 콘텐츠 시청에서 어떤 점이 걱정되는지 인터뷰를 통해 알아본다면,"", ""categories"": ""Statement"", ""type"": ""Recommendation""}, {""sentence"": ""너의 솔루션이 구체화되는데 도움이 되지 않을까?"", ""categories"": ""Question"", ""type"": ""Generate Design""}], ""new_knowledge"": [""Understanding user concerns through interviews can provide valuable insights for design improvements."", ""Ensuring the solution is well-defined and practical is crucial for its success.""], ""new_actionPlan"": [""Conduct interviews with parents to identify their specific concerns and needs regarding children's content consumption."", ""Refine the design idea to ensure it is clearly defined and practically implementable.""], ""new_thinking"": ""부모님의 입장에서 아이의 콘텐츠 시청에서 어떤 점이 걱정되는지 인터뷰를 통해 알아본다면, 더 나은 디자인 개선에 도움이 될 거야. 내 솔루션이 구체화되고 실용적인지 확인하는 것이 중요하구나."", ""evaluation"": {""sentences"": [{""sentence"": ""응응 부모님의 입장에서 아이의 콘텐츠 시청에서 어떤 점이 걱정되는지 인터뷰를 통해 알아본다면,"", ""categories"": ""Statement"", ""type"": ""Recommendation"", ""knowledge"": ""Interviewing parents can help identify concerns about children's content consumption."", ""evaluation"": {""specificity"": 5, ""justification"": 5, ""active"": 5, ""sentiment"": 1}}, {""sentence"": ""너의 솔루션이 구체화되는데 도움이 되지 않을까?"", ""categories"": ""Question"", ""type"": ""Generate Design"", ""knowledge"": ""Interviewing parents can help refine the solution."", ""evaluation"": {""timely"": 5, ""relevance"": 5, ""high-level"": 5, ""sentiment"": 1}}]}, ""response"": {""answer"": ""맞아요. 부모님의 걱정을 이해하기 위해 인터뷰를 통해 더 구체적인 정보를 얻는 게 중요할 것 같아요. 그걸 바탕으로 솔루션을 개선할 수 있을 거예요.""}}"
15,2024-08-16 6:46:13,user_feedaback,"{""user_input"": ""요즘 아이들은 어떻게 유튜브나 넷플릭스를 시청하는지 모르겠지만, 혼자 보는 경우도 있지만 친구들이랑 같이 보는 경우도 있으려나?"", ""category"": [{""sentence"": ""요즘 아이들은 어떻게 유튜브나 넷플릭스를 시청하는지 모르겠지만,"", ""categories"": ""Statement"", ""type"": ""Information""}, {""sentence"": ""혼자 보는 경우도 있지만 친구들이랑 같이 보는 경우도 있으려나?"", ""categories"": ""Question"", ""type"": ""Scenario Creation""}], ""new_knowledge"": [""Understanding how users currently interact with similar services can provide valuable insights for design improvements."", ""Considering different user scenarios can help in designing a more versatile and user-friendly solution.""], ""new_actionPlan"": [""Conduct user research to understand how children currently interact with streaming services like YouTube and Netflix."", ""Explore various user scenarios, such as children watching content alone or with friends, to ensure the design accommodates different use cases.""], ""new_thinking"": ""아이들이 유튜브나 넷플릭스를 어떻게 시청하는지 알아보는 게 중요하겠어. 다양한 사용자 시나리오를 고려하면 더 다재다능하고 사용자 친화적인 솔루션을 설계할 수 있겠어."", ""evaluation"": {""sentences"": [{""sentence"": ""요즘 아이들은 어떻게 유튜브나 넷플릭스를 시청하는지 모르겠지만,"", ""categories"": ""Statement"", ""type"": ""Information"", ""knowledge"": ""The mentor is unsure about the current viewing habits of children on platforms like YouTube and Netflix."", ""evaluation"": {""specificity"": 3, ""justification"": 2, ""active"": 1, ""sentiment"": 0}}, {""sentence"": ""혼자 보는 경우도 있지만 친구들이랑 같이 보는 경우도 있으려나?"", ""categories"": ""Question"", ""type"": ""Scenario Creation"", ""knowledge"": ""The mentor is considering the possibility that children might watch content alone or with friends."", ""evaluation"": {""timely"": 4, ""relevance"": 5, ""high-level"": 4, ""sentiment"": 0}}]}, ""response"": {""answer"": ""맞아요, 요즘 아이들이 친구들과 같이 콘텐츠를 시청하는 경우도 많아요. 그래서 Safeview가 그룹 시청 시에도 작동할 수 있도록 디자인해야 할 것 같아요. 그룹 모드 기능을 추가해볼까요?""}}"
15,2024-08-16 6:47:25,user_feedaback,"{""user_input"": ""응응 부모님이 집에서 관리한다고 하더라도 친구들이랑 같이 부적절한 동영상을 보면, 의도했던 바가 다 없어지는 거니까 그런 경우들도 같이 고려하면 좋을 것 같아."", ""category"": [{""sentence"": ""응응 부모님이 집에서 관리한다고 하더라도 친구들이랑 같이 부적절한 동영상을 보면, 의도했던 바가 다 없어지는 거니까"", ""categories"": ""Statement"", ""type"": ""Evaluation""}, {""sentence"": ""그런 경우들도 같이 고려하면 좋을 것 같아."", ""categories"": ""Statement"", ""type"": ""Recommendation""}], ""new_knowledge"": [""Considering different user scenarios can help in designing a more versatile and user-friendly solution."", ""Considering different user scenarios can help in designing a more versatile and user-friendly solution.""], ""new_actionPlan"": [""Design features that account for group viewing scenarios to ensure the service remains effective and relevant."", ""Incorporate features that support group viewing scenarios to enhance the versatility of the design.""], ""new_thinking"": ""아이들이 친구들과 함께 콘텐츠를 시청할 때도 Safeview가 효과적으로 작동해야겠어. 다양한 사용자 시나리오를 고려하면 더 유연하고 사용자 친화적인 솔루션을 설계할 수 있겠어."", ""evaluation"": {""sentences"": [{""sentence"": ""응응 부모님이 집에서 관리한다고 하더라도 친구들이랑 같이 부적절한 동영상을 보면, 의도했던 바가 다 없어지는 거니까"", ""categories"": ""Statement"", ""type"": ""Evaluation"", ""knowledge"": ""Even with parental control, children might still watch inappropriate videos with friends, negating the intended purpose."", ""evaluation"": {""specificity"": 6, ""justification"": 6, ""active"": 4, ""sentiment"": 0}}, {""sentence"": ""그런 경우들도 같이 고려하면 좋을 것 같아."", ""categories"": ""Statement"", ""type"": ""Recommendation"", ""knowledge"": ""Consider scenarios where children watch videos with friends."", ""evaluation"": {""specificity"": 5, ""justification"": 5, ""active"": 6, ""sentiment"": 1}}]}, ""response"": {""answer"": ""맞아요, 그래서 Safeview가 더 철저하게 작동할 수 있도록 그룹 시청 시나리오도 고려할게요. 친구들과 같이 시청할 때도 부적절한 콘텐츠를 차단하는 기능을 추가할 수 있겠습니다.""}}"
15,2024-08-16 6:47:27,student_question,"{""question"": ""그룹 시청 모드 기능을 추가하려면 어떤 점들을 고려해야 할까요?""}"
15,2024-08-16 6:48:09,user_feedaback,"{""user_input"": ""글쎄 나도 잘 모르겠어. 이런 부분들을 구체적으로 유저 인터뷰때 물어보면 좋을 것 같아!"", ""category"": [{""sentence"": ""이런 부분들을 구체적으로 유저 인터뷰때 물어보면 좋을 것 같아!"", ""categories"": ""Statement"", ""type"": ""Recommendation""}], ""new_knowledge"": [""User interviews can provide valuable insights for refining a design.""], ""new_actionPlan"": [""Conduct user interviews to gather detailed insights and refine the design based on user feedback.""], ""new_thinking"": ""사용자 인터뷰를 통해 디자인을 개선할 수 있는 귀중한 인사이트를 얻을 수 있겠어!"", ""evaluation"": {""sentences"": [{""sentence"": ""이런 부분들을 구체적으로 유저 인터뷰때 물어보면 좋을 것 같아!"", ""categories"": ""Statement"", ""type"": ""Recommendation"", ""knowledge"": ""User interviews should include specific questions about these aspects."", ""evaluation"": {""specificity"": 5, ""justification"": 4, ""active"": 5, ""sentiment"": 1}}]}, ""response"": {""answer"": ""좋은 아이디어네요! 유저 인터뷰를 통해 부모님들의 피드백을 얻어 실제 필요성을 더 구체화해보면 어떨까요?""}}"
15,2024-08-16 6:48:28,user_feedaback,"{""user_input"": ""응응 좋은 생각이야!"", ""category"": [{""sentence"": ""응응 좋은 생각이야!"", ""categories"": ""Statement"", ""type"": ""Evaluation""}], ""new_knowledge"": [""Positive feedback can validate the relevance and potential of a design idea.""], ""new_actionPlan"": [""Continue developing the design idea with confidence, knowing that it has potential and relevance.""], ""new_thinking"": ""긍정적인 피드백은 내 디자인 아이디어의 잠재력과 관련성을 확인해주는구나."", ""evaluation"": {""sentences"": [{""sentence"": ""응응 좋은 생각이야!"", ""categories"": ""Statement"", ""type"": ""Evaluation"", ""knowledge"": ""The mentor agrees that the student's idea is good."", ""evaluation"": {""specificity"": 1, ""justification"": 1, ""active"": 1, ""sentiment"": 1}}]}, ""response"": {""answer"": ""알겠습니다! 필요하신 피드백 부탁드립니다!""}}"
15,2024-08-16 6:49:13,user_feedaback,"{""user_input"": ""그리구 동영상의 적절함도 중요하지만, 동영상을 많이 보면 문제가 되는 것도 중요한 것 같아 그런 부분까지 같이 관리해준다면 어떨까?"", ""category"": [{""sentence"": ""그리구 동영상의 적절함도 중요하지만, 동영상을 많이 보면 문제가 되는 것도 중요한 것 같아"", ""categories"": ""Statement"", ""type"": ""Evaluation""}, {""sentence"": ""그런 부분까지 같이 관리해준다면 어떨까?"", ""categories"": ""Statement"", ""type"": ""Recommendation""}], ""new_knowledge"": [""Understanding the potential issues arising from extensive content consumption is crucial for design considerations."", ""Considering different user scenarios can help in designing a more versatile and user-friendly solution.""], ""new_actionPlan"": [""Investigate the potential negative impacts of extensive content consumption and incorporate features to mitigate these issues in the design."", ""Incorporate features that address various user scenarios, such as group viewing, to enhance the versatility and user-friendliness of the design.""], ""new_thinking"": ""콘텐츠를 많이 보면 문제가 될 수 있다는 점도 중요하구나. 다양한 사용자 시나리오를 고려하면 더 다재다능하고 사용자 친화적인 솔루션을 설계할 수 있겠어."", ""evaluation"": {""sentences"": [{""sentence"": ""그리구 동영상의 적절함도 중요하지만, 동영상을 많이 보면 문제가 되는 것도 중요한 것 같아"", ""categories"": ""Statement"", ""type"": ""Evaluation"", ""knowledge"": ""Excessive video watching can also be problematic."", ""evaluation"": {""specificity"": 5, ""justification"": 4, ""active"": 3, ""sentiment"": 0}}, {""sentence"": ""그런 부분까지 같이 관리해준다면 어떨까?"", ""categories"": ""Statement"", ""type"": ""Recommendation"", ""knowledge"": ""Managing excessive video watching could be beneficial."", ""evaluation"": {""specificity"": 4, ""justification"": 4, ""active"": 5, ""sentiment"": 1}}]}, ""response"": {""answer"": ""맞아요, 그래서 시청 시간도 관리할 수 있는 기능을 추가하는 게 좋을 것 같아요. 일정 시간을 넘으면 알림을 보내거나 자동으로 차단하는 시스템을 설계해볼게요. 부모님이 설정할 수 있도록 옵션을 제공할 예정입니다.""}}"
15,2024-08-16 6:49:14,student_question,"{""question"": ""시청 시간을 관리하는 기능을 추가하려면 어떤 점들을 고려해야 할까요?""}"
15,2024-08-16 6:50:08,user_feedaback,"{""user_input"": ""이건 그냥 내 생각이지만, 시간이 차단되었을 때 아이의 입장에서 동영상을 더 보지 못한 아쉬움이 가중되지 않도록 하는 게 중요할 것 같다는 생각이 들어."", ""category"": [{""sentence"": ""시간이 차단되었을 때 아이의 입장에서 동영상을 더 보지 못한 아쉬움이 가중되지 않도록 하는 게 중요할 것 같다는 생각이 들어."", ""categories"": ""Statement"", ""type"": ""Recommendation""}], ""new_knowledge"": [""Considering the emotional impact on users is crucial when designing restrictions.""], ""new_actionPlan"": [""Design a feature that gently notifies children when their viewing time is up to minimize frustration.""], ""new_thinking"": ""제한을 걸 때 아이들이 느낄 감정적인 영향을 고려하는 것이 중요하구나."", ""evaluation"": {""sentences"": [{""sentence"": ""시간이 차단되었을 때 아이의 입장에서 동영상을 더 보지 못한 아쉬움이 가중되지 않도록 하는 게 중요할 것 같다는 생각이 들어."", ""categories"": ""Statement"", ""type"": ""Recommendation"", ""knowledge"": ""Consider the child's perspective to minimize frustration when viewing time is restricted."", ""evaluation"": {""specificity"": 5, ""justification"": 4, ""active"": 3, ""sentiment"": 0}}]}, ""response"": {""answer"": ""그렇네요. 아이들이 갑자기 차단될 때 당황하지 않도록, 일정 시간 전에 알림을 보내는 기능을 추가하는 게 좋을 것 같아요. '남은 시청 시간'을 표시하고, 끝날 때는 재미있는 메시지나 게임처럼 받아들일 수 있게 해보겠습니다.""}}"
15,2024-08-16 6:50:40,user_feedaback,"{""user_input"": ""응응 그럴 수 있다면 아이 입장에서도 재밌고 건강한 영상 시청을 할 수 있을 것 같아"", ""category"": [{""sentence"": ""응응 그럴 수 있다면 아이 입장에서도 재밌고 건강한 영상 시청을 할 수 있을 것 같아"", ""categories"": ""Statement"", ""type"": ""Evaluation""}], ""new_knowledge"": [""Considering the user's perspective can enhance the design's appeal and effectiveness.""], ""new_actionPlan"": [""Ensure that the design includes features that make the user experience enjoyable and healthy.""], ""new_thinking"": ""사용자의 입장에서 생각하면 디자인의 매력과 효과를 높일 수 있겠어."", ""evaluation"": {""sentences"": [{""sentence"": ""응응 그럴 수 있다면 아이 입장에서도 재밌고 건강한 영상 시청을 할 수 있을 것 같아"", ""categories"": ""Statement"", ""type"": ""Evaluation"", ""knowledge"": ""Ensuring fun and healthy video watching for children is important."", ""evaluation"": {""specificity"": 4, ""justification"": 3, ""active"": 2, ""sentiment"": 1}}]}, ""response"": {""answer"": ""네, 감사합니다! 아이 입장에서 재밌고 건강하게 시청할 수 있는 기능을 더 고민해보겠습니다. 다른 조언이나 피드백이 있다면 말씀해 주세요!""}}"
15,2024-08-16 6:51:24,update_idea,"{""title"": ""Safeview - 아동 안전 콘텐츠 필터링 익스텐션"", ""problem"": ""아동이 스트리밍 플랫폼에서 접근할 수 있는 부적절한 콘텐츠에 무방비로 노출되는 문제를 해결하기 위함입니다. 부모님들이 아이들의 콘텐츠 소비를 완벽하게 관리하는 것이 어렵기 때문에, 사용자가 자유롭게 커스터마이즈할 수 있는 보다 효과적인 필터링 도구가 필요합니다."", ""idea"": ""Safeview 익스텐션은 AI 기반 필터링 기술을 통해 유튜브, 넷플릭스 등의 스트리밍 서비스에서 아동에게 적합한 콘텐츠만 전시되도록 실시간 필터링을 제공합니다. 부모는 연령, 관심사 및 부적합하다고 생각하는 키워드를 설정할 수 있으며, 이를 바탕으로 아동의 시청 경험이 맞춤화 됩니다. 또한 소비한 콘텐츠의 추적 및 관리가 가능하여, 향후 필터링 프로세스의 보다 나은 조정을 위한 피드백을 제공합니다. 그룹 시청 시나리오 또한 고려되어, 친구들과 함께 시청 시에도 안전한 콘텐츠만 접근이 가능하도록 제약을 가합니다. 부모가 설정할 수 있는 시청 시간 제한 기능도 포함되어, 아동이 지나치게 긴 시간 동안 영상을 시청하는 것을 방지합니다.""}"
15,2024-08-16 6:52:50,user_feedaback,"{""user_input"": ""그런데 왜 7세 이하 아동으로 타겟을 한정했는지가 궁금해"", ""category"": [{""sentence"": ""그런데 왜 7세 이하 아동으로 타겟을 한정했는지가 궁금해"", ""categories"": ""Question"", ""type"": ""Deep Reasoning""}], ""new_knowledge"": [""Understanding the rationale behind design decisions is crucial for ensuring their effectiveness.""], ""new_actionPlan"": [""Review and clarify the reasons behind each design decision to ensure they are well-founded and effective.""], ""new_thinking"": ""디자인 결정의 이유를 명확히 이해하는 것이 중요하구나."", ""evaluation"": {""sentences"": [{""sentence"": ""그런데 왜 7세 이하 아동으로 타겟을 한정했는지가 궁금해"", ""categories"": ""Question"", ""type"": ""Deep Reasoning"", ""knowledge"": ""The mentor is questioning the rationale behind targeting children under 7 years old."", ""evaluation"": {""timely"": 5, ""relevance"": 5, ""high-level"": 5, ""specificity"": 0, ""justification"": 0, ""active"": 0, ""sentiment"": 0}}]}, ""response"": {""answer"": ""아, 7세 이하 아동만을 대상으로 한정하지는 않았어요. 모든 연령대의 아동이 안전하게 콘텐츠를 시청할 수 있도록 하는 것이 목표입니다. 연령에 따라 적절한 필터링을 제공하도록 설계할 예정입니다.""}}"
15,2024-08-16 6:53:43,user_feedaback,"{""user_input"": ""아동이 이런 필터링을 어떻게 받아들일지가 나이에 따라 달라질 것 같다는 생각이 들어"", ""category"": [{""sentence"": ""아동이 이런 필터링을 어떻게 받아들일지가 나이에 따라 달라질 것 같다는 생각이 들어"", ""categories"": ""Statement"", ""type"": ""Evaluation""}], ""new_knowledge"": [""Understanding how different age groups perceive and interact with filtering features is crucial for effective design.""], ""new_actionPlan"": [""Conduct user research to understand how children of different age groups perceive and interact with filtering features.""], ""new_thinking"": ""아이들이 나이에 따라 필터링 기능을 어떻게 받아들일지에 대한 이해가 중요하구나."", ""evaluation"": {""sentences"": [{""sentence"": ""아동이 이런 필터링을 어떻게 받아들일지가 나이에 따라 달라질 것 같다는 생각이 들어"", ""categories"": ""Statement"", ""type"": ""Evaluation"", ""knowledge"": ""The acceptance of filtering by children may vary depending on their age."", ""evaluation"": {""specificity"": 5, ""justification"": 4, ""active"": 3, ""sentiment"": 0}}]}, ""response"": {""answer"": ""네, 맞아요. 나이가 어리면 필터링을 받는 걸 받아들이기 쉬울 수도 있지만, 나이가 많은 아이들은 불편함을 느낄 수 있을 것 같아요. 연령별로 알맞게 필터링 방식을 다르게 조정하는 것도 고려해볼게요.""}}"
15,2024-08-16 6:54:11,user_feedaback,"{""user_input"": ""응응 그것도 함께 알아본다면 더 실현가능한 서비스가 될 것 같아!!"", ""category"": [{""sentence"": ""응응 그것도 함께 알아본다면 더 실현가능한 서비스가 될 것 같아!!"", ""categories"": ""Statement"", ""type"": ""Recommendation""}], ""new_knowledge"": [""Collaborating with users can lead to more practical and effective solutions.""], ""new_actionPlan"": [""Conduct user interviews to gather insights and validate the practicality of the design.""], ""new_thinking"": ""사용자와 협력하면 더 실현 가능한 서비스가 될 것 같아!"", ""evaluation"": {""sentences"": [{""sentence"": ""응응 그것도 함께 알아본다면 더 실현가능한 서비스가 될 것 같아!!"", ""categories"": ""Statement"", ""type"": ""Recommendation"", ""knowledge"": ""Considering additional aspects can make the service more feasible."", ""evaluation"": {""specificity"": 4, ""justification"": 3, ""active"": 4, ""sentiment"": 1}}]}, ""response"": {""answer"": ""감사합니다! 아이들의 나이에 맞는 필터링 방식을 다르게 조정할 방법을 더 생각해보겠습니다. 다른 추가 아이디어나 고려 사항이 있으실까요?""}}"
15,2024-08-16 6:54:13,student_question,"{""question"": ""아이들의 연령대나 문화별로 적절한 필터링 방식을 더 세분화하려면 어떤 방식으로 연구를 진행하는 것이 좋을까요?""}"
15,2024-08-16 6:55:12,user_feedaback,"{""user_input"": ""관련 자료를 찾아본 적이 있어? 관련 논문이나 리서치 자료가 있지 않을까? 먼저 데스크 리서치부터 시작해보고 해결안되고 궁금한 지점을 찾아서 다른 방법으로 진행해보자!"", ""category"": [{""sentence"": ""관련 자료를 찾아본 적이 있어?"", ""categories"": ""Question"", ""type"": ""Low-Level""}, {""sentence"": ""관련 논문이나 리서치 자료가 있지 않을까?"", ""categories"": ""Question"", ""type"": ""Low-Level""}, {""sentence"": ""먼저 데스크 리서치부터 시작해보고 해결안되고 궁금한 지점을 찾아서 다른 방법으로 진행해보자!"", ""categories"": ""Statement"", ""type"": ""Recommendation""}], ""new_knowledge"": [""Researching existing resources can provide valuable insights for design improvements."", ""Researching existing literature and resources can provide valuable insights for design improvements."", ""Exploring different approaches can lead to better solutions.""], ""new_actionPlan"": [""Conduct thorough research on existing resources and similar services to gather insights for enhancing the design."", ""Conduct a thorough review of existing literature and resources related to content filtering and child safety to gather insights for enhancing the design."", ""Start with desk research to identify unresolved issues and explore alternative methods to address them.""], ""new_thinking"": ""기존 자원을 조사하면 디자인 개선에 유용한 통찰을 얻을 수 있겠어. 기존 문헌과 자료를 조사하면 디자인 개선에 유용한 통찰을 얻을 수 있겠어. 다양한 접근 방식을 탐구하면 더 나은 해결책을 찾을 수 있겠어!"", ""evaluation"": {""sentences"": [{""sentence"": ""관련 자료를 찾아본 적이 있어?"", ""categories"": ""Question"", ""type"": ""Low-Level"", ""knowledge"": ""Asks if the student has looked for related materials."", ""evaluation"": {""timely"": 5, ""relevance"": 5, ""high-level"": 1, ""specificity"": 0, ""justification"": 0, ""active"": 0, ""sentiment"": 0}}, {""sentence"": ""관련 논문이나 리서치 자료가 있지 않을까?"", ""categories"": ""Question"", ""type"": ""Low-Level"", ""knowledge"": ""Suggests looking for related papers or research materials."", ""evaluation"": {""timely"": 5, ""relevance"": 5, ""high-level"": 1, ""specificity"": 0, ""justification"": 0, ""active"": 0, ""sentiment"": 0}}, {""sentence"": ""먼저 데스크 리서치부터 시작해보고 해결안되고 궁금한 지점을 찾아서 다른 방법으로 진행해보자!"", ""categories"": ""Statement"", ""type"": ""Recommendation"", ""knowledge"": ""Recommends starting with desk research and then addressing unresolved questions with other methods."", ""evaluation"": {""timely"": 0, ""relevance"": 0, ""high-level"": 0, ""specificity"": 6, ""justification"": 5, ""active"": 6, ""sentiment"": 1}}]}, ""response"": {""answer"": ""그렇군요. 먼저 데스크 리서치를 통해 관련 논문과 리서치 자료부터 찾아보겠습니다. 궁금한 점이 생기면 다른 방법으로 추가 연구를 진행해볼게요. 감사합니다!""}}"
15,2024-08-16 6:55:51,update_idea,"{""title"": ""Safeview - 아동 맞춤형 안전 콘텐츠 필터링 익스텐션"", ""problem"": ""스트리밍 플랫폼에서의 다양한 콘텐츠 접근은 아동에게 부적절한 자료에 노출될 위험을 증가시킵니다. 부모가 콘텐츠를 완벽하게 관리하는 것이 현실적으로 어렵기 때문에, 아동의 정서적 및 심리적 안정을 위해 안전하고 적합한 콘텐츠 필터링 도구가 필요합니다."", ""idea"": ""Safeview는 AI 기반 필터링 기술을 활용하여 유튜브, 넷플릭스 등 스트리밍 서비스에서 아동의 연령, 문화, 관심사에 맞는 콘텐츠만을 실시간으로 필터링하고 추천합니다. 부모는 강화된 커스터마이징 기능을 통해 키워드 및 콘텐츠를 직접 관리하며, 시청 시간 제한도 설정할 수 있습니다. 보다 정확한 필터링을 위해 Safeview는 최신 연구 및 부모님의 피드백을 반영할 예정이며, 나이에 따라 느끼는 불편함을 최소화하기 위한 연령별 맞춤형 필터링 방식을 개발합니다. 뿐만 아니라, 친구들과의 그룹 시청 시에도 안전한 필터링을 유지하게 하여, 모든 환경에서 아동의 안전을 보장합니다.""}"
15,2024-08-16 6:57:15,user_feedaback,"{""user_input"": ""응응 지금 되게 많은 포인트를 한꺼번에 고려하고 있는데, 그중 가장 중요한 포인트가 무엇인지도, 리서치를 진행하면서 같이 고려하면 좋을것같아 화이팅!"", ""category"": [{""sentence"": ""응응 지금 되게 많은 포인트를 한꺼번에 고려하고 있는데,"", ""categories"": ""Statement"", ""type"": ""Evaluation""}, {""sentence"": ""그중 가장 중요한 포인트가 무엇인지도,"", ""categories"": ""Question"", ""type"": ""Deep Reasoning""}, {""sentence"": ""리서치를 진행하면서 같이 고려하면 좋을것같아"", ""categories"": ""Statement"", ""type"": ""Recommendation""}], ""new_knowledge"": [""Considering multiple aspects of a design simultaneously can be overwhelming."", ""Identifying the most critical aspect of a design is essential for its success."", ""Collaborating with others during research can lead to more comprehensive insights.""], ""new_actionPlan"": [""Prioritize the most critical design aspects and address them one at a time to avoid being overwhelmed."", ""Determine the most critical aspect of Safeview and ensure it is effectively addressed in the design."", ""Collaborate with peers or experts while conducting research to gain diverse perspectives and deeper insights.""], ""new_thinking"": ""한 번에 너무 많은 디자인 요소를 고려하면 혼란스러울 수 있어. 디자인에서 가장 중요한 요소를 파악하는 것이 성공의 열쇠야. 리서치를 진행하면서 다른 사람들과 협력하면 더 포괄적인 인사이트를 얻을 수 있겠어."", ""evaluation"": {""sentences"": [{""sentence"": ""응응 지금 되게 많은 포인트를 한꺼번에 고려하고 있는데,"", ""categories"": ""Statement"", ""type"": ""Evaluation"", ""knowledge"": ""The student is considering many points simultaneously."", ""evaluation"": {""specificity"": 4, ""justification"": 3, ""active"": 2, ""sentiment"": 0}}, {""sentence"": ""그중 가장 중요한 포인트가 무엇인지도,"", ""categories"": ""Question"", ""type"": ""Deep Reasoning"", ""knowledge"": ""The mentor is asking about the most important point among the many being considered."", ""evaluation"": {""timely"": 5, ""relevance"": 5, ""high-level"": 5, ""specificity"": 0, ""justification"": 0, ""active"": 0, ""sentiment"": 0}}, {""sentence"": ""리서치를 진행하면서 같이 고려하면 좋을것같아"", ""categories"": ""Statement"", ""type"": ""Recommendation"", ""knowledge"": ""The mentor suggests considering the most important point during the research process."", ""evaluation"": {""specificity"": 3, ""justification"": 4, ""active"": 3, ""sentiment"": 1}}]}, ""response"": {""answer"": ""군더더기 없이 핵심을 짚어주셔서 감사합니다. 가장 중요한 포인트가 무엇인지 리서치하면서 우선순위를 정할게요. 프로젝트 화이팅!""}}"
15,2024-08-16 6:57:27,finish,