user_id,timestamp,tag,data
15,2024-08-16 6:13:31,start,
15,2024-08-16 6:14:39,user_feedaback,"{""user_input"": ""일단 재미있는 아이디어인 것 같아. 왜냐하면 내가 강아지를 키운다면 꼭 사서 사용해보고 싶을 것 같거든"", ""category"": [{""sentence"": ""일단 재미있는 아이디어인 것 같아."", ""categories"": ""Statement"", ""type"": ""Evaluation""}, {""sentence"": ""왜냐하면 내가 강아지를 키운다면 꼭 사서 사용해보고 싶을 것 같거든"", ""categories"": ""Statement"", ""type"": ""Evaluation""}], ""new_knowledge"": [""아이디어의 재미 요소는 사용자 참여를 유도할 수 있다."", ""User experience and engagement are crucial for the success of a product.""], ""new_actionPlan"": [""아이디어의 재미 요소를 강조하여 사용자 참여를 높일 수 있는 방법을 모색하자."", ""Ensure that the design idea is engaging and provides a compelling reason for users to try and continue using it.""], ""new_thinking"": ""재미있는 아이디어는 사용자 참여를 유도할 수 있겠구나. 사용자 경험과 참여가 제품 성공의 핵심이구나."", ""evaluation"": {""sentences"": [{""sentence"": ""일단 재미있는 아이디어인 것 같아."", ""categories"": ""Statement"", ""type"": ""Evaluation"", ""knowledge"": ""The idea is interesting."", ""evaluation"": {""specificity"": 1, ""justification"": 1, ""active"": 1, ""sentiment"": 1}}, {""sentence"": ""왜냐하면 내가 강아지를 키운다면 꼭 사서 사용해보고 싶을 것 같거든"", ""categories"": ""Statement"", ""type"": ""Evaluation"", ""knowledge"": ""The idea is appealing to potential users."", ""evaluation"": {""specificity"": 2, ""justification"": 2, ""active"": 1, ""sentiment"": 1}}]}, ""response"": {""answer"": ""감사합니다! 만드는 과정에서 데이터 수집이 중요할 것 같아요. 어떻게 데이터를 수집할지 고민 중이에요.""}}"
15,2024-08-16 6:15:13,user_feedaback,"{""user_input"": ""먼저 궁금한게 강아지 전문가랑 이 아이디어에 대해 이야기해본 적이 있어?"", ""category"": [{""sentence"": ""먼저 궁금한게 강아지 전문가랑 이 아이디어에 대해 이야기해본 적이 있어?"", ""categories"": ""Question"", ""type"": ""Low-Level""}], ""new_knowledge"": [""전문가의 의견을 반영하는 것은 디자인의 신뢰성을 높인다.""], ""new_actionPlan"": [""동물 전문가와 협력하여 아이디어의 타당성을 검토하고 개선점을 찾는다.""], ""new_thinking"": ""전문가의 의견을 반영하면 신뢰성이 높아지겠구나."", ""evaluation"": {""sentences"": [{""sentence"": ""먼저 궁금한게 강아지 전문가랑 이 아이디어에 대해 이야기해본 적이 있어?"", ""categories"": ""Question"", ""type"": ""Low-Level"", ""knowledge"": ""The mentor is asking if the student has discussed the idea with a dog expert."", ""evaluation"": {""timely"": 5, ""relevance"": 5, ""high-level"": 2, ""specificity"": 0, ""justification"": 0, ""active"": 0, ""sentiment"": 0}}]}, ""response"": {""answer"": ""아직 전문가랑 이야기해본 적은 없어요. 그런데 꼭 만나서 얘기해봐야겠네요. 좋은 조언 감사해요!""}}"
15,2024-08-16 6:16:02,user_feedaback,"{""user_input"": ""응 이야기를 하면서 강아지 반응 데이터를 통해 실제로 강아지가 원하는 표현을 알아낼 수 있는지 알 수 있다면 좋을 것 같아."", ""category"": [{""sentence"": ""응 이야기를 하면서 강아지 반응 데이터를 통해 실제로 강아지가 원하는 표현을 알아낼 수 있는지 알 수 있다면 좋을 것 같아."", ""categories"": ""Statement"", ""type"": ""Recommendation""}], ""new_knowledge"": [""실제 사용자 반응을 통해 디자인의 유효성을 검증하는 것이 중요하다.""], ""new_actionPlan"": [""강아지의 반응 데이터를 수집하고 분석하여 디자인의 유효성을 검증하라.""], ""new_thinking"": ""실제 사용자 반응을 통해 디자인의 유효성을 검증하는 것이 중요하구나."", ""evaluation"": {""sentences"": [{""sentence"": ""응 이야기를 하면서 강아지 반응 데이터를 통해 실제로 강아지가 원하는 표현을 알아낼 수 있는지 알 수 있다면 좋을 것 같아."", ""categories"": ""Statement"", ""type"": ""Recommendation"", ""knowledge"": ""Discussing with experts can help determine if dog response data can reveal what dogs want to express."", ""evaluation"": {""specificity"": 5, ""justification"": 4, ""active"": 5, ""sentiment"": 1}}]}, ""response"": {""answer"": ""그렇군요! 전문가와 이야기해서 데이터의 타당성과 정확성을 확인해봐야겠네요.""}}"
15,2024-08-16 6:16:23,user_feedaback,"{""user_input"": ""응응 데이터 수집 방법도 같이 논의해보면 좋겠다"", ""category"": [{""sentence"": ""응응 데이터 수집 방법도 같이 논의해보면 좋겠다"", ""categories"": ""Statement"", ""type"": ""Recommendation""}], ""new_knowledge"": [""Collaborating with others can provide new insights and improve the design process.""], ""new_actionPlan"": [""Discuss data collection methods with experts and peers to refine the approach.""], ""new_thinking"": ""다른 사람들과 협력하면 새로운 통찰을 얻고 디자인 과정을 개선할 수 있겠구나."", ""evaluation"": {""sentences"": [{""sentence"": ""응응 데이터 수집 방법도 같이 논의해보면 좋겠다"", ""categories"": ""Statement"", ""type"": ""Recommendation"", ""knowledge"": ""Discussing data collection methods with experts is beneficial."", ""evaluation"": {""specificity"": 5, ""justification"": 4, ""active"": 5, ""sentiment"": 1}}]}, ""response"": {""answer"": ""말씀 감사합니다! 전문가와 데이터 수집 방안에 대해 심도 있게 논의해볼게요.""}}"
15,2024-08-16 6:17:57,user_feedaback,"{""user_input"": ""그런데 사실 정말로 정확한 강아지 번역기를 만드는 것이 어렵다고 하더라도, 초보 견주가 강아지를 잘 돌볼 수 있도록 도와주기 위해 강아지 번역기라는 컨셉을 이용하는 것도 재밌는 포인트일 것 같아. 너가 의도하는 방향성일지는 잘 모르겠지만. 이것에 대해 어떻게 생각해?"", ""category"": [{""sentence"": ""그런데 사실 정말로 정확한 강아지 번역기를 만드는 것이 어렵다고 하더라도, 초보 견주가 강아지를 잘 돌볼 수 있도록 도와주기 위해 강아지 번역기라는 컨셉을 이용하는 것도 재밌는 포인트일 것 같아."", ""categories"": ""Statement"", ""type"": ""Recommendation""}, {""sentence"": ""너가 의도하는 방향성일지는 잘 모르겠지만."", ""categories"": ""Statement"", ""type"": ""Evaluation""}, {""sentence"": ""이것에 대해 어떻게 생각해?"", ""categories"": ""Question"", ""type"": ""Judgmental""}], ""new_knowledge"": [""Even if achieving perfect accuracy is difficult, creating a concept that aids users can still be valuable."", ""Understanding the direction of your design is crucial for its success."", ""Reflecting on your design idea critically can reveal potential improvements.""], ""new_actionPlan"": [""Focus on developing a prototype that provides useful insights to users, even if it doesn't achieve perfect accuracy."", ""Clarify and define the specific goals and direction of your design idea."", ""Take time to critically evaluate your design idea and identify areas for enhancement.""], ""new_thinking"": ""정확한 번역이 어려워도 사용자에게 도움이 되는 개념을 만드는 것이 가치가 있을 수 있구나. 디자인의 방향성을 명확히 이해하는 것이 중요하구나. 내 디자인 아이디어를 비판적으로 검토하면 개선할 수 있는 부분을 찾을 수 있겠구나."", ""evaluation"": {""sentences"": [{""sentence"": ""그런데 사실 정말로 정확한 강아지 번역기를 만드는 것이 어렵다고 하더라도, 초보 견주가 강아지를 잘 돌볼 수 있도록 도와주기 위해 강아지 번역기라는 컨셉을 이용하는 것도 재밌는 포인트일 것 같아."", ""categories"": ""Statement"", ""type"": ""Recommendation"", ""knowledge"": ""Using the concept of a dog translator to help novice dog owners could be an interesting point."", ""evaluation"": {""specificity"": 5, ""justification"": 4, ""active"": 5, ""sentiment"": 1}}, {""sentence"": ""너가 의도하는 방향성일지는 잘 모르겠지만."", ""categories"": ""Statement"", ""type"": ""Evaluation"", ""knowledge"": ""Uncertainty about whether the suggested direction aligns with the student's intention."", ""evaluation"": {""specificity"": 3, ""justification"": 3, ""active"": 2, ""sentiment"": 0}}, {""sentence"": ""이것에 대해 어떻게 생각해?"", ""categories"": ""Question"", ""type"": ""Judgmental"", ""knowledge"": ""Asking for the student's opinion on the suggested idea."", ""evaluation"": {""timely"": 5, ""relevance"": 5, ""high-level"": 4, ""sentiment"": 0}}]}, ""response"": {""answer"": ""오, 맞아요! 사실 강아지 번역기가 100% 정확하지 않더라도 초보 견주한테 많은 도움을 줄 수 있을 것 같아요. 사용자에게 강아지의 기분이나 상태에 대한 힌트를 주는 정도로도 충분히 의미 있을 것 같아요.""}}"
15,2024-08-16 6:19:24,user_feedaback,"{""user_input"": ""응응 그리고 강아지를 어떻게 돌보아야 할지도 알려주는 거야. 예를 들어, 하루에 리트리버는 하루에 3번 산책을 가는게 좋은데 견주가 그 사실을 모르고 있다면, 그걸 강아지의 목소리로 \""산책가고 싶어요\""라고 알려준다면 어떨까?"", ""category"": [{""sentence"": ""응응 그리고 강아지를 어떻게 돌보아야 할지도 알려주는 거야."", ""categories"": ""Statement"", ""type"": ""Recommendation""}, {""sentence"": ""예를 들어, 하루에 리트리버는 하루에 3번 산책을 가는게 좋은데 견주가 그 사실을 모르고 있다면, 그걸 강아지의 목소리로 '산책가고 싶어요'라고 알려준다면 어떨까?"", ""categories"": ""Statement"", ""type"": ""Recommendation""}], ""new_knowledge"": [""Providing guidance on how to care for pets can enhance the value of the product."", ""Understanding user needs and behaviors can lead to more effective design solutions.""], ""new_actionPlan"": [""Incorporate features that offer care tips and advice for pet owners based on the pet's behavior."", ""Investigate how users currently interpret their pets' behaviors and incorporate these insights into the design.""], ""new_thinking"": ""반려동물 돌봄에 대한 조언을 제공하면 제품의 가치를 높일 수 있겠어. 사용자의 필요와 행동을 이해하면 더 효과적인 디자인 솔루션을 만들 수 있겠구나."", ""evaluation"": {""sentences"": [{""sentence"": ""응응 그리고 강아지를 어떻게 돌보아야 할지도 알려주는 거야."", ""categories"": ""Statement"", ""type"": ""Recommendation"", ""knowledge"": ""The feedback suggests providing guidance on how to care for the dog."", ""evaluation"": {""specificity"": 3, ""justification"": 2, ""active"": 4, ""sentiment"": 1}}, {""sentence"": ""예를 들어, 하루에 리트리버는 하루에 3번 산책을 가는게 좋은데 견주가 그 사실을 모르고 있다면, 그걸 강아지의 목소리로 '산책가고 싶어요'라고 알려준다면 어떨까?"", ""categories"": ""Statement"", ""type"": ""Recommendation"", ""knowledge"": ""The feedback suggests using the dog's voice to inform the owner about the dog's needs, such as walking frequency."", ""evaluation"": {""specificity"": 5, ""justification"": 4, ""active"": 5, ""sentiment"": 1}}]}, ""response"": {""answer"": ""아, 그 아이디어 좋은데요! 강아지 목소리를 통해 견주에게 일상적인 케어 팁을 제공한다는 것도 정말 유용할 것 같아요. 이렇게 하면 반려동물 번역기 기능에 더해 실제 케어 도움까지 줄 수 있겠네요.""}}"
15,2024-08-16 6:20:09,user_feedaback,"{""user_input"": ""헉 맞아 나는 단순한 시나리오만 생각했는데, 너가 재밌는 네이밍을 붙여줬구나."", ""category"": [{""sentence"": ""헉 맞아 나는 단순한 시나리오만 생각했는데,"", ""categories"": ""Statement"", ""type"": ""Evaluation""}, {""sentence"": ""너가 재밌는 네이밍을 붙여줬구나."", ""categories"": ""Statement"", ""type"": ""Evaluation""}], ""new_knowledge"": [""Considering different scenarios can lead to a more comprehensive design."", ""Receiving positive feedback on your idea can validate its potential.""], ""new_actionPlan"": [""Brainstorm various scenarios in which the product could be used to ensure it covers a wide range of user needs."", ""Continue refining and developing the idea, leveraging the positive feedback as motivation.""], ""new_thinking"": ""다양한 시나리오를 고려하면 더 포괄적인 디자인을 만들 수 있겠구나. 내 아이디어가 긍정적인 평가를 받았으니 더 발전시켜야겠어."", ""evaluation"": {""sentences"": [{""sentence"": ""헉 맞아 나는 단순한 시나리오만 생각했는데,"", ""categories"": ""Statement"", ""type"": ""Evaluation"", ""knowledge"": ""The mentor acknowledges the student's broader perspective."", ""evaluation"": {""specificity"": 3, ""justification"": 2, ""active"": 1, ""sentiment"": 1}}, {""sentence"": ""너가 재밌는 네이밍을 붙여줬구나."", ""categories"": ""Statement"", ""type"": ""Evaluation"", ""knowledge"": ""The mentor appreciates the student's creative naming."", ""evaluation"": {""specificity"": 3, ""justification"": 2, ""active"": 1, ""sentiment"": 1}}]}, ""response"": {""answer"": ""아, 네이밍에 신경 써봤어요! 좀 더 눈에 띌 수 있게 해보려고요. '펫 인터프리터' 이런 느낌으로 생각해봤는데, 괜찮을까요?""}}"
15,2024-08-16 6:21:21,user_feedaback,"{""user_input"": ""좀더 친숙한 한국어 이름이라도 좋을 것 같아. 지금까지 나눈 대화를 생각해보면, 강아지 번역기라는 게 정확한 번역 기능에 초점을 맞춘다기보다는 강아지와 주인의 새롭고 재미있는 소통 방식 제안에 더 가까운 것을 보여서.."", ""category"": [{""sentence"": ""좀더 친숙한 한국어 이름이라도 좋을 것 같아."", ""categories"": ""Statement"", ""type"": ""Recommendation""}, {""sentence"": ""지금까지 나눈 대화를 생각해보면, 강아지 번역기라는 게 정확한 번역 기능에 초점을 맞춘다기보다는 강아지와 주인의 새롭고 재미있는 소통 방식 제안에 더 가까운 것을 보여서.."", ""categories"": ""Statement"", ""type"": ""Evaluation""}], ""new_knowledge"": [""Choosing a friendly and appealing name can enhance user engagement."", ""Focusing on creating engaging and novel communication methods can be more impactful than achieving perfect accuracy.""], ""new_actionPlan"": [""Brainstorm and select a name that is friendly and appealing to the target audience."", ""Explore and develop unique and engaging ways for pet owners to interact with their pets through the service.""], ""new_thinking"": ""친근하고 매력적인 이름을 선택하면 사용자 참여를 높일 수 있겠어. 정확한 번역 기능보다는 강아지와 주인이 재미있고 새로운 소통 방식을 제공하는 것이 더 중요할 수 있겠구나."", ""evaluation"": {""sentences"": [{""sentence"": ""좀더 친숙한 한국어 이름이라도 좋을 것 같아."", ""categories"": ""Statement"", ""type"": ""Recommendation"", ""knowledge"": ""A more familiar Korean name might be better."", ""evaluation"": {""specificity"": 3, ""justification"": 2, ""active"": 3, ""sentiment"": 1}}, {""sentence"": ""지금까지 나눈 대화를 생각해보면, 강아지 번역기라는 게 정확한 번역 기능에 초점을 맞춘다기보다는 강아지와 주인의 새롭고 재미있는 소통 방식 제안에 더 가까운 것을 보여서.."", ""categories"": ""Statement"", ""type"": ""Evaluation"", ""knowledge"": ""The dog translator seems more like a new and fun communication method between dogs and owners rather than focusing on accurate translation."", ""evaluation"": {""specificity"": 4, ""justification"": 4, ""active"": 3, ""sentiment"": 1}}]}, ""response"": {""answer"": ""그렇군요! 예를 들어 '강아지 속마음' 같은 이름은 어떨까요? 주인과 강아지가 더욱 친근하게 소통할 수 있는 느낌을 줄 것 같아요.""}}"
15,2024-08-16 6:21:45,user_feedaback,"{""user_input"": ""응응 나라면 한 번쯤 이용해보고 싶을 것 같아"", ""category"": [{""sentence"": ""응응 나라면 한 번쯤 이용해보고 싶을 것 같아"", ""categories"": ""Statement"", ""type"": ""Evaluation""}], ""new_knowledge"": [""Positive user feedback can validate the potential of a design idea.""], ""new_actionPlan"": [""Seek out and gather user feedback to validate and refine the design idea.""], ""new_thinking"": ""사용자들의 긍정적인 피드백이 디자인 아이디어의 잠재력을 검증할 수 있구나."", ""evaluation"": {""sentences"": [{""sentence"": ""응응 나라면 한 번쯤 이용해보고 싶을 것 같아"", ""categories"": ""Statement"", ""type"": ""Evaluation"", ""knowledge"": ""The mentor expresses interest in trying the product."", ""evaluation"": {""specificity"": 2, ""justification"": 3, ""active"": 1, ""sentiment"": 1}}]}, ""response"": {""answer"": ""강아지 번역기가 정말 재미있는 아이디어라고 생각해요! '강아지 속마음' 같은 이름도 친근하고 잘 어울리네요. 개발 과정 중 데이터 수집과 라벨링이 중요해 보이니, 전문가와 충분히 논의하셔야 해요.""}}"
15,2024-08-16 6:22:27,user_feedaback,"{""user_input"": ""맞아! 그리고 강아지 전문가 말고도 실제로 이 서비스를 사용할 강아지 주인들이랑도 한 번 이야기해보면 어떨까? 이것에 대해 생각해봤어?"", ""category"": [{""sentence"": ""그리고 강아지 전문가 말고도 실제로 이 서비스를 사용할 강아지 주인들이랑도 한 번 이야기해보면 어떨까?"", ""categories"": ""Question"", ""type"": ""Generate Design""}, {""sentence"": ""이것에 대해 생각해봤어?"", ""categories"": ""Question"", ""type"": ""Judgmental""}], ""new_knowledge"": [""Engaging with potential users can provide valuable insights for design improvement."", ""Reflecting on your design idea critically can reveal potential improvements.""], ""new_actionPlan"": [""Conduct interviews or surveys with potential users to gather feedback and insights on the service."", ""Critically evaluate the current design idea to identify areas for improvement.""], ""new_thinking"": ""잠재 사용자들과 이야기해보면 디자인 개선에 유용한 인사이트를 얻을 수 있겠구나! 내 디자인 아이디어를 비판적으로 검토하면 개선할 수 있는 부분을 찾을 수 있겠구나."", ""evaluation"": {""sentences"": [{""sentence"": ""그리고 강아지 전문가 말고도 실제로 이 서비스를 사용할 강아지 주인들이랑도 한 번 이야기해보면 어떨까?"", ""categories"": ""Question"", ""type"": ""Generate Design"", ""knowledge"": ""Consider discussing the idea with potential users."", ""evaluation"": {""timely"": 6, ""relevance"": 7, ""high-level"": 5, ""specificity"": 0, ""justification"": 0, ""active"": 0, ""sentiment"": 1}}, {""sentence"": ""이것에 대해 생각해봤어?"", ""categories"": ""Question"", ""type"": ""Judgmental"", ""knowledge"": ""Ask if the student has considered the idea."", ""evaluation"": {""timely"": 5, ""relevance"": 6, ""high-level"": 3, ""specificity"": 0, ""justification"": 0, ""active"": 0, ""sentiment"": 0}}]}, ""response"": {""answer"": ""아, 그건 생각 못했네요. 강아지 주인들의 피드백을 받으면 실제 사용자의 니즈를 더 잘 반영할 수 있을 것 같아요. 꼭 이야기해봐야겠어요!""}}"
15,2024-08-16 6:22:51,user_feedaback,"{""user_input"": ""응 이런 유저 인터뷰를 진행해본 적 있어?"", ""category"": [{""sentence"": ""응 이런 유저 인터뷰를 진행해본 적 있어?"", ""categories"": ""Question"", ""type"": ""Low-Level""}], ""new_knowledge"": [""Engaging with potential users can provide valuable insights for design improvement.""], ""new_actionPlan"": [""Conduct interviews with potential users to gather feedback and insights on the design.""], ""new_thinking"": ""사용자 인터뷰를 통해 디자인 개선에 필요한 귀중한 인사이트를 얻을 수 있겠어!"", ""evaluation"": {""sentences"": [{""sentence"": ""응 이런 유저 인터뷰를 진행해본 적 있어?"", ""categories"": ""Question"", ""type"": ""Low-Level"", ""knowledge"": ""The mentor is asking if the student has conducted user interviews."", ""evaluation"": {""timely"": 5, ""relevance"": 5, ""high-level"": 1, ""specificity"": 0, ""justification"": 0, ""active"": 0, ""sentiment"": 0}}]}, ""response"": {""answer"": ""한 번도 해본 적 없어요. 하지만 강아지 주인들의 의견이 중요할 것 같아요. 그래서 진행해보려고요!""}}"
15,2024-08-16 6:23:58,user_feedaback,"{""user_input"": ""좋은 것 같아!! 한 명씩 인터뷰를 진행하기보다 여러 강아지 주인들이랑 함께 이야기해보면 어떨까? 그럼 다양한 상황이 생각나서 더 재미있는 아이디어가 떠오를지도..! 어떤 방식으로 인터뷰를 하고 싶어?"", ""category"": [{""sentence"": ""좋은 것 같아!!"", ""categories"": ""Statement"", ""type"": ""Evaluation""}, {""sentence"": ""한 명씩 인터뷰를 진행하기보다 여러 강아지 주인들이랑 함께 이야기해보면 어떨까?"", ""categories"": ""Question"", ""type"": ""Generate Design""}, {""sentence"": ""그럼 다양한 상황이 생각나서 더 재미있는 아이디어가 떠오를지도..!"", ""categories"": ""Statement"", ""type"": ""Recommendation""}, {""sentence"": ""어떤 방식으로 인터뷰를 하고 싶어?"", ""categories"": ""Question"", ""type"": ""Generate Design""}], ""new_knowledge"": [""Positive feedback can validate the potential of a design idea."", ""Engaging with multiple users can provide diverse insights for design improvement."", ""Considering various scenarios can lead to more innovative design ideas."", ""User interviews can provide valuable insights for improving the design.""], ""new_actionPlan"": [""Continue developing the design idea with confidence, knowing it has potential."", ""Conduct group discussions with various pet owners to gather a wide range of feedback and insights."", ""Brainstorm different scenarios in which the product could be used to uncover new and interesting features."", ""Plan and conduct user interviews to gather feedback and insights on the design.""], ""new_thinking"": ""긍정적인 피드백은 내 디자인 아이디어의 잠재력을 확인시켜주는구나. 여러 사용자와 함께 이야기하면 다양한 인사이트를 얻을 수 있겠구나! 다양한 상황을 고려하면 더 혁신적인 디자인 아이디어가 나올 수 있겠구나! 사용자 인터뷰를 통해 디자인을 개선할 수 있는 귀중한 인사이트를 얻을 수 있겠구나."", ""evaluation"": {""sentences"": [{""sentence"": ""좋은 것 같아!!"", ""categories"": ""Statement"", ""type"": ""Evaluation"", ""knowledge"": ""The idea is perceived positively."", ""evaluation"": {""specificity"": 1, ""justification"": 1, ""active"": 1, ""sentiment"": 1}}, {""sentence"": ""한 명씩 인터뷰를 진행하기보다 여러 강아지 주인들이랑 함께 이야기해보면 어떨까?"", ""categories"": ""Question"", ""type"": ""Generate Design"", ""knowledge"": ""Consider group interviews with multiple dog owners."", ""evaluation"": {""timely"": 5, ""relevance"": 5, ""high-level"": 5, ""sentiment"": 1}}, {""sentence"": ""그럼 다양한 상황이 생각나서 더 재미있는 아이디어가 떠오를지도..!"", ""categories"": ""Statement"", ""type"": ""Recommendation"", ""knowledge"": ""Group discussions can lead to more diverse and interesting ideas."", ""evaluation"": {""specificity"": 3, ""justification"": 3, ""active"": 3, ""sentiment"": 1}}, {""sentence"": ""어떤 방식으로 인터뷰를 하고 싶어?"", ""categories"": ""Question"", ""type"": ""Generate Design"", ""knowledge"": ""Consider the method of conducting interviews."", ""evaluation"": {""timely"": 5, ""relevance"": 5, ""high-level"": 5, ""sentiment"": 1}}]}, ""response"": {""answer"": ""아, 여러 사람과 함께 인터뷰를 하는 것도 좋은 생각이네요! 강아지 주인들끼리 의견을 나누면서 다양한 상황을 상상할 수 있을 것 같아요. 그룹 인터뷰나 온라인 포럼을 통해 의견을 모아보는 방식으로 진행해보려고 합니다.""}}"
15,2024-08-16 6:24:25,user_feedaback,"{""user_input"": ""오 너무 기대돼! 더 진행해보고 알려주라"", ""category"": [{""sentence"": ""오 너무 기대돼!"", ""categories"": ""Statement"", ""type"": ""Evaluation""}, {""sentence"": ""더 진행해보고 알려주라"", ""categories"": ""Statement"", ""type"": ""Recommendation""}], ""new_knowledge"": [""Positive feedback can validate the potential of a design idea."", ""Providing clear guidance can enhance user experience.""], ""new_actionPlan"": [""Continue developing the design idea with confidence, knowing it has potential."", ""Develop a clear and detailed user guide for the product.""], ""new_thinking"": ""긍정적인 피드백은 디자인 아이디어의 잠재력을 확인시켜줄 수 있어. 사용자에게 명확한 지침을 제공하면 경험이 향상될 수 있겠어."", ""evaluation"": {""sentences"": [{""sentence"": ""오 너무 기대돼!"", ""categories"": ""Statement"", ""type"": ""Evaluation"", ""knowledge"": ""The mentor is expressing excitement and positive anticipation for the student's project."", ""evaluation"": {""specificity"": 2, ""justification"": 2, ""active"": 1, ""sentiment"": 1}}, {""sentence"": ""더 진행해보고 알려주라"", ""categories"": ""Statement"", ""type"": ""Recommendation"", ""knowledge"": ""The mentor is encouraging the student to continue with the project and provide updates."", ""evaluation"": {""specificity"": 3, ""justification"": 3, ""active"": 4, ""sentiment"": 1}}]}, ""response"": {""answer"": ""알겠습니다! 그룹 인터뷰나 온라인 포럼을 통해 강아지 주인들의 의견을 모아보는 걸 더 진행해볼게요. 결과는 조만간 공유드릴게요.""}}"
15,2024-08-16 6:25:39,user_feedaback,"{""user_input"": ""그런데 궁금한 게 있는데, 강아지들이 이야기를 한다면 어떤 종류의 이야기들을 할까? 예전에 아기 울음소리 번역기 제품을 본 적이 있는데, 배고파 잠와 아파 3가지로 분류하더라구 그래서 강아지 번역기도 그것처럼 한정된 이야기만 할 수 있는 것이 아닐까 조금 우려되는 것 같아"", ""category"": [{""sentence"": ""그런데 궁금한 게 있는데, 강아지들이 이야기를 한다면 어떤 종류의 이야기들을 할까?"", ""categories"": ""Question"", ""type"": ""Generate Design""}, {""sentence"": ""예전에 아기 울음소리 번역기 제품을 본 적이 있는데, 배고파 잠와 아파 3가지로 분류하더라구"", ""categories"": ""Statement"", ""type"": ""Information""}, {""sentence"": ""그래서 강아지 번역기도 그것처럼 한정된 이야기만 할 수 있는 것이 아닐까 조금 우려되는 것 같아"", ""categories"": ""Statement"", ""type"": ""Evaluation""}], ""new_knowledge"": [""Exploring different types of interactions can lead to more innovative design ideas."", ""Analyzing existing similar products can provide valuable insights for your design."", ""Considering the limitations of your design can help set realistic expectations.""], ""new_actionPlan"": [""Investigate various types of interactions that pets might have and consider how these can be incorporated into the design."", ""Research and analyze existing products that translate animal sounds to understand their strengths and weaknesses."", ""Evaluate the potential limitations of the design and communicate them clearly to users.""], ""new_thinking"": ""다양한 상호작용 유형을 탐구하면 더 혁신적인 디자인 아이디어를 얻을 수 있겠어. 기존의 유사한 제품을 분석하면 내 디자인에 유용한 인사이트를 얻을 수 있겠어. 디자인의 한계를 고려하는 것이 현실적인 기대를 설정하는 데 도움이 될 수 있겠어."", ""evaluation"": {""sentences"": [{""sentence"": ""그런데 궁금한 게 있는데, 강아지들이 이야기를 한다면 어떤 종류의 이야기들을 할까?"", ""categories"": ""Question"", ""type"": ""Generate Design"", ""knowledge"": ""The mentor is curious about the types of messages dogs might convey if they could talk."", ""evaluation"": {""timely"": 5, ""relevance"": 5, ""high-level"": 5, ""specificity"": 0, ""justification"": 0, ""active"": 0, ""sentiment"": 0}}, {""sentence"": ""예전에 아기 울음소리 번역기 제품을 본 적이 있는데, 배고파 잠와 아파 3가지로 분류하더라구"", ""categories"": ""Statement"", ""type"": ""Information"", ""knowledge"": ""The mentor references a baby cry translator that categorizes cries into three types: hungry, sleepy, and in pain."", ""evaluation"": {""timely"": 0, ""relevance"": 0, ""high-level"": 0, ""specificity"": 5, ""justification"": 5, ""active"": 0, ""sentiment"": 0}}, {""sentence"": ""그래서 강아지 번역기도 그것처럼 한정된 이야기만 할 수 있는 것이 아닐까 조금 우려되는 것 같아"", ""categories"": ""Statement"", ""type"": ""Evaluation"", ""knowledge"": ""The mentor expresses concern that the dog translator might be limited to a few types of messages, similar to the baby cry translator."", ""evaluation"": {""timely"": 0, ""relevance"": 0, ""high-level"": 0, ""specificity"": 5, ""justification"": 5, ""active"": 5, ""sentiment"": -1}}]}, ""response"": {""answer"": ""확실히 강아지 번역기도 아기 울음소리처럼 몇 가지 주된 감정이나 욕구로 한정될 가능성이 높아요. 예를 들어, 배고픔, 산책 욕구, 기분 좋음, 불편함 정도로 나눌 수 있지 않을까요?""}}"
15,2024-08-16 6:27:47,user_feedaback,"{""user_input"": ""아 응응 그렇구나 그런데 대화는 상호작용하는 거잖아. 그런면에서 케어팁을 같이 제공해주는 게 더 좋을 수도 있겠다. 왜냐하면 일단 내가 강아지 말에 대답해줄 수 있는 것도 아니고, 너가 말한 것처럼 강아지가 하는 말들이 '문제를 해결해주세요'에 가까우니까 말이야."", ""category"": [{""sentence"": ""그런데 대화는 상호작용하는 거잖아."", ""categories"": ""Statement"", ""type"": ""Information""}, {""sentence"": ""그런면에서 케어팁을 같이 제공해주는 게 더 좋을 수도 있겠다."", ""categories"": ""Statement"", ""type"": ""Recommendation""}, {""sentence"": ""왜냐하면 일단 내가 강아지 말에 대답해줄 수 있는 것도 아니고,"", ""categories"": ""Statement"", ""type"": ""Information""}, {""sentence"": ""너가 말한 것처럼 강아지가 하는 말들이 '문제를 해결해주세요'에 가까우니까 말이야."", ""categories"": ""Statement"", ""type"": ""Information""}], ""new_knowledge"": [""Effective communication is essential for successful design."", ""Providing additional services can enhance the value of the product."", ""Understanding the limitations of your design can help set realistic expectations."", ""Understanding the types of communication your design will facilitate is crucial.""], ""new_actionPlan"": [""Ensure that the design facilitates clear and engaging communication between users and the product."", ""Consider integrating pet care tips and guidance into the design to increase its value."", ""Identify and acknowledge the limitations of your design to set realistic expectations for users."", ""Identify and categorize the main types of communication your product will support.""], ""new_thinking"": ""효과적인 소통이 성공적인 디자인의 핵심이구나. 추가적인 서비스를 제공하면 제품의 가치를 높일 수 있겠구나. 디자인의 한계를 이해하면 현실적인 기대치를 설정할 수 있겠구나. 내 디자인이 어떤 종류의 소통을 가능하게 할지 이해하는 것이 중요하구나."", ""evaluation"": {""sentences"": [{""sentence"": ""그런데 대화는 상호작용하는 거잖아."", ""categories"": ""Statement"", ""type"": ""Information"", ""knowledge"": ""대화는 상호작용적이다."", ""evaluation"": {""specificity"": 3, ""justification"": 3, ""active"": 2, ""sentiment"": 0}}, {""sentence"": ""그런면에서 케어팁을 같이 제공해주는 게 더 좋을 수도 있겠다."", ""categories"": ""Statement"", ""type"": ""Recommendation"", ""knowledge"": ""케어팁을 제공하는 것이 더 좋을 수 있다."", ""evaluation"": {""specificity"": 4, ""justification"": 4, ""active"": 5, ""sentiment"": 1}}, {""sentence"": ""왜냐하면 일단 내가 강아지 말에 대답해줄 수 있는 것도 아니고,"", ""categories"": ""Statement"", ""type"": ""Information"", ""knowledge"": ""강아지 말에 대답할 수 없다."", ""evaluation"": {""specificity"": 3, ""justification"": 3, ""active"": 2, ""sentiment"": 0}}, {""sentence"": ""너가 말한 것처럼 강아지가 하는 말들이 '문제를 해결해주세요'에 가까우니까 말이야."", ""categories"": ""Statement"", ""type"": ""Information"", ""knowledge"": ""강아지의 말은 문제 해결 요청에 가깝다."", ""evaluation"": {""specificity"": 4, ""justification"": 4, ""active"": 3, ""sentiment"": 0}}]}, ""response"": {""answer"": ""맞아요, 케어 팁을 같이 제공하는 게 더 유용할 것 같아요. 강아지가 '배고파요'라고 짖으면 '밥 주세요'와 함께 식사 시간 조언을 주는 것도 좋겠네요.""}}"
15,2024-08-16 6:28:17,update_idea,"{""title"": ""강아지 속마음: 반려동물과의 깊은 대화를 돕는 케어 보조 서비스"", ""problem"": ""반려견의 목소리를 효과적으로 이해하지 못해, 반려동물의 욕구와 감정을 정확히 파악하는 데 어려움이 있습니다. 초보 견주들은 특히 반려견의 비언어적 신호를 해석하는데 어려움을 겪을 수 있습니다."", ""idea"": ""‘강아지 속마음’은 반려견의 다양한 짖음과 행동을 분석하여 그 의미를 텍스트 및 음성으로 번역해주는 웨어러블 기기 입니다. 이 서비스는 강아지의 기본적인 욕구(배고픔, 산책 필요, 통증 등) 뿐만 아니라, 그들의 감정 상태(기쁨, 슬픔, 불안정 등)를 반영할 수 있는 번역 옵션을 제공하고, 상황에 맞는 케어 팁도 함께 제시합니다. 반려동물 전문가의 검토를 통해 정확도를 높이며, 강아지의 짖음 데이터를 수집하여 지속적으로 모델을 향상시키는 반복 학습 과정을 거칩니다. 사용자는 앱을 통해 강아지의 목소리를 실시간으로 번역 받으며, 강아지와의 소통을 강화할 수 있습니다. 이 서비스는 특히 초보 견주들이 반려견을 이해하고 적절한 케어를 할 수 있도록 도와, 강아지와 견주 사이의 유대감을 향상시키는 데 기여합니다.""}"
15,2024-08-16 6:28:55,user_feedaback,"{""user_input"": ""오 너의 업데이트 아이디어를 봤는데 훨씬 좋아진 것 같아!"", ""category"": [{""sentence"": ""오 너의 업데이트 아이디어를 봤는데 훨씬 좋아진 것 같아!"", ""categories"": ""Statement"", ""type"": ""Evaluation""}], ""new_knowledge"": [""Receiving positive feedback can validate the potential of a design idea.""], ""new_actionPlan"": [""Continue refining and developing the design idea based on the positive feedback received.""], ""new_thinking"": ""긍정적인 피드백을 받으면 디자인 아이디어의 잠재력을 확인할 수 있구나."", ""evaluation"": {""sentences"": [{""sentence"": ""오 너의 업데이트 아이디어를 봤는데 훨씬 좋아진 것 같아!"", ""categories"": ""Statement"", ""type"": ""Evaluation"", ""knowledge"": ""The updated idea has improved significantly."", ""evaluation"": {""specificity"": 2, ""justification"": 1, ""active"": 1, ""sentiment"": 1}}]}, ""response"": {""answer"": ""와, 정말요? 칭찬 감사합니다! 더 나은 서비스가 되도록 계속 발전시키겠습니다. 다음 단계로 실제 제품 프로토타입을 만들어보려고 해요.""}}"
15,2024-08-16 6:29:10,user_feedaback,"{""user_input"": ""응응 어떻게 만들 계획이야?"", ""category"": [{""sentence"": ""응응 어떻게 만들 계획이야?"", ""categories"": ""Question"", ""type"": ""Generate Design""}], ""new_knowledge"": [""Asking questions can lead to new design opportunities.""], ""new_actionPlan"": [""Brainstorm and explore different ways to implement the design idea.""], ""new_thinking"": ""질문을 통해 새로운 디자인 기회를 찾을 수 있겠어."", ""evaluation"": {""sentences"": [{""sentence"": ""응응 어떻게 만들 계획이야?"", ""categories"": ""Question"", ""type"": ""Generate Design"", ""knowledge"": ""The mentor is asking about the student's plan for creating the product."", ""evaluation"": {""timely"": 5, ""relevance"": 5, ""high-level"": 3, ""specificity"": 0, ""justification"": 0, ""active"": 0, ""sentiment"": 0}}]}, ""response"": {""answer"": ""우선 시장 조사부터 시작하려고 해요. 비슷한 제품들의 장단점을 분석하고, 강아지 주인들의 니즈를 파악할 계획이에요. 그런 다음 디자인 스케치를 통해 제품의 외형과 기능을 구체화할 예정입니다.""}}"
15,2024-08-16 6:29:30,user_feedaback,"{""user_input"": ""비슷한 제품이 있어?"", ""category"": [{""sentence"": ""비슷한 제품이 있어?"", ""categories"": ""Question"", ""type"": ""Low-Level""}], ""new_knowledge"": [""Analyzing existing similar products can provide valuable insights for your design.""], ""new_actionPlan"": [""Conduct a market analysis to identify and study similar products, noting their strengths and weaknesses.""], ""new_thinking"": ""비슷한 제품들을 분석하면 내 디자인에 유용한 인사이트를 얻을 수 있겠어."", ""evaluation"": {""sentences"": [{""sentence"": ""비슷한 제품이 있어?"", ""categories"": ""Question"", ""type"": ""Low-Level"", ""knowledge"": ""The mentor is asking if there are similar products in the market."", ""evaluation"": {""timely"": 5, ""relevance"": 5, ""high-level"": 1, ""specificity"": 0, ""justification"": 0, ""active"": 0, ""sentiment"": 0}}]}, ""response"": {""answer"": ""네, 비슷한 제품으로 일본의 'Bowlingual'이라는 강아지 번역기가 있어요. 그 제품의 장단점을 분석해볼 생각이에요. 어떻게 생각하세요?""}}"
15,2024-08-16 6:29:56,user_feedaback,"{""user_input"": ""좋은 것 같아! 그러면 그 제품과 너의 아이디어의 차별점은 뭐야?"", ""category"": [{""sentence"": ""좋은 것 같아!"", ""categories"": ""Statement"", ""type"": ""Evaluation""}, {""sentence"": ""그러면 그 제품과 너의 아이디어의 차별점은 뭐야?"", ""categories"": ""Question"", ""type"": ""Comparison""}], ""new_knowledge"": [""Positive feedback can validate the potential of a design idea."", ""Understanding the differences between your design and existing products can highlight unique value propositions.""], ""new_actionPlan"": [""Continue developing the design idea with confidence, knowing it has potential."", ""Analyze the features and limitations of similar products to identify and emphasize the unique aspects of your design.""], ""new_thinking"": ""긍정적인 피드백은 디자인 아이디어의 잠재력을 검증할 수 있어. 기존 제품과 내 디자인의 차별점을 이해하면 독특한 가치를 강조할 수 있겠어."", ""evaluation"": {""sentences"": [{""sentence"": ""좋은 것 같아!"", ""categories"": ""Statement"", ""type"": ""Evaluation"", ""knowledge"": ""The mentor thinks the student's idea is good."", ""evaluation"": {""specificity"": 1, ""justification"": 1, ""active"": 1, ""sentiment"": 1}}, {""sentence"": ""그러면 그 제품과 너의 아이디어의 차별점은 뭐야?"", ""categories"": ""Question"", ""type"": ""Comparison"", ""knowledge"": ""The mentor is asking about the differences between the student's idea and an existing product."", ""evaluation"": {""timely"": 5, ""relevance"": 5, ""high-level"": 5, ""sentiment"": 0}}]}, ""response"": {""answer"": ""네, Bowlingual은 2000년대 초에 출시된 제품으로, 주로 강아지의 감정을 짧게 표현하는 데 중점을 두고 있어요. 하지만 제 아이디어는 이렇게만 끝나지 않고 강아지의 행동 데이터를 지속적으로 수집하고 학습하는 기능이 있어요. 케어 팁까지 제공해서 주인이 바로 어떻게 대응해야 하는지 알려주는 것이 차별점입니다.""}}"
15,2024-08-16 6:30:34,user_feedaback,"{""user_input"": ""강아지의 행동 데이터를 계속 수집해서 번역기의 성능을 높이는 거야?"", ""category"": [{""sentence"": ""강아지의 행동 데이터를 계속 수집해서 번역기의 성능을 높이는 거야?"", ""categories"": ""Question"", ""type"": ""Generate Design""}], ""new_knowledge"": [""Continuously collecting data can improve the performance of a design.""], ""new_actionPlan"": [""Implement a system to continuously collect and analyze user data to enhance the design's performance.""], ""new_thinking"": ""데이터를 지속적으로 수집하면 성능이 향상될 수 있겠구나."", ""evaluation"": {""sentences"": [{""sentence"": ""강아지의 행동 데이터를 계속 수집해서 번역기의 성능을 높이는 거야?"", ""categories"": ""Question"", ""type"": ""Generate Design"", ""knowledge"": ""The feedback suggests continuously collecting dog behavior data to improve the translator's performance."", ""evaluation"": {""timely"": 6, ""relevance"": 7, ""high-level"": 5, ""specificity"": 0, ""justification"": 0, ""active"": 0, ""sentiment"": 1}}]}, ""response"": {""answer"": ""네, 맞아요. 행동 데이터를 지속적으로 수집하고 AI 모델을 통해 학습하면서 번역기의 성능을 계속해서 높이는 게 목표예요. 이를 통해 주인과 반려견의 소통을 더욱 원활하게 만들고자 합니다.""}}"
15,2024-08-16 6:31:16,user_feedaback,"{""user_input"": ""Bowlingual 에 대한 사람들의 반응은 어땠어? 사람들이 그 제품을 어떻게 사용했는지 궁금해"", ""category"": [{""sentence"": ""Bowlingual 에 대한 사람들의 반응은 어땠어?"", ""categories"": ""Question"", ""type"": ""Low-Level""}, {""sentence"": ""사람들이 그 제품을 어떻게 사용했는지 궁금해"", ""categories"": ""Question"", ""type"": ""Low-Level""}], ""new_knowledge"": [""Understanding user feedback on similar products can provide valuable insights for your design."", ""Understanding how people use a product can provide insights for improvement.""], ""new_actionPlan"": [""Research user feedback on similar products to identify strengths and weaknesses that can inform your design improvements."", ""Conduct user research to gather insights on how people use similar products.""], ""new_thinking"": ""비슷한 제품에 대한 사용자 피드백을 이해하면 내 디자인에 유용한 통찰을 얻을 수 있겠어. 사람들이 그 제품을 어떻게 사용했는지 알아보는 것이 중요하구나."", ""evaluation"": {""sentences"": [{""sentence"": ""Bowlingual 에 대한 사람들의 반응은 어땠어?"", ""categories"": ""Question"", ""type"": ""Low-Level"", ""knowledge"": ""The mentor is asking about the public's reaction to a similar product."", ""evaluation"": {""timely"": 5, ""relevance"": 5, ""high-level"": 2, ""specificity"": 0, ""justification"": 0, ""active"": 0, ""sentiment"": 0}}, {""sentence"": ""사람들이 그 제품을 어떻게 사용했는지 궁금해"", ""categories"": ""Question"", ""type"": ""Low-Level"", ""knowledge"": ""The mentor is curious about how people used a similar product."", ""evaluation"": {""timely"": 5, ""relevance"": 5, ""high-level"": 2, ""specificity"": 0, ""justification"": 0, ""active"": 0, ""sentiment"": 0}}]}, ""response"": {""answer"": ""Bowlingual의 반응은 대체로 호기심을 많이 불러일으켰지만, 실용성 면에서는 아쉬웠다는 평이 많았어요. 사용자들은 번역 정확성과 지속적인 업데이트의 필요성을 제기했거든요. 그래서 '강아지 속마음'은 이런 부분을 개선하려고 해요.""}}"
15,2024-08-16 6:32:57,user_feedaback,"{""user_input"": ""응응 그렇구나! 그런데 이 강아지 번역기를 사용할 때도, 초반에는 정확성이 떨어지고 시간이 갈수록 점점 증가하는거잖아. 그런 주의점을 사용자에게 이해시키되, 사용자가 여전히 제품이 애정을 가지고 사용하며 정확도를 높일 수 있게하는 장치가 있으면 더 좋을 것 같아 "", ""category"": [{""sentence"": ""그런데 이 강아지 번역기를 사용할 때도, 초반에는 정확성이 떨어지고 시간이 갈수록 점점 증가하는거잖아."", ""categories"": ""Statement"", ""type"": ""Information""}, {""sentence"": ""그런 주의점을 사용자에게 이해시키되, 사용자가 여전히 제품이 애정을 가지고 사용하며 정확도를 높일 수 있게하는 장치가 있으면 더 좋을 것 같아"", ""categories"": ""Statement"", ""type"": ""Recommendation""}], ""new_knowledge"": [""Initial accuracy of a design may be low but can improve over time with continuous use."", ""Ensuring users understand the product's limitations while maintaining engagement is crucial.""], ""new_actionPlan"": [""Implement a system for continuous data collection and model improvement to enhance accuracy over time."", ""Clearly communicate the product's limitations to users while emphasizing its benefits and engaging features.""], ""new_thinking"": ""처음에는 정확도가 낮을 수 있지만, 시간이 지남에 따라 개선될 수 있구나. 제품의 한계를 사용자에게 명확히 전달하면서도 흥미를 유지하는 것이 중요하구나."", ""evaluation"": {""sentences"": [{""sentence"": ""그런데 이 강아지 번역기를 사용할 때도, 초반에는 정확성이 떨어지고 시간이 갈수록 점점 증가하는거잖아."", ""categories"": ""Statement"", ""type"": ""Information"", ""knowledge"": ""The accuracy of the dog translator will initially be low and improve over time."", ""evaluation"": {""specificity"": 5, ""justification"": 4, ""active"": 3, ""sentiment"": 0}}, {""sentence"": ""그런 주의점을 사용자에게 이해시키되, 사용자가 여전히 제품이 애정을 가지고 사용하며 정확도를 높일 수 있게하는 장치가 있으면 더 좋을 것 같아"", ""categories"": ""Statement"", ""type"": ""Recommendation"", ""knowledge"": ""It is important to inform users about the initial low accuracy and provide mechanisms to keep them engaged and help improve accuracy."", ""evaluation"": {""specificity"": 5, ""justification"": 5, ""active"": 5, ""sentiment"": 1}}]}, ""response"": {""answer"": ""네, 맞아요. 제품 설명에 초기 정확도를 유의하게 전달하고, 사용자가 더 많은 데이터를 제공할수록 번역 정확도가 향상된다는 점을 강조할 수 있겠네요. 사용자가 애정을 가지고 꾸준히 사용할 수 있도록 보상 시스템이나 사용자 경험을 개선하는 아이디어를 추가해볼게요!""}}"
15,2024-08-16 6:34:07,user_feedaback,"{""user_input"": ""응응 뭔가 점점 더 대화할수록 강아지의 마음을 정확하게 알게 되는게, 점점 이야기를 나눌수록 친구랑 친해지는 과정 같아서 오히려 처음부터 너무 정확한 번역기보다 더 의미있을 수 있을 것 같아. 강아지의 속마음을 알기 위해 노력하는 과정이 생기니깐 말이야"", ""category"": [{""sentence"": ""응응 뭔가 점점 더 대화할수록 강아지의 마음을 정확하게 알게 되는게, 점점 이야기를 나눌수록 친구랑 친해지는 과정 같아서 오히려 처음부터 너무 정확한 번역기보다 더 의미있을 수 있을 것 같아."", ""categories"": ""Statement"", ""type"": ""Evaluation""}, {""sentence"": ""강아지의 속마음을 알기 위해 노력하는 과정이 생기니깐 말이야"", ""categories"": ""Statement"", ""type"": ""Evaluation""}], ""new_knowledge"": [""Gradual improvement in accuracy can enhance user trust and engagement."", ""Understanding the process of interpreting user needs is crucial for design improvement.""], ""new_actionPlan"": [""Communicate to users that the product's accuracy will improve over time with continuous use and data collection."", ""Focus on refining the process of interpreting user needs to enhance the design.""], ""new_thinking"": ""정확도가 점진적으로 향상되면 사용자 신뢰와 참여도가 높아질 수 있겠구나. 사용자 요구를 해석하는 과정이 디자인 개선에 중요하구나."", ""evaluation"": {""sentences"": [{""sentence"": ""응응 뭔가 점점 더 대화할수록 강아지의 마음을 정확하게 알게 되는게, 점점 이야기를 나눌수록 친구랑 친해지는 과정 같아서 오히려 처음부터 너무 정확한 번역기보다 더 의미있을 수 있을 것 같아."", ""categories"": ""Statement"", ""type"": ""Evaluation"", ""knowledge"": ""The process of gradually understanding a dog's feelings through continuous interaction can be more meaningful than having a highly accurate translator from the start."", ""evaluation"": {""specificity"": 6, ""justification"": 5, ""active"": 4, ""sentiment"": 1}}, {""sentence"": ""강아지의 속마음을 알기 위해 노력하는 과정이 생기니깐 말이야"", ""categories"": ""Statement"", ""type"": ""Evaluation"", ""knowledge"": ""The effort to understand a dog's feelings adds value to the process."", ""evaluation"": {""specificity"": 4, ""justification"": 4, ""active"": 3, ""sentiment"": 1}}]}, ""response"": {""answer"": ""네, 강아지와의 관계를 점차적으로 구축하는 과정이 더욱 의미 있을 것 같아요. 사용자들이 점점 더 강아지의 마음을 이해하고, 애정을 가지고 사용하게 하는 데 초점을 맞추면 좋겠어요. 지속적인 피드백을 받고 개선해 나가는 방향으로 생각해볼게요.""}}"
15,2024-08-16 6:34:38,update_idea,"{""title"": ""강아지 속마음: 반려동물과의 깊은 대화를 돕는 케어 보조 서비스"", ""problem"": ""반려동물은 자신의 감정이나 욕구를 직접적으로 표현할 수 없어 종종 주인이 이를 추측하여 결정해야만 하는 경우가 많습니다."", ""idea"": ""‘강아지 속마음’은 반려견의 짖음과 행동을 분석하여 그 의미를 텍스트 및 음성으로 번역해주는 웨어러블 기기입니다. 이 서비스는 강아지의 기본적인 요구 (배고픔, 산책 필요, 통증) 및 감정 상태 (기쁨, 슬픔, 불안)를 반영하는 다양한 번역 옵션을 제공합니다. 또한, 해당 상황에 맞는 적절한 돌봄 팁을 제공하여 주인이 강아지의 요구에 더 잘 반응할 수 있도록 돕습니다. 본 기기는 반려동물 전문가의 검토를 통해 정확도를 높이고 강아지 짖음 데이터를 수집하여 AI 모델을 지속적으로 향상시키는 반복 학습 과정을 거칩니다. 사용자는 모바일 앱을 통해 강아지의 소리를 실시간으로 번역 받게 되며, 이를 통해 강아지와의 소통을 강화하고 유대감을 높일 수 있습니다. 이 서비스는 초보 견주들에게 특히 유용하며, 반려견을 더 잘 이해하고 적절하게 돌볼 수 있도록합니다.""}"
15,2024-08-16 6:35:08,finish,