user_id,timestamp,tag,data
16,2024-08-15 6:08:47,start,
16,2024-08-15 6:10:24,user_feedaback,"{""user_input"": ""Supervised learningd이 뭐야?"", ""category"": [{""sentence"": ""Supervised learningd이 뭐야?"", ""categories"": ""Question"", ""type"": ""Definition""}], ""new_knowledge"": [""Understanding the basics of supervised learning is crucial for developing machine learning models.""], ""new_actionPlan"": [""Research and study the fundamentals of supervised learning to better understand how to apply it to the design idea.""], ""new_thinking"": ""Supervised learning이 뭐지? 기본 개념을 이해하는 것이 중요하겠어."", ""evaluation"": {""sentences"": [{""sentence"": ""Supervised learningd이 뭐야?"", ""categories"": ""Question"", ""type"": ""Definition"", ""knowledge"": ""Supervised learning is a type of machine learning where the model is trained on labeled data."", ""evaluation"": {""timely"": 5, ""relevance"": 5, ""high-level"": 1, ""specificity"": 0, ""justification"": 0, ""active"": 0, ""sentiment"": 0}}]}, ""response"": {""answer"": ""아, Supervised learning은 사람이 데이터를 각각 라벨링해서 그걸 바탕으로 인공지능 모델을 학습시키는 방법이에요. 예를 들어, 강아지 짖는 소리에 '밥줘' 같은 태그를 붙여서 많은 데이터를 제공하면, 모델이 그걸 학습해서 새로운 짖는 소리를 분석할 수 있어요.""}}"
16,2024-08-15 6:11:27,user_feedaback,"{""user_input"": ""음 내가 알기로는 기존에 이미 강아지, 고양이 언어 번역기가 있는 거 같은데 이 아이디어가 가지고 있는 다른 차이점이 뭐야?"", ""category"": [{""sentence"": ""음 내가 알기로는 기존에 이미 강아지, 고양이 언어 번역기가 있는 거 같은데"", ""categories"": ""Statement"", ""type"": ""Information""}, {""sentence"": ""이 아이디어가 가지고 있는 다른 차이점이 뭐야?"", ""categories"": ""Question"", ""type"": ""Comparison""}], ""new_knowledge"": [""It's important to research existing solutions to understand the current landscape and identify gaps."", ""Understanding the unique value proposition of your idea is essential for its success.""], ""new_actionPlan"": [""Conduct a thorough review of existing pet translation technologies to identify their strengths and weaknesses."", ""Identify and articulate the unique aspects of your design idea that differentiate it from existing solutions.""], ""new_thinking"": ""기존에 이미 강아지, 고양이 언어 번역기가 있는 거 같은데, 더 조사해봐야겠어. 내 아이디어가 다른 것들과 어떻게 차별화되는지 명확히 이해하는 것이 중요하구나."", ""evaluation"": {""sentences"": [{""sentence"": ""음 내가 알기로는 기존에 이미 강아지, 고양이 언어 번역기가 있는 거 같은데"", ""categories"": ""Statement"", ""type"": ""Information"", ""knowledge"": ""Existing pet language translators are already available."", ""evaluation"": {""specificity"": 4, ""justification"": 3, ""active"": 2, ""sentiment"": 0}}, {""sentence"": ""이 아이디어가 가지고 있는 다른 차이점이 뭐야?"", ""categories"": ""Question"", ""type"": ""Comparison"", ""knowledge"": ""What are the unique differences of this idea?"", ""evaluation"": {""timely"": 5, ""relevance"": 5, ""high-level"": 4, ""sentiment"": 0}}]}, ""response"": {""answer"": ""아, 기존 번역기랑 차이점은 머신러닝과 강아지 목소리 데이터를 체계적으로 수집하고 라벨링한 점이야. 그리고 목줄에 웨어러블 센서를 달아서 사용자에게 실시간 번역을 제공하는 인터렉션이 새로운 포인트지.""}}"
16,2024-08-15 6:12:41,user_feedaback,"{""user_input"": ""그렇군 그렇다면 반려인이 반려견이 아플 때 빨리 병원에 데려가거나 하는 현실적 문제를 해결할 수 있어서 좋겟다"", ""category"": [{""sentence"": ""그렇다면 반려인이 반려견이 아플 때 빨리 병원에 데려가거나 하는 현실적 문제를 해결할 수 있어서 좋겟다"", ""categories"": ""Statement"", ""type"": ""Evaluation""}], ""new_knowledge"": [""Understanding the practical problems your design can solve is crucial for its success.""], ""new_actionPlan"": [""Identify and address real-world problems that your design can effectively solve.""], ""new_thinking"": ""내 디자인이 실제로 해결할 수 있는 문제를 이해하는 것이 중요하구나."", ""evaluation"": {""sentences"": [{""sentence"": ""그렇다면 반려인이 반려견이 아플 때 빨리 병원에 데려가거나 하는 현실적 문제를 해결할 수 있어서 좋겟다"", ""categories"": ""Statement"", ""type"": ""Evaluation"", ""knowledge"": ""The idea can help pet owners address practical issues like taking their pets to the vet quickly when they are sick."", ""evaluation"": {""specificity"": 5, ""justification"": 4, ""active"": 3, ""sentiment"": 1}}]}, ""response"": {""answer"": ""맞아요! 반려인이 강아지가 아플 때나 불편할 때 즉시 알 수 있어서 반려동물의 건강 관리에 실질적인 도움이 될 거예요. 그래서 이 서비스가 더 유용할 거라고 생각해요.""}}"
16,2024-08-15 6:15:02,user_feedaback,"{""user_input"": ""그런데 반대로 이 서비스를 썼을 때 사람이 강아지의 말을 배울 수 있다는 장점도 있지 않을까? 유튜브 영상중에 사람이 고양이한테 \""맠-옹\""이라고 소리내면 고양이가 자기를 부르는지 알고 깜짝 놀라는 영상이 있었거든. 뭔가 반대로 이런 인터렉션이 보완되면 쫌 더 차별화 되지 않을까?"", ""category"": [{""sentence"": ""그런데 반대로 이 서비스를 썼을 때 사람이 강아지의 말을 배울 수 있다는 장점도 있지 않을까?"", ""categories"": ""Question"", ""type"": ""Generate Design""}, {""sentence"": ""유튜브 영상중에 사람이 고양이한테 '맠-옹'이라고 소리내면 고양이가 자기를 부르는지 알고 깜짝 놀라는 영상이 있었거든."", ""categories"": ""Statement"", ""type"": ""Information""}, {""sentence"": ""뭔가 반대로 이런 인터렉션이 보완되면 쫌 더 차별화 되지 않을까?"", ""categories"": ""Question"", ""type"": ""Generate Design""}], ""new_knowledge"": [""Considering alternative perspectives can reveal additional benefits of your design."", ""Observing real-world examples can provide valuable insights for your design."", ""Considering how interactions can be safeguarded can lead to more differentiated designs.""], ""new_actionPlan"": [""Explore how your design could also help people learn more about their pets' behaviors and needs."", ""Research and analyze real-world examples and case studies to gain insights and inspiration for your design."", ""Explore ways to ensure the interactions in your design are secure and reliable to enhance differentiation.""], ""new_thinking"": ""다른 관점을 고려하면 디자인의 추가적인 이점을 발견할 수 있겠구나? 실제 사례를 관찰하면 디자인에 유용한 통찰을 얻을 수 있겠어. 인터랙션이 보완되면 더 차별화된 디자인이 될 수 있겠지?"", ""evaluation"": {""sentences"": [{""sentence"": ""그런데 반대로 이 서비스를 썼을 때 사람이 강아지의 말을 배울 수 있다는 장점도 있지 않을까?"", ""categories"": ""Question"", ""type"": ""Generate Design"", ""knowledge"": ""The service could help humans learn dog language."", ""evaluation"": {""timely"": 6, ""relevance"": 7, ""high-level"": 5, ""specificity"": 0, ""justification"": 0, ""active"": 0, ""sentiment"": 1}}, {""sentence"": ""유튜브 영상중에 사람이 고양이한테 '맠-옹'이라고 소리내면 고양이가 자기를 부르는지 알고 깜짝 놀라는 영상이 있었거든."", ""categories"": ""Statement"", ""type"": ""Information"", ""knowledge"": ""There is a YouTube video where a person mimics a cat's sound, and the cat responds."", ""evaluation"": {""timely"": 0, ""relevance"": 0, ""high-level"": 0, ""specificity"": 5, ""justification"": 4, ""active"": 3, ""sentiment"": 1}}, {""sentence"": ""뭔가 반대로 이런 인터렉션이 보완되면 쫌 더 차별화 되지 않을까?"", ""categories"": ""Question"", ""type"": ""Generate Design"", ""knowledge"": ""Enhancing the interaction could differentiate the service."", ""evaluation"": {""timely"": 6, ""relevance"": 7, ""high-level"": 5, ""specificity"": 0, ""justification"": 0, ""active"": 0, ""sentiment"": 1}}]}, ""response"": {""answer"": ""선생님 말씀처럼 사람이 강아지의 말을 배우는 것도 재미있는 요소가 될 수 있겠네요. 예를 들어, 반려인이 강아지의 특정 소리를 배우고 따라 해서 소통하는 기능을 추가하면 유익할 것 같아요. 이로 인해 더 강한 유대감이 형성될 것 같네요.""}}"
16,2024-08-15 6:17:13,user_feedaback,"{""user_input"": ""좋다좋다 그리고 이런 번역기가 만들어지면 강아지별로 특성이 어떤지도 파악할 수 있을 거 같아. 다견 가정에서 각 강아지의 특성을 잘 알게되면 강아지에게 필요한 애정표현과 특별 관리도 할 수 있을 거 같아"", ""category"": [{""sentence"": ""그리고 이런 번역기가 만들어지면 강아지별로 특성이 어떤지도 파악할 수 있을 거 같아."", ""categories"": ""Statement"", ""type"": ""Evaluation""}, {""sentence"": ""다견 가정에서 각 강아지의 특성을 잘 알게되면 강아지에게 필요한 애정표현과 특별 관리도 할 수 있을 거 같아"", ""categories"": ""Statement"", ""type"": ""Recommendation""}], ""new_knowledge"": [""Understanding the specific characteristics of different user groups can enhance the design's effectiveness."", ""Understanding the specific characteristics of individual subjects can enhance the effectiveness of your design.""], ""new_actionPlan"": [""Investigate the unique characteristics and needs of different user groups to tailor the design more effectively."", ""Collect and analyze data on the unique characteristics of each subject to tailor the design more effectively.""], ""new_thinking"": ""다양한 사용자 그룹의 특성을 이해하면 디자인의 효과를 높일 수 있겠구나. 각 개체의 특성을 잘 알면 더 효과적인 디자인을 할 수 있겠구나."", ""evaluation"": {""sentences"": [{""sentence"": ""그리고 이런 번역기가 만들어지면 강아지별로 특성이 어떤지도 파악할 수 있을 거 같아."", ""categories"": ""Statement"", ""type"": ""Evaluation"", ""knowledge"": ""The translator can help identify individual dog characteristics."", ""evaluation"": {""specificity"": 5, ""justification"": 4, ""active"": 3, ""sentiment"": 1}}, {""sentence"": ""다견 가정에서 각 강아지의 특성을 잘 알게되면 강아지에게 필요한 애정표현과 특별 관리도 할 수 있을 거 같아"", ""categories"": ""Statement"", ""type"": ""Recommendation"", ""knowledge"": ""Understanding individual dog characteristics can aid in providing appropriate affection and special care."", ""evaluation"": {""specificity"": 5, ""justification"": 4, ""active"": 4, ""sentiment"": 1}}]}, ""response"": {""answer"": ""네, 맞아요! 반려동물 번역기를 통해 각 강아지의 개별 성격과 특성을 파악할 수 있으면, 반려인이 더 맞춤형으로 관리하고 소통할 수 있을 거예요. 예를 들어, 특정 강아지가 유독 잘 짖거나 불안해하는 상황을 알게 된다면, 그에 맞춰 더 필요한 케어를 제공할 수 있겠죠.""}}"
16,2024-08-15 6:17:15,student_question,"{""question"": ""사람이 강아지 말을 배우는 쪽으로 더 강화하면 어떤 혜택을 더 얻을 수 있을까요?""}"
16,2024-08-15 6:18:12,update_idea,"{""title"": ""반려동물 맞춤형 소통 서비스: 팻 토크 트랜슬레이터"", ""problem"": ""반려동물의 감정 상태와 필요사항을 주인이 알 수 없어 반려동물의 건강과 행복을 유지하는 데 어려움이 있습니다."", ""idea"": ""이 서비스는 반려동물의 목소리를 분석하여 특정 감정이나 요구사항을 실시간으로 번역하여 주인에게 알려주는 기술입니다. 첫째, 반려동물의 소리를 데이터베이스에 수집하고, 해당 데이터를 동물 행동 전문가들이 라벨링합니다. 이렇게 구축된 데이터를 바탕으로 고도화된 머신러닝 모델을 통해 감정과 요구를 효과적으로 파악하고 번역합니다. 둘째, 해당 기술은 반려동물의 웨어러블 기기에 탑재되어 평상시 착용이 가능하며, 각기 다른 반응을 실시간으로 스마트폰 앱으로 전송하여 주인이 즉시 확인할 수 있게 합니다. 셋째, 이 서비스는 반익인이 반려동물의 언어와 의사소통 방식을 배울 수 있게 돕는 학습 모듈도 제공하여 사람과 동물 사이의 소통을 극대화합니다. 이로써 반려동물의 웰빙을 증진하고 주인과의 유대감을 강화할 수 있는 방안을 제공합니다.""}"
16,2024-08-15 6:20:24,user_feedaback,"{""user_input"": ""사람들이 강아지의 감정에 대해 더 잘 이해하고 가족 구성원으로 여기는 것을 도와서 세상의 모든 강아지들이 더 행복해지는 미래를 상상할 수 있을 거 같아. 근데 강아지가 받는 스트레스 역시 주인이 더 잘 알게 되니까 가끔은 마음 아픈 경우가 생길수도 있을 거 같아. 강아지 밥을 주려고 출근을 해야 하는데 강아지가 너무 슬퍼하면ㅠㅠ 주인도 마음이 힘들 거 같아."", ""category"": [{""sentence"": ""사람들이 강아지의 감정에 대해 더 잘 이해하고 가족 구성원으로 여기는 것을 도와서 세상의 모든 강아지들이 더 행복해지는 미래를 상상할 수 있을 거 같아."", ""categories"": ""Statement"", ""type"": ""Evaluation""}, {""sentence"": ""근데 강아지가 받는 스트레스 역시 주인이 더 잘 알게 되니까 가끔은 마음 아픈 경우가 생길수도 있을 거 같아."", ""categories"": ""Statement"", ""type"": ""Evaluation""}, {""sentence"": ""강아지 밥을 주려고 출근을 해야 하는데 강아지가 너무 슬퍼하면ㅠㅠ 주인도 마음이 힘들 거 같아."", ""categories"": ""Statement"", ""type"": ""Evaluation""}], ""new_knowledge"": [""Understanding the emotional needs of users can lead to more empathetic and effective design solutions."", ""Understanding the emotional impact of your design on users is crucial for its success."", ""Understanding the emotional impact of your design on users is crucial for its success.""], ""new_actionPlan"": [""Incorporate features that help users better understand and respond to the emotional needs of their pets."", ""Consider the potential emotional responses of users to the design and find ways to mitigate any negative effects."", ""Consider how your design can alleviate emotional stress for users in challenging situations.""], ""new_thinking"": ""사용자의 감정적 요구를 이해하면 더 공감적이고 효과적인 디자인 솔루션을 만들 수 있겠어. 사용자가 디자인에 대해 느끼는 감정적 영향을 이해하는 것이 중요하구나. 사용자가 어려운 상황에서 느끼는 감정적 스트레스를 줄이는 것이 중요하구나."", ""evaluation"": {""sentences"": [{""sentence"": ""사람들이 강아지의 감정에 대해 더 잘 이해하고 가족 구성원으로 여기는 것을 도와서 세상의 모든 강아지들이 더 행복해지는 미래를 상상할 수 있을 거 같아."", ""categories"": ""Statement"", ""type"": ""Evaluation"", ""knowledge"": ""Understanding a dog's emotions can help people treat them as family members, leading to a happier future for all dogs."", ""evaluation"": {""specificity"": 5, ""justification"": 4, ""active"": 3, ""sentiment"": 1}}, {""sentence"": ""근데 강아지가 받는 스트레스 역시 주인이 더 잘 알게 되니까 가끔은 마음 아픈 경우가 생길수도 있을 거 같아."", ""categories"": ""Statement"", ""type"": ""Evaluation"", ""knowledge"": ""Owners will also become more aware of their dog's stress, which can sometimes be emotionally challenging."", ""evaluation"": {""specificity"": 4, ""justification"": 4, ""active"": 2, ""sentiment"": -1}}, {""sentence"": ""강아지 밥을 주려고 출근을 해야 하는데 강아지가 너무 슬퍼하면ㅠㅠ 주인도 마음이 힘들 거 같아."", ""categories"": ""Statement"", ""type"": ""Evaluation"", ""knowledge"": ""If a dog is very sad when the owner leaves for work, it can be emotionally difficult for the owner."", ""evaluation"": {""specificity"": 4, ""justification"": 3, ""active"": 2, ""sentiment"": -1}}]}, ""response"": {""answer"": ""맞아요, 반려인의 삶에 감정적으로 더 깊이 연결될 수 있어요. 하지만 슬픔이나 불안이 반려인에게도 전해질 수 있는 점은 고민이 필요할 것 같아요. 감정 케어 기능도 추가하면 어떨까요? 예를 들어, 반려동물과 주인이 함께 이용할 수 있는 놀이 기능이 있으면 감정 안정에 도움이 될 것 같아요.""}}"
16,2024-08-15 6:21:45,user_feedaback,"{""user_input"": ""오~ 좋은 생각이다 그런 부가적인 놀이, 활동 추천 기능은 서비스에 어떤 식으로 녹일 수 있을까? "", ""category"": [{""sentence"": ""오~ 좋은 생각이다"", ""categories"": ""Statement"", ""type"": ""Evaluation""}, {""sentence"": ""그런 부가적인 놀이, 활동 추천 기능은 서비스에 어떤 식으로 녹일 수 있을까?"", ""categories"": ""Question"", ""type"": ""Generate Design""}], ""new_knowledge"": [""Positive feedback can indicate that the current design direction is on the right track."", ""Considering additional interactive features can enhance user engagement.""], ""new_actionPlan"": [""Continue refining and developing the current design idea, ensuring to address any remaining gaps or potential improvements."", ""Explore and integrate playful and interactive features that can be used by both pets and owners to improve emotional well-being.""], ""new_thinking"": ""긍정적인 피드백은 현재 디자인 방향이 올바르다는 신호일 수 있어! 추가적인 인터랙티브 기능을 고려하면 사용자 참여를 높일 수 있겠어."", ""evaluation"": {""sentences"": [{""sentence"": ""오~ 좋은 생각이다"", ""categories"": ""Statement"", ""type"": ""Evaluation"", ""knowledge"": ""The mentor thinks the idea is good."", ""evaluation"": {""specificity"": 1, ""justification"": 1, ""active"": 1, ""sentiment"": 1}}, {""sentence"": ""그런 부가적인 놀이, 활동 추천 기능은 서비스에 어떤 식으로 녹일 수 있을까?"", ""categories"": ""Question"", ""type"": ""Generate Design"", ""knowledge"": ""The mentor is asking how additional play and activity recommendation features can be integrated into the service."", ""evaluation"": {""timely"": 5, ""relevance"": 5, ""high-level"": 5, ""sentiment"": 0}}]}, ""response"": {""answer"": ""감사합니다! 기본적인 번역 기능 외에 앱 안에 반려동물과 함께 하는 놀이, 활동 추천 섹션을 만들 수 있어요. 반려동물의 감정 상태를 분석해서 그에 맞는 놀이나 산책 경로를 제안하는 기능을 추가하면 좋을 것 같아요.""}}"
16,2024-08-15 6:21:48,student_question,"{""question"": ""선생님, 반려동물과 함께 이용할 수 있는 감정 안정 놀이 기능을 추가할 때 어떤 요소를 고려해야 할까요?""}"
16,2024-08-15 6:23:35,user_feedaback,"{""user_input"": ""추천되는 놀이들이 정말로 믿을만한지 전문가의 판단과 꿀팁 같은 것이 있으면 좋을 거 같아. 유명한 훈련사가 놀이를 하는 방법에 대한 유의점을 담은 영상이나 컨텐츠가 같이 첨부되면 좋지 않을까?"", ""category"": [{""sentence"": ""추천되는 놀이들이 정말로 믿을만한지 전문가의 판단과 꿀팁 같은 것이 있으면 좋을 거 같아."", ""categories"": ""Statement"", ""type"": ""Recommendation""}, {""sentence"": ""유명한 훈련사가 놀이를 하는 방법에 대한 유의점을 담은 영상이나 컨텐츠가 같이 첨부되면 좋지 않을까?"", ""categories"": ""Statement"", ""type"": ""Recommendation""}], ""new_knowledge"": [""Validating design ideas with expert opinions can enhance credibility."", ""Incorporating well-known training methods or content can enhance user engagement and acceptance.""], ""new_actionPlan"": [""Seek feedback from animal behavior experts to validate the proposed interactive features."", ""Research and integrate popular training methods or content into the design to increase user engagement.""], ""new_thinking"": ""전문가의 의견을 통해 디자인 아이디어의 신뢰성을 높일 수 있겠어. 유명한 훈련사나 콘텐츠를 포함하면 사용자 참여도가 높아질 수 있겠구나."", ""evaluation"": {""sentences"": [{""sentence"": ""추천되는 놀이들이 정말로 믿을만한지 전문가의 판단과 꿀팁 같은 것이 있으면 좋을 거 같아."", ""categories"": ""Statement"", ""type"": ""Recommendation"", ""knowledge"": ""Expert judgment and tips can enhance the credibility of recommended activities."", ""evaluation"": {""specificity"": 6, ""justification"": 5, ""active"": 5, ""sentiment"": 1}}, {""sentence"": ""유명한 훈련사가 놀이를 하는 방법에 대한 유의점을 담은 영상이나 컨텐츠가 같이 첨부되면 좋지 않을까?"", ""categories"": ""Statement"", ""type"": ""Recommendation"", ""knowledge"": ""Including videos or content from famous trainers can be beneficial."", ""evaluation"": {""specificity"": 6, ""justification"": 5, ""active"": 5, ""sentiment"": 1}}]}, ""response"": {""answer"": ""맞아요! 유명한 훈련사나 행동 전문가의 조언을 포함한 콘텐츠가 있으면 신뢰도가 높아질 거예요. 훈련사의 놀이 유의점 영상을 앱에 첨부하는 걸 고려하면 좋겠네요.""}}"
16,2024-08-15 6:24:39,user_feedaback,"{""user_input"": ""응 근데 그런 컨텐츠가 너무 길거나 현실적으로 불가능한 것들이면 주인이 또 부담을 느낄 수 있을 거 같아. 그런 꿀팁들을 주인이 부담없이 확인할 수 있는 방법에는 무엇이 있을까?"", ""category"": [{""sentence"": ""응 근데 그런 컨텐츠가 너무 길거나 현실적으로 불가능한 것들이면 주인이 또 부담을 느낄 수 있을 거 같아."", ""categories"": ""Statement"", ""type"": ""Evaluation""}, {""sentence"": ""그런 꿀팁들을 주인이 부담없이 확인할 수 있는 방법에는 무엇이 있을까?"", ""categories"": ""Question"", ""type"": ""Generate Design""}], ""new_knowledge"": [""Ensuring the feasibility and practicality of design features is crucial to avoid user frustration."", ""Ensuring that users can verify the reliability of recommendations is crucial for user trust.""], ""new_actionPlan"": [""Review the proposed features to ensure they are practical and feasible for users to implement and benefit from."", ""Incorporate features that allow users to verify the reliability of recommendations, such as expert endorsements or user reviews.""], ""new_thinking"": ""디자인 기능의 실현 가능성과 실용성을 보장하는 것이 중요하구나. 사용자가 추천의 신뢰성을 확인할 수 있는 기능이 중요하구나."", ""evaluation"": {""sentences"": [{""sentence"": ""응 근데 그런 컨텐츠가 너무 길거나 현실적으로 불가능한 것들이면 주인이 또 부담을 느낄 수 있을 거 같아."", ""categories"": ""Statement"", ""type"": ""Evaluation"", ""knowledge"": ""Long or unrealistic content can burden the pet owner."", ""evaluation"": {""specificity"": 5, ""justification"": 5, ""active"": 4, ""sentiment"": -1}}, {""sentence"": ""그런 꿀팁들을 주인이 부담없이 확인할 수 있는 방법에는 무엇이 있을까?"", ""categories"": ""Question"", ""type"": ""Generate Design"", ""knowledge"": ""Finding ways for pet owners to easily access tips."", ""evaluation"": {""timely"": 5, ""relevance"": 5, ""high-level"": 5, ""sentiment"": 0}}]}, ""response"": {""answer"": ""짧고 쉽게 따라 할 수 있는 영상이나 간단한 가이드라인을 제공하면 좋을 것 같아요. 예를 들어, 1분 내외의 동영상 클립이나 간단한 텍스트 팁을 제공하는 방식이 부담을 줄일 수 있을 거예요.""}}"
16,2024-08-15 6:25:53,user_feedaback,"{""user_input"": ""응 좋다 좋다 그런데 이 부가기능에 대한 이야기 보다 LLM을 썼을 때 생기는 고려지점에 대해 더 고려하면 좋을 거 같아. 이 프로젝트의 메인 아이디어는 번역이니까"", ""category"": [{""sentence"": ""그런데 이 부가기능에 대한 이야기 보다 LLM을 썼을 때 생기는 고려지점에 대해 더 고려하면 좋을 거 같아."", ""categories"": ""Statement"", ""type"": ""Recommendation""}, {""sentence"": ""이 프로젝트의 메인 아이디어는 번역이니까"", ""categories"": ""Statement"", ""type"": ""Evaluation""}], ""new_knowledge"": [""Considering potential challenges and limitations of new features is crucial for a robust design."", ""Understanding the core idea of your project is essential for its success.""], ""new_actionPlan"": [""Evaluate the potential challenges and limitations of the new interactive features to ensure they are feasible and practical."", ""Ensure that the main idea of the project is clearly defined and communicated.""], ""new_thinking"": ""새로운 기능을 추가할 때 발생할 수 있는 문제점과 한계를 고려하는 것이 중요하구나. 프로젝트의 핵심 아이디어를 명확히 이해하는 것이 중요하구나."", ""evaluation"": {""sentences"": [{""sentence"": ""그런데 이 부가기능에 대한 이야기 보다 LLM을 썼을 때 생기는 고려지점에 대해 더 고려하면 좋을 거 같아."", ""categories"": ""Statement"", ""type"": ""Recommendation"", ""knowledge"": ""Consider the implications of using LLM over additional features."", ""evaluation"": {""specificity"": 5, ""justification"": 4, ""active"": 5, ""sentiment"": 0}}, {""sentence"": ""이 프로젝트의 메인 아이디어는 번역이니까"", ""categories"": ""Statement"", ""type"": ""Evaluation"", ""knowledge"": ""The main idea of the project is translation."", ""evaluation"": {""specificity"": 3, ""justification"": 3, ""active"": 2, ""sentiment"": 0}}]}, ""response"": {""answer"": ""맞아요! 메인 아이디어인 번역 기능에 더 집중해야겠네요. LLM 사용 시 데이터 양과 품질, 모델 정확도, 실시간 처리 속도를 고려해야 할 것 같아요. 특히, 반려동물의 다양한 소리를 정확하게 분석할 수 있는 가능성을 높이는 것이 중요하겠네요.""}}"
16,2024-08-15 6:25:55,student_question,"{""question"": ""LLM을 썼을 때, 번역 기능의 정확도를 더욱 높이기 위해 어떤 방향으로 개선해야 할까요?""}"
16,2024-08-15 6:26:41,update_idea,"{""title"": ""반려동물 맞춤형 소통 강화 서비스: 팻 토크 트랜슬레이터"", ""problem"": ""반려동물과의 의사소통 부족으로 인해 반려인은 반려동물의 정확한 요구사항과 감정상태를 파악하기 어렵습니다. 이로 인해 반려동물의 건강 및 정서 관리에 어려움을 겪을 수 있습니다."", ""idea"": ""이 서비스는 반려동물의 소리와 행동을 분석하여 정확한 감정과 요구를 실시간으로 번역하고 반려인에게 알려주는 기술을 제공합니다. 첫째, 웨어러블 기기를 통해 데이터를 수집하고, 강화된 머신 러닝 모델을 사용하여 번역의 정확도를 높입니다. 둘째, 반려동물의 감정을 이해하고 적절하게 대응할 수 있도록 돕는 인터랙티브 기능을 추가합니다. 예를 들어, 반려동물이 스트레스를 받을 때 즐길 수 있는 놀이나 활동을 추천해주는 섹션을 앱에 통합합니다. 셋째, 전문가의 도움을 받아 신뢰성 있는 놀이 방법을 제공하며, 간단하고 실용적인 영상과 팁으로 구성된 콘텐츠를 포함시켜 사용자가 쉽게 따라 할 수 있도록 합니다. 넷째, 반려동물과의 감정적 유대를 강화하기 위해 사용자가 반려동물의 언어를 배울 수 있도록 지원하는 교육 모듈을 제공합니다. 이러한 방식으로, 반려동물의 복지를 증진하고 반려인과의 관계를 더 강화할 수 있는 방안을 제시합니다.""}"
16,2024-08-15 6:29:12,user_feedaback,"{""user_input"": ""강아지 음성에만 집중해있는데 부가적인 종류의 데이터를 얻을 수도 있을 거 같아. 만약에 강아지가 너무 짖어서 성대수술을 하거나 하는 경우도 있으니까. 그리고 강아지는 다른 동물에 비해 표정이 굉장히 다양해서 이런 것들도 활용해볼 수 있지 않을까?"", ""category"": [{""sentence"": ""강아지 음성에만 집중해있는데 부가적인 종류의 데이터를 얻을 수도 있을 거 같아."", ""categories"": ""Statement"", ""type"": ""Recommendation""}, {""sentence"": ""만약에 강아지가 너무 짖어서 성대수술을 하거나 하는 경우도 있으니까."", ""categories"": ""Statement"", ""type"": ""Information""}, {""sentence"": ""그리고 강아지는 다른 동물에 비해 표정이 굉장히 다양해서 이런 것들도 활용해볼 수 있지 않을까?"", ""categories"": ""Question"", ""type"": ""Proposal/Negotiation""}], ""new_knowledge"": [""Considering additional data sources can enhance the robustness of your design."", ""Considering edge cases and exceptions is crucial for a robust design."", ""Understanding the diversity of expressions among different subjects can enhance the design's adaptability.""], ""new_actionPlan"": [""Explore and integrate diverse data sources to improve the accuracy and reliability of the translation feature."", ""Identify and address potential edge cases and exceptions in the design to ensure robustness."", ""Investigate how the design can accommodate the diverse expressions of different subjects to improve its adaptability.""], ""new_thinking"": ""다양한 데이터 소스를 고려하면 디자인의 견고성을 높일 수 있겠어. 예외 상황과 특수한 경우를 고려하는 것이 견고한 디자인에 필수적이야. 강아지마다 표현이 다를 수 있다는 점을 고려해야겠어."", ""evaluation"": {""sentences"": [{""sentence"": ""강아지 음성에만 집중해있는데 부가적인 종류의 데이터를 얻을 수도 있을 거 같아."", ""categories"": ""Statement"", ""type"": ""Recommendation"", ""knowledge"": ""Additional types of data can be collected beyond just dog vocalizations."", ""evaluation"": {""specificity"": 5, ""justification"": 4, ""active"": 5, ""sentiment"": 0}}, {""sentence"": ""만약에 강아지가 너무 짖어서 성대수술을 하거나 하는 경우도 있으니까."", ""categories"": ""Statement"", ""type"": ""Information"", ""knowledge"": ""Excessive barking in dogs can lead to vocal cord surgery."", ""evaluation"": {""specificity"": 5, ""justification"": 4, ""active"": 3, ""sentiment"": -1}}, {""sentence"": ""그리고 강아지는 다른 동물에 비해 표정이 굉장히 다양해서 이런 것들도 활용해볼 수 있지 않을까?"", ""categories"": ""Question"", ""type"": ""Proposal/Negotiation"", ""knowledge"": ""Dogs have a wide range of facial expressions that can be utilized."", ""evaluation"": {""timely"": 5, ""relevance"": 5, ""high-level"": 4, ""sentiment"": 1}}]}, ""response"": {""answer"": ""맞아요, 성대수술 등으로 강아지가 짖지 못할 때도 고려해야 해요. 표정 인식 기술을 통해 강아지의 다양한 감정 표현을 분석하는 것도 좋은 아이디어 같아요. 강아지의 몸짓, 표정, 소리 등 여러 요소를 종합적으로 분석하면 번역 정확도를 높일 수 있을 거예요.""}}"
16,2024-08-15 6:30:48,user_feedaback,"{""user_input"": ""응 근데 이게 좋은 아이디어긴 한데 현실적으로 가능한 부분인지도 생각해보는게 좋을 거 같아. 이런 상상들을 현실로 가져오려면 지금 기술이 어느정도로 발전했는지도 같이 생각해보면 좋을 거 같아. 너 생각에는 실제 개발이 어느정도 가능한 거 같니?"", ""category"": [{""sentence"": ""응 근데 이게 좋은 아이디어긴 한데 현실적으로 가능한 부분인지도 생각해보는게 좋을 거 같아."", ""categories"": ""Statement"", ""type"": ""Evaluation""}, {""sentence"": ""이런 상상들을 현실로 가져오려면 지금 기술이 어느정도로 발전했는지도 같이 생각해보면 좋을 거 같아."", ""categories"": ""Statement"", ""type"": ""Recommendation""}, {""sentence"": ""너 생각에는 실제 개발이 어느정도 가능한 거 같니?"", ""categories"": ""Question"", ""type"": ""Judgmental""}], ""new_knowledge"": [""Evaluating the feasibility of design ideas is crucial for their success."", ""Understanding the current state of technology is crucial for realistic design implementation."", ""Evaluating the feasibility of your design is crucial for its success.""], ""new_actionPlan"": [""Assess the practicality and feasibility of the proposed features in the current design idea."", ""Research the latest advancements in relevant technologies to ensure the feasibility of your design."", ""Conduct a feasibility study to assess the practicality and potential challenges of implementing the design idea.""], ""new_thinking"": ""디자인 아이디어의 실현 가능성을 평가하는 것이 중요하구나. 현재 기술의 발전 상황을 이해하는 것이 현실적인 디자인 구현에 중요하구나. 내 디자인이 실제로 구현 가능한지 평가하는 것이 중요하구나."", ""evaluation"": {""sentences"": [{""sentence"": ""응 근데 이게 좋은 아이디어긴 한데 현실적으로 가능한 부분인지도 생각해보는게 좋을 거 같아."", ""categories"": ""Statement"", ""type"": ""Evaluation"", ""knowledge"": ""Consider the feasibility of the idea."", ""evaluation"": {""specificity"": 4, ""justification"": 4, ""active"": 3, ""sentiment"": 0}}, {""sentence"": ""이런 상상들을 현실로 가져오려면 지금 기술이 어느정도로 발전했는지도 같이 생각해보면 좋을 거 같아."", ""categories"": ""Statement"", ""type"": ""Recommendation"", ""knowledge"": ""Consider the current state of technology for implementation."", ""evaluation"": {""specificity"": 4, ""justification"": 4, ""active"": 3, ""sentiment"": 0}}, {""sentence"": ""너 생각에는 실제 개발이 어느정도 가능한 거 같니?"", ""categories"": ""Question"", ""type"": ""Judgmental"", ""knowledge"": ""Assess the feasibility of actual development."", ""evaluation"": {""timely"": 4, ""relevance"": 4, ""high-level"": 3, ""sentiment"": 0}}]}, ""response"": {""answer"": ""실제 개발 가능성을 고려하면 기술적으로 충분히 발전한 상태는 아니지만, 몇 가지 부분에서 가능성을 볼 수 있어요. 머신러닝과 웨어러블 기술은 이미 많은 발전을 이루었으니까요. 다만, 반려동물의 다양한 소리와 표정을 정확하게 해석하는 건 조금 더 연구와 개발이 필요할 것 같아요.""}}"
16,2024-08-15 6:30:49,student_question,"{""question"": ""실제 기술 수준이 어느 정도인지 검토할 때 추가적으로 어떤 요소들을 고려해야 할까요?""}"
16,2024-08-15 6:31:21,update_idea,"{""title"": ""반려동물 맞춤형 소통 강화 서비스: 팻 토크 트랜슬레이터"", ""problem"": ""반려동물이 자신의 감정이나 상태를 직접 표현할 수 없어 주인이 반려동물의 필요를 정확하게 파악하기 어려울 수 있습니다."", ""idea"": ""이 서비스는 고급 머신러닝 기술과 다양한 데이터 소스를 통합하여 반려동물의 소리와 행동을 정확하고 실시간으로 번역함으로써 주인과 반려동물 간의 소통을 강화합니다. 첫째, 비정상적인 행동 패턴이나 예외 사례들을 파악하고 처리할 수 있는 능력을 강화합니다. 예를 들어, 성대 수술을 받은 강아지나 다양한 표정을 가진 반려동물의 감정 상태를 분석할 수 있도록 표정 인식 기술을 추가합니다. 둘째, 웨어러블 디바이스와 모바일 앱을 통해 반려인이 강아지의 감정과 욕구를 쉽고 신속하게 이해할 수 있도록 지원합니다. 셋째, 반려동물의 다양한 감정 상태에 맞는 적절한 놀이나 활동을 추천하는 기능을 통합합니다. 이 기능은 행동 전문가와 훈련사의 검증을 거쳐 신뢰할 수 있는 정보를 제공합니다. 넷째, 이 모든 기능의 실현 가능성을 평가하기 위해 철저한 기술 검토와 현실적인 테스트를 계획하여 현재 기술 수준에서의 구현 가능성을 높입니다.""}"
16,2024-08-15 6:31:27,finish,