user_id,timestamp,tag,data
18,2024-08-12 10:14:21,start,
18,2024-08-12 10:16:47,user_feedaback,"{""user_input"": ""안녕 동건아, 우선 아이디어는 매우 좋은 것 같다. 혹시 아동학대 관련으로 선행 자료 조사를 해본 적이 있니? 아이디어 구체화를 위해서는 먼저 구체적으로 아동학대와 관련해서 기존에 어떤 문제가 있는지 잘 알아야 할 것 같단다."", ""category"": [{""sentence"": ""안녕 동건아, 우선 아이디어는 매우 좋은 것 같다."", ""categories"": ""Statement"", ""type"": ""Evaluation""}, {""sentence"": ""혹시 아동학대 관련으로 선행 자료 조사를 해본 적이 있니?"", ""categories"": ""Question"", ""type"": ""Low-Level""}, {""sentence"": ""아이디어 구체화를 위해서는 먼저 구체적으로 아동학대와 관련해서 기존에 어떤 문제가 있는지 잘 알아야 할 것 같단다."", ""categories"": ""Statement"", ""type"": ""Recommendation""}], ""new_knowledge"": [""Receiving positive feedback on an idea indicates that the core concept is strong."", ""Understanding existing research and data on the problem can provide valuable insights for designing effective solutions."", ""Understanding existing problems in the domain is crucial before conceptualizing a solution.""], ""new_actionPlan"": [""Continue refining the core concept while addressing any potential weaknesses or areas for improvement."", ""Conduct a thorough review of existing research and data on child abuse and neglect to inform the design of the wearable device."", ""Research and analyze current issues related to child abuse and neglect to better inform the design of the wearable device.""], ""new_thinking"": ""아이디어가 긍정적인 평가를 받았다는 것은 핵심 개념이 강하다는 뜻이야. 기존 연구와 데이터를 이해하면 효과적인 솔루션을 설계하는 데 귀중한 통찰력을 얻을 수 있어! 기존의 아동 학대와 방치 문제를 잘 이해하는 것이 중요하구나."", ""evaluation"": {""sentences"": [{""sentence"": ""안녕 동건아, 우선 아이디어는 매우 좋은 것 같다."", ""categories"": ""Statement"", ""type"": ""Evaluation"", ""knowledge"": ""The idea is perceived as very good."", ""evaluation"": {""specificity"": 1, ""justification"": 1, ""active"": 1, ""sentiment"": 1}}, {""sentence"": ""혹시 아동학대 관련으로 선행 자료 조사를 해본 적이 있니?"", ""categories"": ""Question"", ""type"": ""Low-Level"", ""knowledge"": ""Asks if prior research on child abuse has been conducted."", ""evaluation"": {""timely"": 3, ""relevance"": 3, ""high-level"": 1, ""sentiment"": 0}}, {""sentence"": ""아이디어 구체화를 위해서는 먼저 구체적으로 아동학대와 관련해서 기존에 어떤 문제가 있는지 잘 알아야 할 것 같단다."", ""categories"": ""Statement"", ""type"": ""Recommendation"", ""knowledge"": ""To refine the idea, understanding existing issues related to child abuse is necessary."", ""evaluation"": {""specificity"": 3, ""justification"": 3, ""active"": 3, ""sentiment"": 0}}]}, ""response"": {""answer"": ""안녕하세요! 네, 아동학대에 관해선 이미 여러 자료를 조사했어요. 아동학대 감지에 관한 기존 문제점을 더 분석해볼까요?""}}"
18,2024-08-12 10:17:05,user_feedaback,"{""user_input"": ""그렇구나. 자료 조사 결과를 알려줄 수 있니?"", ""category"": [{""sentence"": ""자료 조사 결과를 알려줄 수 있니?"", ""categories"": ""Question"", ""type"": ""Low-Level""}], ""new_knowledge"": [""Sharing research findings can help validate and refine the design idea.""], ""new_actionPlan"": [""Compile and present the research findings on the problem to validate the design idea.""], ""new_thinking"": ""자료 조사 결과를 공유하면 아이디어를 검증하고 개선할 수 있겠구나."", ""evaluation"": {""sentences"": [{""sentence"": ""자료 조사 결과를 알려줄 수 있니?"", ""categories"": ""Question"", ""type"": ""Low-Level"", ""knowledge"": ""Request for information on research results."", ""evaluation"": {""timely"": 5, ""relevance"": 5, ""high-level"": 1, ""specificity"": 0, ""justification"": 0, ""active"": 0, ""sentiment"": 0}}]}, ""response"": {""answer"": ""아동학대의 주된 문제점은 실내에서 발생해 감지가 어렵다는 거예요. 특히 정신적 학대와 방치는 외부에서 인지하기 challenging 하죠. Wearable device를 통한 실시간 모니터링이 critical 할 것 같아요.""}}"
18,2024-08-12 10:17:47,user_feedaback,"{""user_input"": ""그렇구나. 그럼 실내 공간에서 일어나는 아동 학대 상황 감지 및 대응을 도와주는 제품이라고 이해하면 되겠니?"", ""category"": [{""sentence"": ""그럼 실내 공간에서 일어나는 아동 학대 상황 감지 및 대응을 도와주는 제품이라고 이해하면 되겠니?"", ""categories"": ""Question"", ""type"": ""Verification""}], ""new_knowledge"": [""Clarifying the context and application of a design can help ensure its relevance and effectiveness.""], ""new_actionPlan"": [""Clearly define how the design will function in specific environments to ensure it addresses the identified problems effectively.""], ""new_thinking"": ""디자인의 맥락과 적용 방식을 명확히 하는 것이 중요하구나."", ""evaluation"": {""sentences"": [{""sentence"": ""그럼 실내 공간에서 일어나는 아동 학대 상황 감지 및 대응을 도와주는 제품이라고 이해하면 되겠니?"", ""categories"": ""Question"", ""type"": ""Verification"", ""knowledge"": ""The product aims to detect and respond to child abuse situations occurring indoors."", ""evaluation"": {""timely"": 5, ""relevance"": 5, ""high-level"": 3, ""specificity"": 0, ""justification"": 0, ""active"": 0, ""sentiment"": 0}}]}, ""response"": {""answer"": ""네, 맞아요! 실내에서도 아동 학대를 감지하고 대처할 수 있는 제품이에요. Wearable device를 사용해서 아동 안전을 실시간으로 모니터링하려고 해요.""}}"
18,2024-08-12 10:19:06,user_feedaback,"{""user_input"": ""그래 알겠어. 그럼 디자인 구체화를 위해 여러가지 고려해야 할 사항이 있는 것 같단다. 우선 폼팩터에 대해 얘기해보면 좋을 것 같아. 학대를 당하는 아동이 팔찌를 순순히 차고 있도록 부모가 놔둘 것 같지가 않단다. 혹시 팔찌 말고 다른 형태는 고려해본 적이 있니?"", ""category"": [{""sentence"": ""그럼 디자인 구체화를 위해 여러가지 고려해야 할 사항이 있는 것 같단다."", ""categories"": ""Statement"", ""type"": ""Evaluation""}, {""sentence"": ""우선 폼팩터에 대해 얘기해보면 좋을 것 같아."", ""categories"": ""Statement"", ""type"": ""Recommendation""}, {""sentence"": ""학대를 당하는 아동이 팔찌를 순순히 차고 있도록 부모가 놔둘 것 같지가 않단다."", ""categories"": ""Statement"", ""type"": ""Evaluation""}, {""sentence"": ""혹시 팔찌 말고 다른 형태는 고려해본 적이 있니?"", ""categories"": ""Question"", ""type"": ""Generate Design""}], ""new_knowledge"": [""Considering multiple factors is essential for effective design conceptualization."", ""Gathering feedback from potential users can provide valuable insights for refining the design."", ""Considering user comfort and practicality is essential in wearable device design."", ""Exploring alternative forms of a design can lead to innovative solutions.""], ""new_actionPlan"": [""Identify and analyze various factors that could influence the design to ensure a comprehensive approach."", ""Discuss the design idea with potential users to gather their feedback and insights."", ""Ensure the wearable device is comfortable and easy for children to wear consistently."", ""Consider and evaluate different forms and types of wearable devices that could serve the same purpose.""], ""new_thinking"": ""디자인 구체화를 위해 여러 가지 고려사항을 생각해야 해. 잠재 사용자들에게 피드백을 받으면 디자인을 개선하는 데 큰 도움이 될 거야. 웨어러블 기기는 착용자의 편안함과 실용성을 고려해야 해. 다른 형태의 디자인을 탐구하면 혁신적인 해결책을 찾을 수 있겠구나."", ""evaluation"": {""sentences"": [{""sentence"": ""그럼 디자인 구체화를 위해 여러가지 고려해야 할 사항이 있는 것 같단다."", ""categories"": ""Statement"", ""type"": ""Evaluation"", ""knowledge"": ""There are multiple considerations for refining the design."", ""evaluation"": {""specificity"": 3, ""justification"": 4, ""active"": 3, ""sentiment"": 0}}, {""sentence"": ""우선 폼팩터에 대해 얘기해보면 좋을 것 같아."", ""categories"": ""Statement"", ""type"": ""Recommendation"", ""knowledge"": ""Discussing the form factor would be beneficial."", ""evaluation"": {""specificity"": 4, ""justification"": 4, ""active"": 4, ""sentiment"": 1}}, {""sentence"": ""학대를 당하는 아동이 팔찌를 순순히 차고 있도록 부모가 놔둘 것 같지가 않단다."", ""categories"": ""Statement"", ""type"": ""Evaluation"", ""knowledge"": ""Abusive parents may not allow the child to wear the bracelet."", ""evaluation"": {""specificity"": 5, ""justification"": 5, ""active"": 4, ""sentiment"": -1}}, {""sentence"": ""혹시 팔찌 말고 다른 형태는 고려해본 적이 있니?"", ""categories"": ""Question"", ""type"": ""Generate Design"", ""knowledge"": ""Consideration of alternative forms to the bracelet."", ""evaluation"": {""timely"": 5, ""relevance"": 5, ""high-level"": 4, ""sentiment"": 0}}]}, ""response"": {""answer"": ""선생님, 팔찌 외에도 다른 형태를 고민해보긴 했어요. 예를 들어, 목걸이나 신발 안에 넣을 수 있는 작은 센서 같은 걸 생각해봤어요.""}}"
18,2024-08-12 10:20:47,user_feedaback,"{""user_input"": ""그래그래. 그런 것처럼 실제 사용하는 상황을 고려할 때 가장 적합한 형태가 뭔지 고민해서 정하면 좋을 것 같아. 그리고 폼팩터 외에 실제 인터랙션과 관련된 부분에 대해서도 얘기해보자. 구체적인 use case가 어떻게 될지 생각해본 적 있을까?"", ""category"": [{""sentence"": ""그런 것처럼 실제 사용하는 상황을 고려할 때 가장 적합한 형태가 뭔지 고민해서 정하면 좋을 것 같아."", ""categories"": ""Statement"", ""type"": ""Recommendation""}, {""sentence"": ""그리고 폼팩터 외에 실제 인터랙션과 관련된 부분에 대해서도 얘기해보자."", ""categories"": ""Statement"", ""type"": ""Recommendation""}, {""sentence"": ""구체적인 use case가 어떻게 될지 생각해본 적 있을까?"", ""categories"": ""Question"", ""type"": ""Low-Level""}], ""new_knowledge"": [""Considering the most appropriate form factor for the intended use case is crucial."", ""Considering the interaction aspect of a design can enhance its usability."", ""Considering specific use cases can help refine and validate the design.""], ""new_actionPlan"": [""Evaluate different form factors to determine which one best suits the intended use case."", ""Evaluate how users will interact with the device and make necessary adjustments to improve usability."", ""Identify and analyze specific use cases to ensure the design addresses real-world scenarios effectively.""], ""new_thinking"": ""실제 사용하는 상황을 고려할 때 가장 적합한 형태가 무엇인지 고민해봐야겠어. 디자인의 상호작용 측면을 고려하면 사용성을 향상시킬 수 있겠구나. 구체적인 사용 사례를 고려하면 디자인을 더 정교하게 만들고 검증할 수 있겠구나."", ""evaluation"": {""sentences"": [{""sentence"": ""그런 것처럼 실제 사용하는 상황을 고려할 때 가장 적합한 형태가 뭔지 고민해서 정하면 좋을 것 같아."", ""categories"": ""Statement"", ""type"": ""Recommendation"", ""knowledge"": ""Consider the most suitable form factor for practical use."", ""evaluation"": {""specificity"": 5, ""justification"": 4, ""active"": 5, ""sentiment"": 1}}, {""sentence"": ""그리고 폼팩터 외에 실제 인터랙션과 관련된 부분에 대해서도 얘기해보자."", ""categories"": ""Statement"", ""type"": ""Recommendation"", ""knowledge"": ""Discuss aspects related to actual interaction beyond form factor."", ""evaluation"": {""specificity"": 4, ""justification"": 4, ""active"": 5, ""sentiment"": 1}}, {""sentence"": ""구체적인 use case가 어떻게 될지 생각해본 적 있을까?"", ""categories"": ""Question"", ""type"": ""Low-Level"", ""knowledge"": ""Consider specific use cases."", ""evaluation"": {""timely"": 4, ""relevance"": 5, ""high-level"": 1, ""sentiment"": 1}}]}, ""response"": {""answer"": ""네, use case도 몇 가지 생각해봤어요. 아동이 위험한 상황에 처했을 때, 심박수나 GPS 데이터를 즉시 부모나 보호자에게 전송하는 기능을 고려했어요. 또 아동이 스스로 신고 버튼을 눌러 도움을 요청하는 상황도 포함했어요.""}}"
18,2024-08-12 10:21:41,user_feedaback,"{""user_input"": ""음 그래 일단 좋아. 그런 use case를 잘 정의하는 게 중요할 것 같단다. 지금 딱 정해볼까?"", ""category"": [{""sentence"": ""음 그래 일단 좋아."", ""categories"": ""Statement"", ""type"": ""Evaluation""}, {""sentence"": ""그런 use case를 잘 정의하는 게 중요할 것 같단다."", ""categories"": ""Statement"", ""type"": ""Recommendation""}, {""sentence"": ""지금 딱 정해볼까?"", ""categories"": ""Question"", ""type"": ""Generate Design""}], ""new_knowledge"": [""Positive feedback indicates that the core concept is strong."", ""Defining clear use cases is crucial for validating and refining a design."", ""Exploring alternative forms of a design can lead to innovative solutions.""], ""new_actionPlan"": [""Continue developing the design idea with confidence, knowing that the core concept is solid."", ""Develop detailed use cases to ensure the design addresses real-world scenarios effectively."", ""Consider different wearable forms such as necklaces or shoe inserts to enhance usability and acceptance.""], ""new_thinking"": ""긍정적인 피드백은 내 아이디어의 핵심 개념이 강하다는 것을 의미해! 구체적인 사용 사례를 정의하는 것이 디자인을 검증하고 개선하는 데 중요하구나. 팔찌 외에도 목걸이나 신발 안에 넣을 수 있는 센서를 고려해봐야겠어."", ""evaluation"": {""sentences"": [{""sentence"": ""음 그래 일단 좋아."", ""categories"": ""Statement"", ""type"": ""Evaluation"", ""knowledge"": ""The idea is initially good."", ""evaluation"": {""specificity"": 2, ""justification"": 2, ""active"": 1, ""sentiment"": 1}}, {""sentence"": ""그런 use case를 잘 정의하는 게 중요할 것 같단다."", ""categories"": ""Statement"", ""type"": ""Recommendation"", ""knowledge"": ""Defining use cases well is important."", ""evaluation"": {""specificity"": 4, ""justification"": 4, ""active"": 5, ""sentiment"": 1}}, {""sentence"": ""지금 딱 정해볼까?"", ""categories"": ""Question"", ""type"": ""Generate Design"", ""knowledge"": ""Let's define the use cases now."", ""evaluation"": {""timely"": 5, ""relevance"": 5, ""high-level"": 4, ""sentiment"": 1}}]}, ""response"": {""answer"": ""네, 그럼 use case를 구체적으로 정의해보려고요. 아동이 갑자기 심박수가 높아지거나 GPS 위치가 예상과 많이 다른 경우에 자동으로 부모나 보호자에게 알림을 보내는 상황을 생각했어요. 또, 아동이 위험을 감지하고 직접 신고 버튼을 눌러서 SOS 알림을 보내는 상황도 포함하고 싶어요.""}}"
18,2024-08-12 10:23:35,user_feedaback,"{""user_input"": ""아, 동건이가 생각하는 상황은 부모 외에 제 3자가 부모님이 안 보는 곳에서 학대를 하는 상황을 말하는 거였구나. 아까는 내가 잘못 이해했네 ㅎㅎ 아무튼, 센서로 위험 상황을 자동 감지해서 부모에게 알림을 보내는 기능, 그리고 아동이 직접 위험 알림을 initiate하는 기능 2가지로 생각하면 되겠지? 이 2가지에 대해 구체적인 인터랙션 플로우를 생각해보면 좋을 것 같단다."", ""category"": [{""sentence"": ""아, 동건이가 생각하는 상황은 부모 외에 제 3자가 부모님이 안 보는 곳에서 학대를 하는 상황을 말하는 거였구나."", ""categories"": ""Statement"", ""type"": ""Information""}, {""sentence"": ""아무튼, 센서로 위험 상황을 자동 감지해서 부모에게 알림을 보내는 기능, 그리고 아동이 직접 위험 알림을 initiate하는 기능 2가지로 생각하면 되겠지?"", ""categories"": ""Question"", ""type"": ""Verification""}, {""sentence"": ""이 2가지에 대해 구체적인 인터랙션 플로우를 생각해보면 좋을 것 같단다."", ""categories"": ""Statement"", ""type"": ""Recommendation""}], ""new_knowledge"": [""Understanding the specific context in which a problem occurs can help tailor the design to address those situations effectively."", ""Considering multiple detection methods can enhance the effectiveness of a safety device."", ""Considering specific interaction flows can enhance the usability and effectiveness of a design.""], ""new_actionPlan"": [""Identify and analyze specific scenarios where the design will be used to ensure it addresses the problem effectively."", ""Ensure the design includes both automatic and manual alert features to cover various emergency scenarios."", ""Define detailed interaction flows for each use case to ensure the design is user-friendly and effective.""], ""new_thinking"": ""아, 내가 생각하는 상황은 부모 외에 제 3자가 부모님이 안 보는 곳에서 학대를 하는 상황을 말하는 거였구나. 여러 감지 방법을 고려하면 안전 장치의 효과를 높일 수 있겠어. 구체적인 인터랙션 플로우를 생각해보면 디자인의 사용성과 효과를 높일 수 있겠어."", ""evaluation"": {""sentences"": [{""sentence"": ""아, 동건이가 생각하는 상황은 부모 외에 제 3자가 부모님이 안 보는 곳에서 학대를 하는 상황을 말하는 거였구나."", ""categories"": ""Statement"", ""type"": ""Information"", ""knowledge"": ""The student is considering scenarios where a third party abuses the child when the parents are not watching."", ""evaluation"": {""specificity"": 5, ""justification"": 4, ""active"": 3, ""sentiment"": 0}}, {""sentence"": ""아무튼, 센서로 위험 상황을 자동 감지해서 부모에게 알림을 보내는 기능, 그리고 아동이 직접 위험 알림을 initiate하는 기능 2가지로 생각하면 되겠지?"", ""categories"": ""Question"", ""type"": ""Verification"", ""knowledge"": ""The design includes two main functions: automatic danger detection and child-initiated alerts."", ""evaluation"": {""timely"": 5, ""relevance"": 5, ""high-level"": 4, ""sentiment"": 0}}, {""sentence"": ""이 2가지에 대해 구체적인 인터랙션 플로우를 생각해보면 좋을 것 같단다."", ""categories"": ""Statement"", ""type"": ""Recommendation"", ""knowledge"": ""The student should consider detailed interaction flows for the two main functions."", ""evaluation"": {""specificity"": 5, ""justification"": 5, ""active"": 5, ""sentiment"": 1}}]}, ""response"": {""answer"": ""네, 맞아요! 두 가지 기능으로 생각하고 있어요. 인터랙션 플로우는 아동이 위험을 감지했을 때, 예를 들어 심박수가 급격히 상승하거나 위치가 예상 위치에서 벗어나면, 웨어러블 기기가 자동으로 부모님께 알림을 보내는 거예요. 또, 아동이 직접 버튼을 눌러 신고하면 바로 SOS 알림이 전송되는 방식이죠.""}}"
18,2024-08-12 10:24:59,user_feedaback,"{""user_input"": ""그래 좋아. 그 두 부분의 작동 방식을 고민해보고 implementation으로 이어지게 하면 좋겠다. 그리고 그렇게 알림을 보내고 나서는 어떤 일이 일어나는지도 중요할 것 같단다. 혹시 생각해본 적 있니?"", ""category"": [{""sentence"": ""그 두 부분의 작동 방식을 고민해보고 implementation으로 이어지게 하면 좋겠다."", ""categories"": ""Statement"", ""type"": ""Recommendation""}, {""sentence"": ""그리고 그렇게 알림을 보내고 나서는 어떤 일이 일어나는지도 중요할 것 같단다."", ""categories"": ""Statement"", ""type"": ""Evaluation""}, {""sentence"": ""혹시 생각해본 적 있니?"", ""categories"": ""Question"", ""type"": ""Low-Level""}], ""new_knowledge"": [""Considering how different parts of a design will work together and implementing them cohesively is crucial."", ""Understanding the consequences of alerts is crucial for designing effective notification systems."", ""Exploring alternative forms of a design can lead to innovative solutions.""], ""new_actionPlan"": [""Develop a detailed plan for how the different features of the wearable device will interact and be implemented together."", ""Consider the potential outcomes and responses to alerts when designing the notification system for the wearable device."", ""Consider and evaluate different form factors for the wearable device to ensure it is practical and comfortable for children.""], ""new_thinking"": ""디자인의 다양한 부분이 어떻게 함께 작동할지 고민하고 이를 구현하는 것이 중요하구나. 알림을 보낸 후 어떤 일이 일어날지 이해하는 것이 중요하구나. 다른 형태의 디자인을 탐구하면 혁신적인 솔루션을 찾을 수 있어!"", ""evaluation"": {""sentences"": [{""sentence"": ""그 두 부분의 작동 방식을 고민해보고 implementation으로 이어지게 하면 좋겠다."", ""categories"": ""Statement"", ""type"": ""Recommendation"", ""knowledge"": ""Consider the implementation of the two functionalities."", ""evaluation"": {""specificity"": 5, ""justification"": 4, ""active"": 5, ""sentiment"": 1}}, {""sentence"": ""그리고 그렇게 알림을 보내고 나서는 어떤 일이 일어나는지도 중요할 것 같단다."", ""categories"": ""Statement"", ""type"": ""Evaluation"", ""knowledge"": ""Consider the subsequent actions after sending alerts."", ""evaluation"": {""specificity"": 5, ""justification"": 5, ""active"": 4, ""sentiment"": 1}}, {""sentence"": ""혹시 생각해본 적 있니?"", ""categories"": ""Question"", ""type"": ""Low-Level"", ""knowledge"": ""Asks if the student has considered the subsequent actions."", ""evaluation"": {""timely"": 4, ""relevance"": 4, ""high-level"": 1, ""sentiment"": 0}}]}, ""response"": {""answer"": ""아직 그 부분까진 깊게 고민해보진 않았어요. 알림이 전송된 후 부모나 보호자가 GPS 위치를 추적하거나, 즉시 119 등 emergency services에 연락할 수 있는 인터페이스를 제공하면 좋을 것 같아요.""}}"
18,2024-08-12 10:25:23,update_idea,"{""title"": ""아동의 안전을 지키는 향상된 웨어러블 기기 디자인"", ""problem"": ""실내에서 발생하는 아동 학대와 방치를 효과적으로 감지하고 대응하기 어려운 문제를 해결하기 위한 서비스 개선이 필요합니다. 이 문제는 아동이 위험한 상황에 처했을 때 빠르게 대응할 수 있는 기능의 부재로 인해 심각한 결과를 초래할 수 있습니다."", ""idea"": ""이 프로젝트에서는 아동의 팔찌, 목걸이, 또는 신발 안에 장착할 수 있는 다양한 형태의 웨어러블 기기를 고려하고 있습니다. 이 기기들은 GPS 추적 기능, 마이크, 심박수 모니터, 그리고 응급 호출 버튼을 포함하여 아동의 상태와 위치를 실시간으로 모니터링할 수 있습니다. 특수 센서를 통해 아동의 물리적, 정신적 스트레스 지표를 감지하고, 이상 징후가 발견될 경우 자동으로 부모나 보호자에게 알림을 보냅니다. 또한 아동이 스스로 위험을 느꼈을 때 직접 응급 호출 버튼을 눌러 도움을 요청할 수 있는 기능도 포함됩니다. 부모나 보호자는 알림을 받은 후 해당 기기를 통해 아동의 실시간 위치를 확인하고, 필요한 경우 즉시 경찰이나 긴급 서비스에 연락할 수 있어야 합니다. 이러한 기능은 아동을 보다 효과적으로 보호할 수 있는 방안을 제공하며, 학대나 방치로부터 아동을 안전하게 지킬 수 있는 것을 목표로 합니다.""}"
18,2024-08-12 10:27:43,user_feedaback,"{""user_input"": ""아직 생각을 안 해봤구나. 괜찮아. 하지만 이 부분은 정말 중요한 부분이라 잘 디자인하는 것이 중요할 것 같단다. 특히 방금 동건이가 말한 2가지 방식 외에도, 당장 학대를 당하는 상황에서 아동이 뭔가 조치를 취할 수 있는 기능을 추가해볼 수는 있을지?"", ""category"": [{""sentence"": ""아직 생각을 안 해봤구나."", ""categories"": ""Statement"", ""type"": ""Evaluation""}, {""sentence"": ""하지만 이 부분은 정말 중요한 부분이라 잘 디자인하는 것이 중요할 것 같단다."", ""categories"": ""Statement"", ""type"": ""Evaluation""}, {""sentence"": ""특히 방금 동건이가 말한 2가지 방식 외에도, 당장 학대를 당하는 상황에서 아동이 뭔가 조치를 취할 수 있는 기능을 추가해볼 수는 있을지?"", ""categories"": ""Question"", ""type"": ""Generate Design""}], ""new_knowledge"": [""Identifying gaps in the current design can highlight areas for improvement."", ""Identifying and focusing on critical aspects of a design is essential for its success."", ""Considering additional functionalities can enhance the effectiveness of a design.""], ""new_actionPlan"": [""Review the current design to identify any overlooked aspects and address them."", ""Identify the most critical aspects of the design and ensure they are well thought out and effectively implemented."", ""Explore additional features that allow children to take proactive measures in dangerous situations.""], ""new_thinking"": ""아직 생각을 안 해봤구나. 중요한 부분을 잘 디자인하는 것이 성공의 열쇠구나. 추가 기능을 고려하면 디자인의 효과를 높일 수 있겠구나?"", ""evaluation"": {""sentences"": [{""sentence"": ""아직 생각을 안 해봤구나."", ""categories"": ""Statement"", ""type"": ""Evaluation"", ""knowledge"": ""The student has not yet considered the next steps after sending an alert."", ""evaluation"": {""specificity"": 2, ""justification"": 1, ""active"": 1, ""sentiment"": 0}}, {""sentence"": ""하지만 이 부분은 정말 중요한 부분이라 잘 디자인하는 것이 중요할 것 같단다."", ""categories"": ""Statement"", ""type"": ""Evaluation"", ""knowledge"": ""Designing the next steps after sending an alert is crucial."", ""evaluation"": {""specificity"": 2, ""justification"": 3, ""active"": 2, ""sentiment"": 1}}, {""sentence"": ""특히 방금 동건이가 말한 2가지 방식 외에도, 당장 학대를 당하는 상황에서 아동이 뭔가 조치를 취할 수 있는 기능을 추가해볼 수는 있을지?"", ""categories"": ""Question"", ""type"": ""Generate Design"", ""knowledge"": ""Consider adding features that allow children to take immediate action during abuse."", ""evaluation"": {""timely"": 5, ""relevance"": 5, ""high-level"": 4, ""sentiment"": 1}}]}, ""response"": {""answer"": ""긴박한 상황에서 아동이 조치를 취할 수 있는 기능을 추가하는 건 좋은 생각인 것 같아요. 예를 들어, 아동이 특정 패턴으로 버튼을 눌러서 긴급 상황을 알리는 기능을 고려해봐야겠어요. 또, 소리를 내지 않고 진동으로 경고를 보내는 기능도 추가하면 좋을 것 같아요.""}}"
18,2024-08-12 10:29:09,user_feedaback,"{""user_input"": ""그렇지 그런 것도 좋은 아이디어인 것 같다. 내가 말한 건 예를 들어서 큰 소리로 경고음이 발생하거나 할 수도 있지 않을까 하는 아이디어였단다. 이건 물론 정답이 아니니까, 동건이가 잘 생각해보고 아이디어를 내면 좋을 것 같단다. 혹시 또 피드백 받고 싶은 부분이나 궁금한 점이 있니?"", ""category"": [{""sentence"": ""그렇지 그런 것도 좋은 아이디어인 것 같다."", ""categories"": ""Statement"", ""type"": ""Evaluation""}, {""sentence"": ""내가 말한 건 예를 들어서 큰 소리로 경고음이 발생하거나 할 수도 있지 않을까 하는 아이디어였단다."", ""categories"": ""Statement"", ""type"": ""Recommendation""}, {""sentence"": ""이건 물론 정답이 아니니까, 동건이가 잘 생각해보고 아이디어를 내면 좋을 것 같단다."", ""categories"": ""Statement"", ""type"": ""Recommendation""}, {""sentence"": ""혹시 또 피드백 받고 싶은 부분이나 궁금한 점이 있니?"", ""categories"": ""Question"", ""type"": ""Judgmental""}], ""new_knowledge"": [""Positive feedback indicates that the core concept is strong."", ""Considering the potential consequences of design features is crucial for ensuring user safety."", ""Validating ideas through thorough consideration and feedback is crucial for successful design."", ""Identifying areas of curiosity or concern can help refine and improve the design.""], ""new_actionPlan"": [""Continue refining the design based on the strong core concept."", ""Evaluate the potential risks and consequences of each design feature to ensure they do not inadvertently cause harm or distress."", ""Carefully review and refine the design idea based on feedback and ensure it addresses all identified issues."", ""Identify specific aspects of the design that need further feedback or investigation to address any concerns or curiosities.""], ""new_thinking"": ""긍정적인 피드백은 핵심 개념이 강하다는 것을 의미해! 디자인 기능의 잠재적 결과를 고려하는 것이 사용자 안전을 보장하는 데 중요하구나. 아이디어를 철저히 검토하고 피드백을 통해 검증하는 것이 중요하구나. 내가 궁금하거나 걱정되는 부분을 명확히 하면 디자인을 더 개선할 수 있겠어."", ""evaluation"": {""sentences"": [{""sentence"": ""그렇지 그런 것도 좋은 아이디어인 것 같다."", ""categories"": ""Statement"", ""type"": ""Evaluation"", ""knowledge"": ""The idea of adding features for children to take action in emergency situations is good."", ""evaluation"": {""specificity"": 3, ""justification"": 2, ""active"": 2, ""sentiment"": 1}}, {""sentence"": ""내가 말한 건 예를 들어서 큰 소리로 경고음이 발생하거나 할 수도 있지 않을까 하는 아이디어였단다."", ""categories"": ""Statement"", ""type"": ""Recommendation"", ""knowledge"": ""Consider adding a loud alarm feature for emergency situations."", ""evaluation"": {""specificity"": 5, ""justification"": 4, ""active"": 4, ""sentiment"": 1}}, {""sentence"": ""이건 물론 정답이 아니니까, 동건이가 잘 생각해보고 아이디어를 내면 좋을 것 같단다."", ""categories"": ""Statement"", ""type"": ""Recommendation"", ""knowledge"": ""The student should think carefully and come up with their own ideas."", ""evaluation"": {""specificity"": 2, ""justification"": 2, ""active"": 2, ""sentiment"": 1}}, {""sentence"": ""혹시 또 피드백 받고 싶은 부분이나 궁금한 점이 있니?"", ""categories"": ""Question"", ""type"": ""Judgmental"", ""knowledge"": ""The mentor is asking if the student has any more questions or needs further feedback."", ""evaluation"": {""timely"": 5, ""relevance"": 5, ""high-level"": 4, ""sentiment"": 1}}]}, ""response"": {""answer"": ""예 큰 소리 경고음 좋은 아이디어인 것 같아요! 감사합니다, 선생님. 다른 피드백 받거나 궁금한 점은 아직 없어요.""}}"
18,2024-08-12 10:29:45,update_idea,"{""title"": ""아동의 안전을 지키는 향상된 웨어러블 기기 디자인"", ""problem"": ""아동 학대 및 방치는 대부분 실내에서 발생하여 외부에서 감지하기 어렵습니다. 이에 효율적인 실시간 모니터링이 필요하며, 아동이 자기 자신을 보호할 수 있는 구체적인 수단이 부족한 문제점이 있습니다."", ""idea"": ""이 프로젝트는 아동의 신체에 부착 가능한 웨어러블 기기를 통해 위험 상황을 실시간으로 감지하고 대응할 수 있는 시스템을 개발합니다. 기기는 심박수 모니터, GPS 위치 추적, 마이크를 포함하며, 이상 징후 발생 시 자동으로 경고를 보내고 부모나 보호자가 빠르게 대응할 수 있게 합니다. 추가적으로, 아동이 위험한 상황에서 적극적으로 조치를 취할 수 있도록 다음과 같은 기능을 개발합니다: 1) 아동이 특정 패턴으로 버튼을 눌러 긴급 상황을 알리는 기능, 2) 소리 없이 진동으로 아동에게 경고를 주어 주위 사람들에게 눈치채지 않게 하는 기능, 3) 주변 소음을 최대한 활용하여 큰 소리로 경고음을 발생시킬 수 있는 기능. 이 모든 기능이 통합된 웨어러블 기기는 아동의 물리적 및 정신적 안전을 보장하며, 위험 상황에서 아동 스스로가 대처할 수 있는 여러 옵션을 제공하여 자기보호 능력을 향상시킬 수 있도록 디자인됩니다.""}"
18,2024-08-12 10:31:58,user_feedaback,"{""user_input"": ""그래. 지금 업데이트된 아이디어 중에 조금 우려되는 부분이 있단다. 특정 패턴으로 버튼을 눌러 긴급 상황을 알리는 기능이 실제 사용 상황에서 적절할지 조금 의문이 든단다. 긴급 상황에서 아이가 특정 패턴을 기억하고 누르는 게 쉽지 않을 것 같단다. 그리고 2번 소리 없이 진동으로 아동에게 경고를 주는 기능도 어떤 기능인지 잘 이해가 가지 않는데 조금 더 설명이 가능한지?"", ""category"": [{""sentence"": ""지금 업데이트된 아이디어 중에 조금 우려되는 부분이 있단다."", ""categories"": ""Statement"", ""type"": ""Evaluation""}, {""sentence"": ""특정 패턴으로 버튼을 눌러 긴급 상황을 알리는 기능이 실제 사용 상황에서 적절할지 조금 의문이 든단다."", ""categories"": ""Question"", ""type"": ""Judgmental""}, {""sentence"": ""긴급 상황에서 아이가 특정 패턴을 기억하고 누르는 게 쉽지 않을 것 같단다."", ""categories"": ""Statement"", ""type"": ""Evaluation""}, {""sentence"": ""그리고 2번 소리 없이 진동으로 아동에게 경고를 주는 기능도 어떤 기능인지 잘 이해가 가지 않는데 조금 더 설명이 가능한지?"", ""categories"": ""Question"", ""type"": ""Definition""}], ""new_knowledge"": [""Identifying potential weaknesses in a design is crucial for its improvement."", ""Considering the practicality of specific features in real-world scenarios is crucial for effective design."", ""Considering the ease of use for emergency features is crucial for their effectiveness."", ""Clarifying the functionality of design features is essential for effective communication and understanding.""], ""new_actionPlan"": [""Review the current design to identify and address any potential weaknesses or areas of concern."", ""Evaluate the practicality of the emergency button feature in real-world scenarios to ensure its effectiveness."", ""Ensure that emergency features are simple and intuitive for children to use in stressful situations."", ""Ensure that all design features are clearly defined and explained to avoid any misunderstandings.""], ""new_thinking"": ""현재 디자인에서 약점이 있는 부분을 찾아내는 것이 중요하구나. 특정 기능이 실제 상황에서 적절할지 고민해봐야겠어. 긴급 상황에서 아동이 기능을 쉽게 사용할 수 있도록 하는 것이 중요하구나. 디자인 기능을 명확하게 설명하는 것이 중요하구나."", ""evaluation"": {""sentences"": [{""sentence"": ""지금 업데이트된 아이디어 중에 조금 우려되는 부분이 있단다."", ""categories"": ""Statement"", ""type"": ""Evaluation"", ""knowledge"": ""There are concerns about the updated idea."", ""evaluation"": {""specificity"": 3, ""justification"": 3, ""active"": 2, ""sentiment"": -1}}, {""sentence"": ""특정 패턴으로 버튼을 눌러 긴급 상황을 알리는 기능이 실제 사용 상황에서 적절할지 조금 의문이 든단다."", ""categories"": ""Question"", ""type"": ""Judgmental"", ""knowledge"": ""There is doubt about the practicality of the emergency button pattern."", ""evaluation"": {""timely"": 4, ""relevance"": 5, ""high-level"": 4, ""sentiment"": -1}}, {""sentence"": ""긴급 상황에서 아이가 특정 패턴을 기억하고 누르는 게 쉽지 않을 것 같단다."", ""categories"": ""Statement"", ""type"": ""Evaluation"", ""knowledge"": ""It may be difficult for a child to remember and press a specific pattern in an emergency."", ""evaluation"": {""specificity"": 4, ""justification"": 4, ""active"": 3, ""sentiment"": -1}}, {""sentence"": ""그리고 2번 소리 없이 진동으로 아동에게 경고를 주는 기능도 어떤 기능인지 잘 이해가 가지 않는데 조금 더 설명이 가능한지?"", ""categories"": ""Question"", ""type"": ""Definition"", ""knowledge"": ""There is a need for clarification on the vibration alert function."", ""evaluation"": {""timely"": 4, ""relevance"": 5, ""high-level"": 4, ""sentiment"": 0}}]}, ""response"": {""answer"": ""긴급 상황에서 아이가 특정 패턴을 기억하는 게 쉽지 않을 수도 있겠네요. 대안으로 간단한 한 번의 버튼 누름으로도 알림이 가능하게 디자인하는 게 나을 것 같아요. 진동 기능에 대해서는, 소리내는 알림 대신 진동으로 아이에게 스스로 위험을 인지하고 대처할 수 있게 도와주는 기능이에요.""}}"
18,2024-08-12 10:32:34,user_feedaback,"{""user_input"": ""그렇구나. 소리내는 알림은 원래 어떤 상황에서 나는 걸 생각한 거니?"", ""category"": [{""sentence"": ""소리내는 알림은 원래 어떤 상황에서 나는 걸 생각한 거니?"", ""categories"": ""Question"", ""type"": ""Low-Level""}], ""new_knowledge"": [""Considering the potential consequences of design features is crucial for ensuring user safety.""], ""new_actionPlan"": [""Evaluate the potential consequences of using sound alerts in various scenarios to ensure they enhance user safety.""], ""new_thinking"": ""디자인 기능의 잠재적 결과를 고려하는 것이 사용자 안전을 보장하는 데 중요하구나."", ""evaluation"": {""sentences"": [{""sentence"": ""소리내는 알림은 원래 어떤 상황에서 나는 걸 생각한 거니?"", ""categories"": ""Question"", ""type"": ""Low-Level"", ""knowledge"": ""The mentor is asking about the specific situations in which the sound alert would be triggered."", ""evaluation"": {""timely"": 5, ""relevance"": 5, ""high-level"": 1, ""specificity"": 0, ""justification"": 0, ""active"": 0, ""sentiment"": 0}}]}, ""response"": {""answer"": ""원래는 아동이 위급한 상황에서 주변 사람들에게 도움을 요청할 수 있도록 큰 소리 경고음을 발생시키는 상황을 생각했어요. 예를 들어, 아동이 직접 버튼을 누르거나 심박수의 급격한 변화 등 이상 징후를 감지했을 때 소리가 나게 하는 거예요.""}}"
18,2024-08-12 10:33:22,user_feedaback,"{""user_input"": ""그래? 그럼 소리 대신 진동을 주는 이유가 있니?"", ""category"": [{""sentence"": ""그럼 소리 대신 진동을 주는 이유가 있니?"", ""categories"": ""Question"", ""type"": ""Deep Reasoning""}], ""new_knowledge"": [""Considering alternative alert methods can enhance the effectiveness of a design.""], ""new_actionPlan"": [""Evaluate the effectiveness of different alert methods, such as vibration versus sound, in various scenarios.""], ""new_thinking"": ""다양한 경고 방법을 고려하는 것이 디자인의 효과를 높일 수 있겠구나."", ""evaluation"": {""sentences"": [{""sentence"": ""그럼 소리 대신 진동을 주는 이유가 있니?"", ""categories"": ""Question"", ""type"": ""Deep Reasoning"", ""knowledge"": ""The mentor is asking for the rationale behind choosing vibration over sound for alerts."", ""evaluation"": {""timely"": 6, ""relevance"": 7, ""high-level"": 5, ""specificity"": 0, ""justification"": 0, ""active"": 0, ""sentiment"": 0}}]}, ""response"": {""answer"": ""소리를 내는 경고음은 학대자가 더 화를 내게 할 수 있어서 조심스러워요. 진동은 아이가 더 조용히 대처할 수 있도록 도와줘서 좋은 대안이라고 생각해요.""}}"
18,2024-08-12 10:34:08,user_feedaback,"{""user_input"": ""음... 그래 그럴 수 있겠다. 그럼 아이가 진동을 느끼면 스스로 다른 사람에게 도움 요청을 하게 되는 거라고 이해하면 되니?"", ""category"": [{""sentence"": ""그럼 아이가 진동을 느끼면 스스로 다른 사람에게 도움 요청을 하게 되는 거라고 이해하면 되니?"", ""categories"": ""Question"", ""type"": ""Verification""}], ""new_knowledge"": [""Considering how users will interact with the design in real-world scenarios is crucial for its effectiveness.""], ""new_actionPlan"": [""Evaluate how the design will function in real-world scenarios, particularly how users will interact with it during emergencies.""], ""new_thinking"": ""사용자가 실제 상황에서 디자인과 어떻게 상호작용할지 고려하는 것이 중요하구나."", ""evaluation"": {""sentences"": [{""sentence"": ""그럼 아이가 진동을 느끼면 스스로 다른 사람에게 도움 요청을 하게 되는 거라고 이해하면 되니?"", ""categories"": ""Question"", ""type"": ""Verification"", ""knowledge"": ""The mentor is verifying if the child will seek help from others upon feeling the vibration."", ""evaluation"": {""timely"": 6, ""relevance"": 6, ""high-level"": 5, ""specificity"": 0, ""justification"": 0, ""active"": 0, ""sentiment"": 0}}]}, ""response"": {""answer"": ""네, 맞아요! 아이가 진동을 느끼면 즉각 위험 신호로 인식하고, 다른 사람에게 도움을 요청할 수 있게 하는 거예요. 진동을 통해 상황을 알림으로써 조용하게 대처할 수 있도록 하는 것이 목적이에요.""}}"
18,2024-08-12 10:36:16,user_feedaback,"{""user_input"": ""그래 일단 알겠다. 이 아이디어는 조금 더 develop 시켜서 나중에 다시 논의해보자. 지금까지 아이디어를 보면서 든 생각은, 실내에서 벌어지는 제 3자에 의한 아동 학대의 종류와 상황을 한 번 더 구체적으로 정리해보면 좋을 것 같단다. 그렇게 하면 조금 더 실제 컨텍스트에 맞게 지금 아이디어들을 디벨롭  할 수 있을 것 같단다. 우선 한 번 해보고 나중에 다시 만날래?"", ""category"": [{""sentence"": ""이 아이디어는 조금 더 develop 시켜서 나중에 다시 논의해보자."", ""categories"": ""Statement"", ""type"": ""Recommendation""}, {""sentence"": ""지금까지 아이디어를 보면서 든 생각은, 실내에서 벌어지는 제 3자에 의한 아동 학대의 종류와 상황을 한 번 더 구체적으로 정리해보면 좋을 것 같단다."", ""categories"": ""Statement"", ""type"": ""Recommendation""}, {""sentence"": ""그렇게 하면 조금 더 실제 컨텍스트에 맞게 지금 아이디어들을 디벨롭 할 수 있을 것 같단다."", ""categories"": ""Statement"", ""type"": ""Evaluation""}, {""sentence"": ""우선 한 번 해보고 나중에 다시 만날래?"", ""categories"": ""Question"", ""type"": ""Proposal/Negotiation""}], ""new_knowledge"": [""Iterative development and feedback are crucial for refining a design."", ""Organizing and understanding different types and situations of a problem can lead to more effective design solutions."", ""Aligning design ideas with real-world contexts enhances their relevance and effectiveness."", ""Iterative testing and refinement are crucial for improving a design.""], ""new_actionPlan"": [""Continue developing the idea and seek further feedback to refine and improve the design."", ""Categorize and analyze various types and situations of child abuse to better tailor the design to address these specific scenarios."", ""Ensure that the design ideas are closely aligned with the real-world contexts in which they will be used."", ""Conduct initial testing of the design and plan for subsequent iterations based on feedback.""], ""new_thinking"": ""아이디어는 계속 발전시키고 피드백을 받아야 해. 문제를 다양한 유형과 상황으로 정리하고 이해하면 더 효과적인 디자인 솔루션을 만들 수 있겠어. 실제 컨텍스트에 맞게 아이디어를 개발하는 것이 중요하구나. 디자인을 개선하기 위해 반복적인 테스트와 수정이 중요하구나."", ""evaluation"": {""sentences"": [{""sentence"": ""이 아이디어는 조금 더 develop 시켜서 나중에 다시 논의해보자."", ""categories"": ""Statement"", ""type"": ""Recommendation"", ""knowledge"": ""The idea needs further development before further discussion."", ""evaluation"": {""specificity"": 3, ""justification"": 2, ""active"": 3, ""sentiment"": 0}}, {""sentence"": ""지금까지 아이디어를 보면서 든 생각은, 실내에서 벌어지는 제 3자에 의한 아동 학대의 종류와 상황을 한 번 더 구체적으로 정리해보면 좋을 것 같단다."", ""categories"": ""Statement"", ""type"": ""Recommendation"", ""knowledge"": ""The types and situations of child abuse by third parties indoors should be further detailed."", ""evaluation"": {""specificity"": 5, ""justification"": 4, ""active"": 5, ""sentiment"": 0}}, {""sentence"": ""그렇게 하면 조금 더 실제 컨텍스트에 맞게 지금 아이디어들을 디벨롭 할 수 있을 것 같단다."", ""categories"": ""Statement"", ""type"": ""Evaluation"", ""knowledge"": ""Detailing the types and situations of child abuse will help develop the idea in a more contextually appropriate manner."", ""evaluation"": {""specificity"": 4, ""justification"": 4, ""active"": 3, ""sentiment"": 1}}, {""sentence"": ""우선 한 번 해보고 나중에 다시 만날래?"", ""categories"": ""Question"", ""type"": ""Proposal/Negotiation"", ""knowledge"": ""The mentor suggests trying the recommendation and meeting again later."", ""evaluation"": {""timely"": 4, ""relevance"": 4, ""high-level"": 3, ""sentiment"": 1}}]}, ""response"": {""answer"": ""좋습니다, 선생님. 그럼 아동 학대의 여러 상황을 더 구체적으로 정리한 후에 다시 뵙겠습니다. 감사합니다!""}}"
18,2024-08-12 10:36:38,update_idea,"{""title"": ""아동의 신체 상태 및 위치를 지속적으로 모니터링할 수 있는 웨어러블 디바이스"", ""problem"": ""아동을 대상으로 하는 학대는 주로 실내에서 발생하며, 이는 외부에서 간섭하기 힘든 환경입니다. 또한 아동 학대의 경우 신속한 대응이 중요하지만, 현재의 아동 보호 시스템은 이를 충분히 지원하지 못하는 경우가 많습니다. 이에 따라, 학대 상황을 적시에 감지하고 신속히 대응할 수 있는 실질적인 해결책이 필요합니다."", ""idea"": ""이 웨어러블 디바이스는 아동의 팔목, 목, 혹은 신발에 부착 가능한 다양한 형태로 제공되며, 아동의 심박수, 위치, 주변 소리 등을 실시간으로 모니터링합니다. 간단한 한 번의 버튼 조작으로 긴급 상황을 알리는 기능뿐 아니라, 위험을 자동 감지하여 부모나 보호자에게 즉시 알림을 보내는 기능을 구현합니다. 또한, 상황에 따라 선택할 수 있는 경보 방식을 제공하여, 진동이나 소리를 통해 아동이 직접 도움을 요청할 수 있는 기능을 포함합니다. 이 디바이스는 긴급 상황 발생 시에 아동이 즉각적으로 대처할 수 있도록 설계되었으며, 위험을 감지하고 행동을 취하는 데 필요한 간단하고 직관적인 인터페이스를 갖추고 있습니다. 향후 이 디바이스는 사용자 피드백을 바탕으로 지속적으로 개선될 예정이며, 다양한 아동 학대상황에 대한 분석을 통해 더욱 개선된 기능을 도입할 계획입니다.""}"
18,2024-08-12 10:36:41,finish,