user_id,timestamp,tag,data
19,2024-08-15 10:40:02,start,
19,2024-08-15 10:43:37,user_feedaback,"{""user_input"": ""이 지도 프로그램에서 핵심이 되는 동기는 절약한 탄소량이라고 생각해. 그런데, 그 데이터를 교통 이용 시마다 표시해 주는 것 만으로는 동기부여가 부족하다고 생각해. 그동한 저탄소 교통을 이용해 절약한 탄소량을 누적해서 표시해주거나, 이를 통해 달성할 수 있는 가상의 과제를 설정해 두고, 이 탭을 어플리케이션의 다른 메뉴에서 확인할 수 있도록 한다면 더욱 동기 부여가 강력해질 것 같아."", ""category"": [{""sentence"": ""이 지도 프로그램에서 핵심이 되는 동기는 절약한 탄소량이라고 생각해."", ""categories"": ""Statement"", ""type"": ""Evaluation""}, {""sentence"": ""그런데, 그 데이터를 교통 이용 시마다 표시해 주는 것 만으로는 동기부여가 부족하다고 생각해."", ""categories"": ""Statement"", ""type"": ""Evaluation""}, {""sentence"": ""그동한 저탄소 교통을 이용해 절약한 탄소량을 누적해서 표시해주거나, 이를 통해 달성할 수 있는 가상의 과제를 설정해 두고,"", ""categories"": ""Statement"", ""type"": ""Recommendation""}, {""sentence"": ""이 탭을 어플리케이션의 다른 메뉴에서 확인할 수 있도록 한다면 더욱 동기 부여가 강력해질 것 같아."", ""categories"": ""Statement"", ""type"": ""Recommendation""}], ""new_knowledge"": [""핵심 가치를 명확히 전달하는 것이 중요하다."", ""Providing data alone may not be sufficient to influence user behavior."", ""사용자에게 저탄소 교통 이용의 긍정적인 효과를 시각적으로 보여주는 것이 중요하다."", ""Integrating the feature into other parts of the application can enhance user engagement.""], ""new_actionPlan"": [""서비스의 핵심 가치를 명확히 전달할 수 있는 방법을 고민해보자."", ""Consider incorporating additional motivational elements or incentives to encourage the use of low-carbon transportation."", ""저탄소 교통 이용으로 절약한 탄소량을 시각적으로 표현하고, 이를 통해 달성할 수 있는 가상의 목표를 설정하여 사용자에게 동기부여를 제공하자."", ""Consider how the new feature can be integrated into different menus or sections of the application to increase user interaction.""], ""new_thinking"": ""핵심 가치를 명확히 전달하는 것이 중요하구나. 데이터만 제공하는 것으로는 사용자 행동에 영향을 미치기에 부족할 수 있구나. 사용자에게 저탄소 교통 이용의 긍정적인 효과를 시각적으로 보여주는 것이 중요하구나. 기능을 다른 메뉴에 통합하면 사용자 참여가 더 높아질 수 있겠어."", ""evaluation"": {""sentences"": [{""sentence"": ""이 지도 프로그램에서 핵심이 되는 동기는 절약한 탄소량이라고 생각해."", ""categories"": ""Statement"", ""type"": ""Evaluation"", ""knowledge"": ""The core motivation of the map program is the amount of carbon saved."", ""evaluation"": {""specificity"": 5, ""justification"": 5, ""active"": 3, ""sentiment"": 1}}, {""sentence"": ""그런데, 그 데이터를 교통 이용 시마다 표시해 주는 것 만으로는 동기부여가 부족하다고 생각해."", ""categories"": ""Statement"", ""type"": ""Evaluation"", ""knowledge"": ""Displaying the data each time transportation is used may not be enough motivation."", ""evaluation"": {""specificity"": 5, ""justification"": 5, ""active"": 3, ""sentiment"": 0}}, {""sentence"": ""그동한 저탄소 교통을 이용해 절약한 탄소량을 누적해서 표시해주거나, 이를 통해 달성할 수 있는 가상의 과제를 설정해 두고,"", ""categories"": ""Statement"", ""type"": ""Recommendation"", ""knowledge"": ""Cumulative display of saved carbon or setting virtual tasks can enhance motivation."", ""evaluation"": {""specificity"": 5, ""justification"": 5, ""active"": 5, ""sentiment"": 1}}, {""sentence"": ""이 탭을 어플리케이션의 다른 메뉴에서 확인할 수 있도록 한다면 더욱 동기 부여가 강력해질 것 같아."", ""categories"": ""Statement"", ""type"": ""Recommendation"", ""knowledge"": ""Allowing users to check this tab in other menus of the application can strengthen motivation."", ""evaluation"": {""specificity"": 5, ""justification"": 5, ""active"": 5, ""sentiment"": 1}}]}, ""response"": {""answer"": ""매번 절약한 탄소량을 누적해서 표시하는 방식이 좋은 아이디어 같아요. 누적된 양으로 뱃지나 트로피 같은 것을 주면 더 동기부여가 되겠네요.""}}"
19,2024-08-15 10:43:38,student_question,"{""question"": ""뱃지나 트로피를 효과적으로 디자인하려면 어떤 요소들을 고려해야 할까요?""}"
19,2024-08-15 10:45:19,user_feedaback,"{""user_input"": ""사람들이 주로 생각하는 저탄소 교통 이용의 효과는 아마도 환경오염 개선에 관한 것일거야. 이와 관련해서 자신이 기여했다는 기분을 느낄 수 있게 해당 효과를 시각화하는 방법을 고려해 봐."", ""category"": [{""sentence"": ""사람들이 주로 생각하는 저탄소 교통 이용의 효과는 아마도 환경오염 개선에 관한 것일거야."", ""categories"": ""Statement"", ""type"": ""Information""}, {""sentence"": ""이와 관련해서 자신이 기여했다는 기분을 느낄 수 있게 해당 효과를 시각화하는 방법을 고려해 봐."", ""categories"": ""Statement"", ""type"": ""Recommendation""}], ""new_knowledge"": [""Understanding the primary motivations behind user behavior is crucial for effective design."", ""Design elements should evoke a sense of personal achievement in users.""], ""new_actionPlan"": [""Investigate the main reasons why users choose low-carbon transportation and incorporate these motivations into the design."", ""Consider incorporating visual elements that highlight users' personal achievements in reducing carbon emissions.""], ""new_thinking"": ""사용자 행동의 주요 동기를 이해하는 것이 효과적인 디자인에 중요하다. 디자인 요소는 사용자에게 개인적인 성취감을 불러일으켜야 해."", ""evaluation"": {""sentences"": [{""sentence"": ""사람들이 주로 생각하는 저탄소 교통 이용의 효과는 아마도 환경오염 개선에 관한 것일거야."", ""categories"": ""Statement"", ""type"": ""Information"", ""knowledge"": ""The primary perceived benefit of low-carbon transportation is environmental improvement."", ""evaluation"": {""specificity"": 3, ""justification"": 3, ""active"": 2, ""sentiment"": 0}}, {""sentence"": ""이와 관련해서 자신이 기여했다는 기분을 느낄 수 있게 해당 효과를 시각화하는 방법을 고려해 봐."", ""categories"": ""Statement"", ""type"": ""Recommendation"", ""knowledge"": ""Consider visualizing the environmental impact to enhance the feeling of contribution."", ""evaluation"": {""specificity"": 4, ""justification"": 4, ""active"": 5, ""sentiment"": 1}}]}, ""response"": {""answer"": ""저탄소 교통 효과를 시각화하려면, 직접적인 환경 개선 성과를 보여주면 좋겠죠? 예를 들어, 이용자가 절약한 탄소량으로 얼마나 많은 나무를 구했는지, 얼마나 많은 공기 오염을 줄였는지 등 시각적 데이터로 비교하면 좋을 것 같아요. 이런 시각화는 사용자들에게 더 큰 동기부여를 줄 거에요.""}}"
19,2024-08-15 10:48:24,user_feedaback,"{""user_input"": ""좋아. 그렇다면 이 시각적인 데이터를 사용자의 프로필 혹은 애플리케이션 홈에서 나타낼 수 있는 친숙한 방법이 필요할 것 같아. 예를 들어, 최근에 많이 사용되는 어플리케이션 중 duilingo라는 언어 학습 플랫폼을 참고할 수 있을 거야. 이곳에서는 몇일째 연속해서 학습이 이루어지고 있는지, 그리고 매일 얼마만큼의 학습을 하고 있는 등을 시각화해서 보여주거든."", ""category"": [{""sentence"": ""그렇다면 이 시각적인 데이터를 사용자의 프로필 혹은 애플리케이션 홈에서 나타낼 수 있는 친숙한 방법이 필요할 것 같아."", ""categories"": ""Statement"", ""type"": ""Recommendation""}, {""sentence"": ""예를 들어, 최근에 많이 사용되는 어플리케이션 중 duilingo라는 언어 학습 플랫폼을 참고할 수 있을 거야."", ""categories"": ""Statement"", ""type"": ""Information""}, {""sentence"": ""이곳에서는 몇일째 연속해서 학습이 이루어지고 있는지, 그리고 매일 얼마만큼의 학습을 하고 있는 등을 시각화해서 보여주거든."", ""categories"": ""Statement"", ""type"": ""Information""}], ""new_knowledge"": [""Design elements should be easily accessible and visible to users."", ""Referencing successful applications can provide valuable design insights."", ""Visualizing progress over time can enhance user engagement.""], ""new_actionPlan"": [""Integrate visual data about the positive effects of low-carbon transportation into the user's profile or application home screen."", ""Analyze successful applications like Duolingo to identify features that can be adapted to enhance user engagement in your design."", ""Implement a feature that visually tracks and displays the user's progress in reducing carbon emissions over time.""], ""new_thinking"": ""시각적인 데이터를 사용자 프로필이나 앱 홈 화면에 통합해야겠어. 성공적인 어플리케이션을 참고하면 유용한 디자인 인사이트를 얻을 수 있겠어. 사용자의 진행 상황을 시각적으로 보여주면 참여도가 높아질 수 있겠어."", ""evaluation"": {""sentences"": [{""sentence"": ""그렇다면 이 시각적인 데이터를 사용자의 프로필 혹은 애플리케이션 홈에서 나타낼 수 있는 친숙한 방법이 필요할 것 같아."", ""categories"": ""Statement"", ""type"": ""Recommendation"", ""knowledge"": ""Visual data should be displayed in a familiar way on the user's profile or application home."", ""evaluation"": {""specificity"": 5, ""justification"": 4, ""active"": 5, ""sentiment"": 1}}, {""sentence"": ""예를 들어, 최근에 많이 사용되는 어플리케이션 중 duilingo라는 언어 학습 플랫폼을 참고할 수 있을 거야."", ""categories"": ""Statement"", ""type"": ""Information"", ""knowledge"": ""Duolingo can be referenced for visual data display."", ""evaluation"": {""specificity"": 5, ""justification"": 4, ""active"": 3, ""sentiment"": 1}}, {""sentence"": ""이곳에서는 몇일째 연속해서 학습이 이루어지고 있는지, 그리고 매일 얼마만큼의 학습을 하고 있는 등을 시각화해서 보여주거든."", ""categories"": ""Statement"", ""type"": ""Information"", ""knowledge"": ""Duolingo visualizes continuous learning streaks and daily learning amounts."", ""evaluation"": {""specificity"": 5, ""justification"": 4, ""active"": 3, ""sentiment"": 1}}]}, ""response"": {""answer"": ""감사해요! duolingo 같은 플랫폼의 시각화 방식이 좋은 예시 같아요. 그러면 저희 앱에서도 연속 사용하는 일수와 누적 탄소절약량을 시각적으로 보여줄 수 있는 방법을 연구해보겠어요.""}}"
19,2024-08-15 10:48:25,student_question,"{""question"": ""프로필 페이지나 앱 홈에서 누적 탄소 절약량 같은 데이터 시각화를 할 때 주의해야 할 점들이 있을까요?""}"
19,2024-08-15 10:50:21,user_feedaback,"{""user_input"": ""항상 주의해야 하는 점은 전문적인 데이터로 다가가지 않는거야. 물론 탄소 절약에 대한 아주 세부적이고 다양한 시각화 및 분석을 한다면 이론적으로는 효과적인 서비스가 되겠지만, 대부분 이 서비스를 사용하는 사람들은 그 정도의 지식을 피곤하게 느낄 수 있어. 데이터를 부르는 용어를 쉽게 만들고, 시각화 방식 또한 직관적으로 만들면 이 플랫폼을 범용적으로 사용 가능하게 해 줄 거야."", ""category"": [{""sentence"": ""항상 주의해야 하는 점은 전문적인 데이터로 다가가지 않는거야."", ""categories"": ""Statement"", ""type"": ""Recommendation""}, {""sentence"": ""물론 탄소 절약에 대한 아주 세부적이고 다양한 시각화 및 분석을 한다면 이론적으로는 효과적인 서비스가 되겠지만, 대부분 이 서비스를 사용하는 사람들은 그 정도의 지식을 피곤하게 느낄 수 있어."", ""categories"": ""Statement"", ""type"": ""Evaluation""}, {""sentence"": ""데이터를 부르는 용어를 쉽게 만들고, 시각화 방식 또한 직관적으로 만들면 이 플랫폼을 범용적으로 사용 가능하게 해 줄 거야."", ""categories"": ""Statement"", ""type"": ""Recommendation""}], ""new_knowledge"": [""Professional data should be presented in a user-friendly manner."", ""Providing too much detailed and diverse data can overwhelm users."", ""Using simple language and direct visualization can make data more accessible and engaging for users.""], ""new_actionPlan"": [""Ensure that all data visualizations in the app are easy to understand and engaging for users."", ""Ensure that the data presented to users is concise and easily understandable to avoid overwhelming them."", ""Simplify the language used in the app and employ direct visualization methods to present data clearly.""], ""new_thinking"": ""전문적인 데이터를 사용자 친화적으로 보여줘야 해. 너무 많은 세부 정보와 다양한 데이터를 제공하면 사용자가 피곤해할 수 있어. 간단한 언어와 직접적인 시각화를 사용하면 데이터를 더 쉽게 접근하고 흥미롭게 만들 수 있겠어."", ""evaluation"": {""sentences"": [{""sentence"": ""항상 주의해야 하는 점은 전문적인 데이터로 다가가지 않는거야."", ""categories"": ""Statement"", ""type"": ""Recommendation"", ""knowledge"": ""Avoid using overly technical data."", ""evaluation"": {""specificity"": 5, ""justification"": 4, ""active"": 5, ""sentiment"": 0}}, {""sentence"": ""물론 탄소 절약에 대한 아주 세부적이고 다양한 시각화 및 분석을 한다면 이론적으로는 효과적인 서비스가 되겠지만, 대부분 이 서비스를 사용하는 사람들은 그 정도의 지식을 피곤하게 느낄 수 있어."", ""categories"": ""Statement"", ""type"": ""Evaluation"", ""knowledge"": ""Detailed visualizations and analyses might be effective but can be overwhelming for most users."", ""evaluation"": {""specificity"": 5, ""justification"": 5, ""active"": 4, ""sentiment"": -1}}, {""sentence"": ""데이터를 부르는 용어를 쉽게 만들고, 시각화 방식 또한 직관적으로 만들면 이 플랫폼을 범용적으로 사용 가능하게 해 줄 거야."", ""categories"": ""Statement"", ""type"": ""Recommendation"", ""knowledge"": ""Use simple terminology and intuitive visualizations for broader usability."", ""evaluation"": {""specificity"": 5, ""justification"": 5, ""active"": 5, ""sentiment"": 1}}]}, ""response"": {""answer"": ""정말 좋은 포인트에요. 데이터를 쉽게 이해할 수 있는 용어로 표현하고, 직관적인 시각화를 통해 접근성을 높여야겠어요. 사용자들이 피로감을 느끼지 않도록 간단하고 명확하게 디자인할게요.""}}"
19,2024-08-15 10:51:11,update_idea,"{""title"": ""저탄소 교통 이용을 장려하는 지도 서비스 2.0"", ""problem"": ""대중교통을 이용하는 것이 환경친화적인 선택임에도 불구하고, 많은 사람들이 불편함과 시간 소모 등의 문제로 개인 교통수단을 선호합니다. 이로 인해 탄소 배출량이 증가하고 지구 환경 문제가 심화됩니다."", ""idea"": ""이 서비스는 사용자가 저탄소 교통을 이용할 때마다 탄소 절약량을 계산하여 보여주고, 그 절약된 탄소량을 통해 환경에 미치는 긍정적인 영향을 시각적으로 표현합니다. 예를 들어, 절약한 탄소량이 얼마나 많은 나무를 구하고, 공기 중의 오염 물질을 얼마나 줄이는지 보여주는 것입니다. 사용자는 자신의 프로필이나 앱의 홈 화면에서 자신이 이룬 환경 보호 성과를 쉽게 볼 수 있으며, 이 정보는 Duolingo와 같은 어플리케이션의 시각화 방식을 차용하여 명확하고 직관적으로 제공됩니다. 또한, 사용자가 저탄소 교통을 선호할 수 있도록 동기를 부여하기 위해, 누적된 탄소 절약량에 따라 뱃지나 트로피와 같은 가상의 보상을 제공합니다. 이 보상은 사용자들이 지속적으로 저탄소 교통을 이용하도록 유도하는데 필수적인 요소로 작용합니다. 모든 정보와 보상 시스템은 사용자가 쉽게 이해하고 접근할 수 있도록 간단하고 세련된 디자인으로 구현됩니다. 이러한 기능들은 대중교통 이용을 보다 매력적으로 만들어 개인 교통수단의 사용을 줄이고, 궁극적으로 탄소 배출을 감소시키는데 기여할 것입니다.""}"
19,2024-08-15 10:52:36,user_feedaback,"{""user_input"": ""말해준 점들이 잘 반영된 것 같아. 그런데, 환경친화적인 대중교통의 사용량을 늘리려는 우리의 1차적인 목표에 더욱 다가가려면 개인에게 보상을 제공하는 것 외에도 사회적인 흐름을 만들어 나가는 것이 중요해. 그 첫 단계로 나는 앞서 말했"", ""category"": [{""sentence"": ""말해준 점들이 잘 반영된 것 같아."", ""categories"": ""Statement"", ""type"": ""Evaluation""}, {""sentence"": ""그런데, 환경친화적인 대중교통의 사용량을 늘리려는 우리의 1차적인 목표에 더욱 다가가려면 개인에게 보상을 제공하는 것 외에도 사회적인 흐름을 만들어 나가는 것이 중요해."", ""categories"": ""Statement"", ""type"": ""Recommendation""}], ""new_knowledge"": [""Positive feedback indicates that the design is on the right track."", ""Creating a sense of social movement can enhance user engagement.""], ""new_actionPlan"": [""Continue refining the design based on the current direction and feedback received."", ""Incorporate features that foster a sense of community and collective achievement in the app.""], ""new_thinking"": ""긍정적인 피드백은 디자인이 올바른 방향으로 가고 있다는 신호야. 사회적 움직임을 만들어내는 것이 사용자 참여를 높일 수 있구나."", ""evaluation"": {""sentences"": [{""sentence"": ""말해준 점들이 잘 반영된 것 같아."", ""categories"": ""Statement"", ""type"": ""Evaluation"", ""knowledge"": ""The student's design idea has incorporated the feedback well."", ""evaluation"": {""specificity"": 3, ""justification"": 2, ""active"": 1, ""sentiment"": 1}}, {""sentence"": ""그런데, 환경친화적인 대중교통의 사용량을 늘리려는 우리의 1차적인 목표에 더욱 다가가려면 개인에게 보상을 제공하는 것 외에도 사회적인 흐름을 만들어 나가는 것이 중요해."", ""categories"": ""Statement"", ""type"": ""Recommendation"", ""knowledge"": ""Creating a social trend is important in addition to providing individual rewards to increase the use of eco-friendly public transportation."", ""evaluation"": {""specificity"": 4, ""justification"": 5, ""active"": 5, ""sentiment"": 1}}]}, ""response"": {""answer"": ""알겠습니다, 선생님. 개인에게 주는 보상 외에도 사회적인 흐름을 만들기 위한 아이디어가 필요하겠네요. 예를 들어, 지역 커뮤니티나 기업들 간의 경쟁을 통해 저탄소 교통 사용을 장려하는 이벤트 등을 고려해볼 수 있을까요?""}}"
19,2024-08-15 10:52:38,student_question,"{""question"": ""저희 서비스가 지역 커뮤니티나 기업들 간의 경쟁을 통해 저탄소 교통 사용을 장려하는 이벤트를 기획하려면, 어떤 주요 요소들을 고려해야 할까요?""}"
19,2024-08-15 10:53:56,user_feedaback,"{""user_input"": ""이벤트는 너무 많이 진행된 단계인 것 같고, 가장 원시적인 형태부터 시작해 보자. 친구 및 지인의 프로필에 표시되는 저탄소 교통 이용과 관련된 시각화 자료를 다른 사람이 볼 수 있게 하면 좋겠어."", ""category"": [{""sentence"": ""이벤트는 너무 많이 진행된 단계인 것 같고,"", ""categories"": ""Statement"", ""type"": ""Evaluation""}, {""sentence"": ""가장 원시적인 형태부터 시작해 보자."", ""categories"": ""Statement"", ""type"": ""Recommendation""}, {""sentence"": ""친구 및 지인의 프로필에 표시되는 저탄소 교통 이용과 관련된 시각화 자료를 다른 사람이 볼 수 있게 하면 좋겠어."", ""categories"": ""Statement"", ""type"": ""Recommendation""}], ""new_knowledge"": [""Evaluating the scale and frequency of events is crucial for effective design."", ""Starting with the most fundamental form can help clarify the design."", ""Making user achievements visible to others can enhance motivation.""], ""new_actionPlan"": [""Assess the current frequency and scale of events to ensure they are not overwhelming for users."", ""Begin by outlining the core functionalities and features of the service before adding complex elements."", ""Implement a feature that allows users to share their carbon-saving achievements with friends and the community.""], ""new_thinking"": ""이벤트가 너무 많이 진행되면 사용자에게 부담이 될 수 있겠구나. 가장 기본적인 형태부터 시작하면 디자인이 더 명확해질 수 있겠어. 다른 사람들이 내 성과를 볼 수 있게 하면 동기부여가 더 강해질 수 있겠어."", ""evaluation"": {""sentences"": [{""sentence"": ""이벤트는 너무 많이 진행된 단계인 것 같고,"", ""categories"": ""Statement"", ""type"": ""Evaluation"", ""knowledge"": ""The idea of hosting events is considered too advanced at this stage."", ""evaluation"": {""specificity"": 5, ""justification"": 4, ""active"": 3, ""sentiment"": 0}}, {""sentence"": ""가장 원시적인 형태부터 시작해 보자."", ""categories"": ""Statement"", ""type"": ""Recommendation"", ""knowledge"": ""Start with the most basic form of the idea."", ""evaluation"": {""specificity"": 4, ""justification"": 3, ""active"": 5, ""sentiment"": 1}}, {""sentence"": ""친구 및 지인의 프로필에 표시되는 저탄소 교통 이용과 관련된 시각화 자료를 다른 사람이 볼 수 있게 하면 좋겠어."", ""categories"": ""Statement"", ""type"": ""Recommendation"", ""knowledge"": ""Allow others to view visual data related to low-carbon transportation usage on friends' and acquaintances' profiles."", ""evaluation"": {""specificity"": 5, ""justification"": 4, ""active"": 5, ""sentiment"": 1}}]}, ""response"": {""answer"": ""친구나 지인의 프로필에 저탄소 교통 이용 실적을 표시하는 건 정말 좋은 아이디어 같아요. 이를 통해 경쟁심이 유발되고, 자연스럽게 이용이 늘어날 것 같아요. 이런 방식으로 소셜 요소를 접목시키면 더 큰 효과를 볼 수 있을 것 같아요.""}}"
19,2024-08-15 10:55:31,user_feedaback,"{""user_input"": ""그래. 이제 이렇게 한 뒤에 가상의 이벤트를 생각해 볼 수 있을 거야. 여기서는 기업과 같은 큰 그룹의 경쟁보다는 앞서 말한 친구 혹은 지인과 협력 혹은 경쟁을 하면서 저탄소 교통을 많이 이용하도록 장려하는 간단한 이벤트가 있으면 좋을 것 같아."", ""category"": [{""sentence"": ""이제 이렇게 한 뒤에 가상의 이벤트를 생각해 볼 수 있을 거야."", ""categories"": ""Statement"", ""type"": ""Recommendation""}, {""sentence"": ""여기서는 기업과 같은 큰 그룹의 경쟁보다는 앞서 말한 친구 혹은 지인과 협력 혹은 경쟁을 하면서 저탄소 교통을 많이 이용하도록 장려하는 간단한 이벤트가 있으면 좋을 것 같아."", ""categories"": ""Statement"", ""type"": ""Recommendation""}], ""new_knowledge"": [""Starting with simple and fundamental features can help clarify the design."", ""Starting with simple, small-scale social interactions can effectively encourage user behavior.""], ""new_actionPlan"": [""Begin by implementing basic features before considering more complex elements like events."", ""Integrate features that allow users to see and interact with their friends' and acquaintances' low-carbon transportation achievements.""], ""new_thinking"": ""기본적인 기능부터 시작하는 것이 디자인을 명확히 하는 데 도움이 될 수 있겠어. 작은 규모의 사회적 상호작용부터 시작하는 것이 사용자 행동을 효과적으로 유도할 수 있겠구나."", ""evaluation"": {""sentences"": [{""sentence"": ""이제 이렇게 한 뒤에 가상의 이벤트를 생각해 볼 수 있을 거야."", ""categories"": ""Statement"", ""type"": ""Recommendation"", ""knowledge"": ""Consider virtual events after implementing initial features."", ""evaluation"": {""specificity"": 4, ""justification"": 3, ""active"": 3, ""sentiment"": 1}}, {""sentence"": ""여기서는 기업과 같은 큰 그룹의 경쟁보다는 앞서 말한 친구 혹은 지인과 협력 혹은 경쟁을 하면서 저탄소 교통을 많이 이용하도록 장려하는 간단한 이벤트가 있으면 좋을 것 같아."", ""categories"": ""Statement"", ""type"": ""Recommendation"", ""knowledge"": ""Encourage simple events for friends or acquaintances to promote low-carbon transport usage."", ""evaluation"": {""specificity"": 5, ""justification"": 4, ""active"": 4, ""sentiment"": 1}}]}, ""response"": {""answer"": ""선생님, 그럼 친구나 지인과 협력하거나 경쟁할 수 있는 간단한 이벤트 예시로 어떤 것들이 있을까요? 예를 들어, 주말 동안 누가 더 많은 탄소를 절약했는지 경쟁하거나, 함께 목표를 설정하고 달성하는 방식이 있을까요?""}}"
19,2024-08-15 10:55:32,student_question,"{""question"": ""선생님, 친구나 지인과 협력하거나 경쟁할 수 있는 간단한 이벤트를 기획할 때, 어떤 점들을 고려해야 할까요?""}"
19,2024-08-15 10:57:13,user_feedaback,"{""user_input"": ""너가 말해 준 예시도 정말 괜찮지. 다만, 경쟁하는 형태의 이벤트 기획에서 가장 중요한 점은 경쟁에서 패배하더라도 나름의 어플리케이션 사용에 대한 동기를 얻는 것이라 생각해."", ""category"": [{""sentence"": ""너가 말해 준 예시도 정말 괜찮지."", ""categories"": ""Statement"", ""type"": ""Evaluation""}, {""sentence"": ""다만, 경쟁하는 형태의 이벤트 기획에서 가장 중요한 점은 경쟁에서 패배하더라도 나름의 어플리케이션 사용에 대한 동기를 얻는 것이라 생각해."", ""categories"": ""Statement"", ""type"": ""Recommendation""}], ""new_knowledge"": [""Positive feedback indicates that the design is on the right track."", ""Even in competitive scenarios, maintaining user motivation is crucial.""], ""new_actionPlan"": [""Continue refining the design based on the positive feedback received."", ""Ensure that the design includes elements that keep users motivated, even if they do not win in competitive events.""], ""new_thinking"": ""긍정적인 피드백은 디자인이 올바른 방향으로 가고 있다는 신호야. 경쟁에서 패배하더라도 사용자 동기를 유지하는 것이 중요하구나."", ""evaluation"": {""sentences"": [{""sentence"": ""너가 말해 준 예시도 정말 괜찮지."", ""categories"": ""Statement"", ""type"": ""Evaluation"", ""knowledge"": ""The student's example is considered good."", ""evaluation"": {""specificity"": 3, ""justification"": 2, ""active"": 2, ""sentiment"": 1}}, {""sentence"": ""다만, 경쟁하는 형태의 이벤트 기획에서 가장 중요한 점은 경쟁에서 패배하더라도 나름의 어플리케이션 사용에 대한 동기를 얻는 것이라 생각해."", ""categories"": ""Statement"", ""type"": ""Recommendation"", ""knowledge"": ""In competitive events, it is crucial to ensure that users remain motivated even if they lose."", ""evaluation"": {""specificity"": 4, ""justification"": 5, ""active"": 5, ""sentiment"": 1}}]}, ""response"": {""answer"": ""경쟁에서 지더라도 사용자가 계속 어플리케이션을 쓰고 싶도록 만들어야 한다는 뜻이죠? 예를 들어, 참여에 따른 보상 시스템을 도입하거나, 작은 성과도 인정해 주는 방식을 고려하면 좋을 것 같아요.""}}"
19,2024-08-15 10:57:55,update_idea,"{""title"": ""저탄소 교통 이용을 장려하는 지도 서비스 2.0"", ""problem"": ""많은 사람들이 저탄소 교통의 중요성을 인지하고 있지만, 대중교통 이용에 따른 불편함과 불쾌감 때문에 저탄소 교통 이용률이 낮아지고 있습니다."", ""idea"": ""이 서비스는 사용자가 저탄소 교통을 이용할 때마다 탄소 절약량을 계산하여 보여주고, 절약된 탄소량을 바탕으로 환경에 미치는 긍정적 영향을 시각적으로 표현합니다. 예를 들어 절약한 탄소량으로 구할 수 있는 나무의 수, 줄일 수 있는 공기 중 오염 물질의 양 등을 보여줌으로써, 사용자가 환경 보호에 기여하고 있다는 성취감을 느낄 수 있도록 합니다. 또한, 사용자들이 서로의 환경 보호 성과를 볼 수 있도록 소셜 네트워크 기능을 강화하여 친구나 지인과의 경쟁 및 협력을 통해 저탄소 교통 이용을 더욱 장려하는 방식을 도입합니다. 이를 통해 개인뿐만 아니라 지역 커뮤니티나 회사 단위로도 환경 보호 활동에 참여하게 하여 보다 폭넓은 사회적 흐름을 만들어갈 수 있습니다. Duolingo와 같은 어플리케이션의 시각화 방식을 차용해, 사용자가 쉽고 재미있게 자신의 환경 보호 활동을 확인할 수 있도록 디자인합니다. 또한, 경쟁에서 이기지 않더라도 사용자가 계속해서 어플리케이션을 이용하고 싶도록 유도하는 다양한 보상 시스템을 마련합니다.""}"
19,2024-08-15 10:59:35,user_feedaback,"{""user_input"": ""음, 아까 내가 말했던 것은 지역 커뮤니티나 회사 단위로 보호활동에 참여하게 하자는 것은 아니었어. 오히려 그런 형태의 이벤트는 지양해야 한다고 생각해. 그 정도로 큰 그룹을 움직이게 하기에는 현재 우리가 가진 motivation이 부족하거든."", ""category"": [{""sentence"": ""음, 아까 내가 말했던 것은 지역 커뮤니티나 회사 단위로 보호활동에 참여하게 하자는 것은 아니었어."", ""categories"": ""Statement"", ""type"": ""Evaluation""}, {""sentence"": ""오히려 그런 형태의 이벤트는 지양해야 한다고 생각해."", ""categories"": ""Statement"", ""type"": ""Recommendation""}, {""sentence"": ""그 정도로 큰 그룹을 움직이게 하기에는 현재 우리가 가진 motivation이 부족하거든."", ""categories"": ""Statement"", ""type"": ""Evaluation""}], ""new_knowledge"": [""Clarifying the scope of the design idea is essential for effective implementation."", ""Starting with simple, small-scale social interactions can effectively encourage user behavior."", ""Assessing the current level of motivation is crucial for effective design.""], ""new_actionPlan"": [""Refine the design idea to focus on individual and small group interactions before expanding to larger community or corporate levels."", ""Implement basic social features that allow users to see and interact with each other's achievements before planning larger events."", ""Evaluate the current motivational elements in the design and identify areas for improvement.""], ""new_thinking"": ""디자인 아이디어의 범위를 명확히 하는 것이 중요하구나. 작은 규모의 사회적 상호작용부터 시작하는 것이 사용자 행동을 효과적으로 유도할 수 있겠구나. 현재 동기부여 요소가 충분한지 평가하는 것이 중요하구나."", ""evaluation"": {""sentences"": [{""sentence"": ""음, 아까 내가 말했던 것은 지역 커뮤니티나 회사 단위로 보호활동에 참여하게 하자는 것은 아니었어."", ""categories"": ""Statement"", ""type"": ""Evaluation"", ""knowledge"": ""The mentor clarifies that the suggestion was not to involve large groups like communities or companies in protection activities."", ""evaluation"": {""specificity"": 6, ""justification"": 5, ""active"": 4, ""sentiment"": 0}}, {""sentence"": ""오히려 그런 형태의 이벤트는 지양해야 한다고 생각해."", ""categories"": ""Statement"", ""type"": ""Recommendation"", ""knowledge"": ""The mentor recommends avoiding events that involve large groups."", ""evaluation"": {""specificity"": 5, ""justification"": 5, ""active"": 4, ""sentiment"": 0}}, {""sentence"": ""그 정도로 큰 그룹을 움직이게 하기에는 현재 우리가 가진 motivation이 부족하거든."", ""categories"": ""Statement"", ""type"": ""Evaluation"", ""knowledge"": ""The mentor believes that the current motivation is insufficient to mobilize large groups."", ""evaluation"": {""specificity"": 6, ""justification"": 6, ""active"": 3, ""sentiment"": 0}}]}, ""response"": {""answer"": ""알겠습니다. 큰 그룹보다 작은 그룹의 개인적인 경쟁이나 협력에 더 중점을 두는 게 좋겠네요. 그럼 친구나 지인끼리 참여할 수 있는 소규모 이벤트를 기획해보도록 하겠습니다.""}}"
19,2024-08-15 10:59:36,student_question,"{""question"": ""구체적인 소규모 이벤트를 기획할 때 사용자 간 협력과 경쟁을 어떻게 균형 있게 설계해야 할까요?""}"
19,2024-08-15 11:01:00,user_feedaback,"{""user_input"": ""그 부분에 대해서는 다양한 온라인 게임에서 예시를 찾아 볼 수 있을 것 같아. 어떻게 보면 사용자가 간단한 전략을 설계할 수 있게 유도하는거지."", ""category"": [{""sentence"": ""그 부분에 대해서는 다양한 온라인 게임에서 예시를 찾아 볼 수 있을 것 같아."", ""categories"": ""Statement"", ""type"": ""Recommendation""}, {""sentence"": ""어떻게 보면 사용자가 간단한 전략을 설계할 수 있게 유도하는거지."", ""categories"": ""Statement"", ""type"": ""Recommendation""}], ""new_knowledge"": [""Referencing diverse online games can provide valuable design insights."", ""Design should guide users to set simple and achievable goals.""], ""new_actionPlan"": [""Research various online games to find effective design elements that can be incorporated into the service."", ""Incorporate features that help users set and track simple, achievable goals within the application.""], ""new_thinking"": ""다양한 온라인 게임에서 디자인 인사이트를 얻을 수 있겠어. 디자인은 사용자가 간단하고 달성 가능한 목표를 설정하도록 유도해야 해."", ""evaluation"": {""sentences"": [{""sentence"": ""그 부분에 대해서는 다양한 온라인 게임에서 예시를 찾아 볼 수 있을 것 같아."", ""categories"": ""Statement"", ""type"": ""Recommendation"", ""knowledge"": ""다양한 온라인 게임에서 예시를 찾아볼 수 있다."", ""evaluation"": {""specificity"": 4, ""justification"": 3, ""active"": 4, ""sentiment"": 1}}, {""sentence"": ""어떻게 보면 사용자가 간단한 전략을 설계할 수 있게 유도하는거지."", ""categories"": ""Statement"", ""type"": ""Recommendation"", ""knowledge"": ""사용자가 간단한 전략을 설계할 수 있게 유도한다."", ""evaluation"": {""specificity"": 3, ""justification"": 3, ""active"": 4, ""sentiment"": 1}}]}, ""response"": {""answer"": ""온라인 게임에서 유저 간 협력이나 경쟁을 유도할 수 있는 전략을 참고해 볼게요. 사용자들이 스스로 전략을 세우며 재미를 느낄 수 있도록 디자인할 수 있을 것 같아요.""}}"
19,2024-08-15 11:02:05,update_idea,"{""title"": ""저탄소 교통 이용을 장려하는 지도 서비스 2.0"", ""problem"": ""많은 사람들이 저탄소 교통의 중요성을 인지하고 있으나, 저탄소 교통 이용 시 발생하는 불편함과 대기 시간으로 인해 실제 사용률이 저조합니다. 이로 인해 환경 개선에 기여하는 개인의 동기가 저하됩니다."", ""idea"": ""이 서비스는 저탄소 교통 이용을 통해 환경에 미치는 긍정적 영향을 시각적으로 보여주고, 사용자 간의 소규모 경쟁 및 협력을 통해 동기를 부여합니다. 사용자가 저탄소 교통을 이용할 때마다 탄소 절약량을 계산하여 보여주며, 절약된 탄소로 인해 구할 수 있는 나무의 수나 줄일 수 있는 공기 중 오염 물질의 양 등을 시각화합니다. 또한 사용자들이 서로의 저탄소 교통 이용 실적을 볼 수 있도록 소셜 네트워크 기능을 강화하여 친구나 지인과의 경쟁 및 협력을 장려합니다. 사용자는 누적된 탄소 절약량을 바탕으로 뱃지나 트로피 같은 보상을 받을 수 있으며, 이러한 보상은 회원들의 적극적인 참여를 유도합니다. 우리는 간단한 게임화 전략을 활용하여 사용자의 재미와 참여도를 높이기 위해 노력할 것입니다. 이를 통해 지속적인 저탄소 교통 이용을 장려하고 더 넓은 사회적 흐름으로 환경 보호 활동을 확대해 나갈 수 있습니다.""}"
19,2024-08-15 11:02:10,finish,