user_id,timestamp,tag,data
19,2024-08-15 10:14:51,start,
19,2024-08-15 10:18:14,user_feedaback,"{""user_input"": ""그래, 우선 이 프로젝트에는 너가 말한 아이디어보다 더욱 자동화하는 과정이 필요할 것 같아. 사실상 '사람의 양심' 이 너가 정의한 target problem에서 핵심이 되는 문제인데, 전문 상담사와의 인터뷰, 가정방문 평가, 그리고 입양자가 직접 시행하는 온라인 보고 등의 시스템은 전부 사람에 의해 이루어지는 것이지. 따라서,"", ""category"": [{""sentence"": ""그래, 우선 이 프로젝트에는 너가 말한 아이디어보다 더욱 자동화하는 과정이 필요할 것 같아."", ""categories"": ""Statement"", ""type"": ""Recommendation""}, {""sentence"": ""사실상 '사람의 양심' 이 너가 정의한 target problem에서 핵심이 되는 문제인데,"", ""categories"": ""Statement"", ""type"": ""Evaluation""}, {""sentence"": ""전문 상담사와의 인터뷰, 가정방문 평가, 그리고 입양자가 직접 시행하는 온라인 보고 등의 시스템은 전부 사람에 의해 이루어지는 것이지."", ""categories"": ""Statement"", ""type"": ""Evaluation""}], ""new_knowledge"": [""자동화된 프로세스는 사용자 경험을 향상시킬 수 있다."", ""Understanding the core problem is crucial for effective design."", ""Not all users may be comfortable with or capable of completing extensive evaluation processes.""], ""new_actionPlan"": [""입양 절차와 지원 시스템의 일부를 자동화하여 사용자 경험을 개선하자."", ""Ensure that the design idea addresses the core problem effectively by focusing on the key issues identified."", ""Consider simplifying or providing alternatives for the evaluation processes to accommodate a wider range of users.""], ""new_thinking"": ""자동화된 프로세스가 필요하구나. 핵심 문제를 이해하는 것이 효과적인 디자인에 필수적이구나. 모든 사용자가 복잡한 평가 과정을 편안하게 수행할 수 있는 것은 아니다."", ""evaluation"": {""sentences"": [{""sentence"": ""그래, 우선 이 프로젝트에는 너가 말한 아이디어보다 더욱 자동화하는 과정이 필요할 것 같아."", ""categories"": ""Statement"", ""type"": ""Recommendation"", ""knowledge"": ""The project needs more automation than the current idea suggests."", ""evaluation"": {""specificity"": 5, ""justification"": 4, ""active"": 5, ""sentiment"": 0}}, {""sentence"": ""사실상 '사람의 양심' 이 너가 정의한 target problem에서 핵심이 되는 문제인데,"", ""categories"": ""Statement"", ""type"": ""Evaluation"", ""knowledge"": ""The core issue in the defined target problem is human conscience."", ""evaluation"": {""specificity"": 4, ""justification"": 4, ""active"": 3, ""sentiment"": 0}}, {""sentence"": ""전문 상담사와의 인터뷰, 가정방문 평가, 그리고 입양자가 직접 시행하는 온라인 보고 등의 시스템은 전부 사람에 의해 이루어지는 것이지."", ""categories"": ""Statement"", ""type"": ""Evaluation"", ""knowledge"": ""The systems like interviews, home evaluations, and online reports are all human-driven."", ""evaluation"": {""specificity"": 5, ""justification"": 5, ""active"": 4, ""sentiment"": 0}}]}, ""response"": {""answer"": ""네, 맞아요. 상담사나 가정방문 평가가 사람의 역할이 크긴 한데, 이걸 AI나 온라인 시스템으로 더 효율적으로 만들 수 있을지 고민해볼게요. 예를 들면, 입양적합성 테스트를 AI 기반으로 자동 평가하는 시스템을 도입하는 것도 방법일 것 같아요.""}}"
19,2024-08-15 10:19:59,user_feedaback,"{""user_input"": ""그렇지. 앞에서 설명한 '전문 상담사'의 역할을 좀 더 구체적이고 객관적인 기준을 도입하면 좋을 것 같아. 또한, 입양자가 시행하는 온라인 보고의 경우에도, 입양자가 트리거를 건드리는 것이 아니라, 불시에 검문하는 형태로 이루어지면 앞서 말한 문제를 해결할 수 있을 거야."", ""category"": [{""sentence"": ""앞에서 설명한 '전문 상담사'의 역할을 좀 더 구체적이고 객관적인 기준을 도입하면 좋을 것 같아."", ""categories"": ""Statement"", ""type"": ""Recommendation""}, {""sentence"": ""또한, 입양자가 시행하는 온라인 보고의 경우에도, 입양자가 트리거를 건드리는 것이 아니라, 불시에 검문하는 형태로 이루어지면 앞서 말한 문제를 해결할 수 있을 거야."", ""categories"": ""Statement"", ""type"": ""Recommendation""}], ""new_knowledge"": [""Defining roles and standards clearly enhances the effectiveness of a design."", ""User feedback mechanisms should be designed to encourage honest and constructive responses.""], ""new_actionPlan"": [""Clearly define the roles and standards for each part of the adoption process to ensure consistency and reliability."", ""Design the online reporting system to facilitate honest and constructive feedback from users, possibly by ensuring anonymity or providing guided questions.""], ""new_thinking"": ""역할과 기준을 명확히 정의하면 디자인의 효과가 향상된다. 사용자 피드백 시스템은 정직하고 건설적인 응답을 유도해야 해."", ""evaluation"": {""sentences"": [{""sentence"": ""앞에서 설명한 '전문 상담사'의 역할을 좀 더 구체적이고 객관적인 기준을 도입하면 좋을 것 같아."", ""categories"": ""Statement"", ""type"": ""Recommendation"", ""knowledge"": ""The role of the professional counselor should be more specific and objective."", ""evaluation"": {""specificity"": 6, ""justification"": 5, ""active"": 5, ""sentiment"": 1}}, {""sentence"": ""또한, 입양자가 시행하는 온라인 보고의 경우에도, 입양자가 트리거를 건드리는 것이 아니라, 불시에 검문하는 형태로 이루어지면 앞서 말한 문제를 해결할 수 있을 거야."", ""categories"": ""Statement"", ""type"": ""Recommendation"", ""knowledge"": ""Online reporting by adopters should be conducted through random checks rather than triggered by the adopters."", ""evaluation"": {""specificity"": 6, ""justification"": 5, ""active"": 5, ""sentiment"": 1}}]}, ""response"": {""answer"": ""알겠습니다. 상담사의 기준을 더 구체적으로 만들어보고, 불시 검문 형태의 온라인 보고 시스템도 고려해볼게요. 감사합니다!""}}"
19,2024-08-15 10:20:25,update_idea,"{""title"": ""Petit - 책임감 있는 반려동물 입양 플랫폼"", ""problem"": ""반려동물 입양 후 책임감과 능력 부족으로 인해 유기동물이 되는 사례가 증가하고 있다. 이 문제는 입양 과정에서의 충분한 교육과 준비의 부재, 입양 후 지속적인 관리의 부족에 기인한다."", ""idea"": ""Petit 플랫폼은 AI 기반 시스템을 도입하여 입양 절차를 자동화하고, 객관적이고 일관된 평가 기준을 마련하여 사용자 경험을 향상시킨다. 우선적으로, 입양 희망자는 AI를 활용한 온라인 교육 프로그램을 이수하게 되며, 이 교육은 반려동물의 기본적인 돌봄 지식, 건강 관리, 훈련 방법을 포함한다. 교육 이수 후에는 AI가 관리하는 테스트를 통해 희망자의 이해도를 평가하며, 일정 점수 이상을 획득해야 입양이 가능하다. 또한, 가정 방문 평가는 가상 현실 기술을 활용하여 실제 환경에서의 적합성을 평가하며, 전문 상담사의 역할은 AI에 의해 수집된 데이터를 바탕으로 최종 결정을 내리는 데 있어 중요한 참고자료로 활용된다. 입양 후 관리 시스템은 정기적이고 불시적인 가상 검사를 통해 입양자가 반려동물을 책임감 있게 돌보고 있는지 확인한다. 이 시스템은 입양자에게는 명확한 가이드라인을 제공하며 필요 시 즉시 개입을 가능하게 하여 반려동물의 복지를 높인다. 입양자로부터의 온라인 보고는 익명성을 보장하거나 지도적 질문을 통해 솔직하고 건설적인 피드백이 이루어지도록 설계된다.""}"
19,2024-08-15 10:21:32,user_feedaback,"{""user_input"": ""음.. 전문 상담사의 존재 자체를 없애도 괜찮을 것 같은데? 주관적인 판단 기준을 마지막 단계에 첨가한다면 문제가 전혀 해결되지 않을 것으로 보여."", ""category"": [{""sentence"": ""음.. 전문 상담사의 존재 자체를 없애도 괜찮을 것 같은데?"", ""categories"": ""Statement"", ""type"": ""Recommendation""}, {""sentence"": ""주관적인 판단 기준을 마지막 단계에 첨가한다면 문제가 전혀 해결되지 않을 것으로 보여."", ""categories"": ""Statement"", ""type"": ""Evaluation""}], ""new_knowledge"": [""AI can replace human roles in certain evaluation processes."", ""Objective criteria should be integrated throughout the entire process for effective problem-solving.""], ""new_actionPlan"": [""Consider implementing AI to handle tasks traditionally performed by human counselors to improve efficiency."", ""Ensure that objective criteria are applied consistently at every stage of the adoption process.""], ""new_thinking"": ""AI가 사람의 역할을 대체할 수 있겠구나. 객관적인 기준은 모든 단계에서 일관되게 적용되어야 효과적인 문제 해결이 가능하구나."", ""evaluation"": {""sentences"": [{""sentence"": ""음.. 전문 상담사의 존재 자체를 없애도 괜찮을 것 같은데?"", ""categories"": ""Statement"", ""type"": ""Recommendation"", ""knowledge"": ""Removing the professional counselor might be acceptable."", ""evaluation"": {""specificity"": 3, ""justification"": 2, ""active"": 3, ""sentiment"": 0}}, {""sentence"": ""주관적인 판단 기준을 마지막 단계에 첨가한다면 문제가 전혀 해결되지 않을 것으로 보여."", ""categories"": ""Statement"", ""type"": ""Evaluation"", ""knowledge"": ""Adding subjective judgment criteria at the final stage will not solve the problem."", ""evaluation"": {""specificity"": 4, ""justification"": 4, ""active"": 3, ""sentiment"": -1}}]}, ""response"": {""answer"": ""그러면 전문 상담사의 역할을 완전히 배제하고 AI가 모든 과정을 담당하도록 만들면 될까요? AI로만 객관적인 자동 평가를 구축할 수 있을지 고민해볼게요.""}}"
19,2024-08-15 10:23:08,user_feedaback,"{""user_input"": ""AI를 활용하는 것도 좋지만, 입양 희망자의 환경 적합성을 판단하는 데에는 점수로 구성된 평가 시스템을 도입해도 관계없을 것 같아. 그 판단 기준 및 측정할 타깃 데이터셋만 AI로 정의하는 게 어떨까?"", ""category"": [{""sentence"": ""AI를 활용하는 것도 좋지만, 입양 희망자의 환경 적합성을 판단하는 데에는 점수로 구성된 평가 시스템을 도입해도 관계없을 것 같아."", ""categories"": ""Statement"", ""type"": ""Recommendation""}, {""sentence"": ""그 판단 기준 및 측정할 타깃 데이터셋만 AI로 정의하는 게 어떨까?"", ""categories"": ""Question"", ""type"": ""Generate Design""}], ""new_knowledge"": [""AI 시스템은 객관적인 평가 기준을 제공할 수 있다."", ""AI can be used to define and enforce objective criteria in design processes.""], ""new_actionPlan"": [""입양 희망자의 환경 적합성을 평가하기 위해 AI 기반의 점수화된 평가 시스템을 도입하자."", ""Integrate AI to establish and manage objective criteria throughout the adoption process.""], ""new_thinking"": ""AI 시스템이 객관적인 평가 기준을 제공할 수 있구나. AI를 사용하여 객관적인 기준을 정의하고 관리할 수 있겠어!"", ""evaluation"": {""sentences"": [{""sentence"": ""AI를 활용하는 것도 좋지만, 입양 희망자의 환경 적합성을 판단하는 데에는 점수로 구성된 평가 시스템을 도입해도 관계없을 것 같아."", ""categories"": ""Statement"", ""type"": ""Recommendation"", ""knowledge"": ""A scoring-based evaluation system can be used to assess the suitability of the adopter's environment."", ""evaluation"": {""specificity"": 5, ""justification"": 4, ""active"": 5, ""sentiment"": 1}}, {""sentence"": ""그 판단 기준 및 측정할 타깃 데이터셋만 AI로 정의하는 게 어떨까?"", ""categories"": ""Question"", ""type"": ""Generate Design"", ""knowledge"": ""Consider defining the evaluation criteria and target dataset using AI."", ""evaluation"": {""timely"": 5, ""relevance"": 5, ""high-level"": 4, ""sentiment"": 1}}]}, ""response"": {""answer"": ""알겠습니다. 그러면 AI가 타깃 데이터셋을 정의하고, 이 데이터셋을 기반으로 점수 평가 시스템을 도입하는 방향으로 아이디어를 더 발전시켜볼게요.""}}"
19,2024-08-15 10:23:38,update_idea,"{""title"": ""Petit - 책임감 있는 반려동물 입양 플랫폼"", ""problem"": ""최근 반려동물을 입양한 후 책임감이나 돌볼 능력이 부족해 유기동물이 되는 경우가 많습니다. 반려동물의 건강과 복지를 위해서는 입양 과정에서 충분한 교육과 준비, 그리고 입양 후 지속적인 관리가 필요합니다."", ""idea"": ""Petit 플랫폼은 AI를 통해 반려동물 입양 과정을 자동화하고, 입양 전후의 관리를 효율적으로 수행합니다. 플랫폼을 통해 반려동물 입양 희망자는 입양에 필요한 온라인 교육을 이수하고, 해당 교육은 반려동물의 기본 돌봄, 건강 관리, 훈련 방법 등을 포함합니다. 교육 후 AI 관리 시스템을 통해 이루어지는 평가에서 일정 점수 이상을 획득해야만 입양이 가능하게 됩니다. 이 평가는 입양 희망자의 환경 적합성을 포함한 다양한 기준으로 점수화되며, 가정 방문 평가 또한 가상 현실 기술로 대체되어 실제 환경에서의 적합성을 평가합니다. 입양 후, AI는 정기적이고 불시적인 가상 검사를 통해 입양자의 반려동물 돌봄 상태를 감독하며, 필요 시 즉각적인 개입을 함으로써 반려동물의 복지를 보장합니다. 모든 평가 및 관리 과정은 AI에 의해 설정된 객관적 기준에 따라 이루어지며, 이는 과정의 일관성을 확보하고 입양의 질을 높이는 데 기여합니다.""}"
19,2024-08-15 10:26:17,user_feedaback,"{""user_input"": ""좋아. 이러면 1차적으로 문제는 해결된 것이나 다름없어. 그런데, 이대로 제품을 출시하면 입양 희망자에 대한 배려가 너무 없다 느껴질 수 있어. 예를 들어, 입양 희망자에 대한 '불시 검문'은 꽤나 스트레스를 받을 수도 있는 것 같아. 자신이 감시받는 기분이 들기 때문이야. 이를 최소화할 수 있는 방법을 찾아볼래?"", ""category"": [{""sentence"": ""이러면 1차적으로 문제는 해결된 것이나 다름없어."", ""categories"": ""Statement"", ""type"": ""Evaluation""}, {""sentence"": ""그런데, 이대로 제품을 출시하면 입양 희망자에 대한 배려가 너무 없다 느껴질 수 있어."", ""categories"": ""Statement"", ""type"": ""Evaluation""}, {""sentence"": ""예를 들어, 입양 희망자에 대한 '불시 검문'은 꽤나 스트레스를 받을 수도 있는 것 같아."", ""categories"": ""Statement"", ""type"": ""Evaluation""}, {""sentence"": ""자신이 감시받는 기분이 들기 때문이야."", ""categories"": ""Statement"", ""type"": ""Evaluation""}, {""sentence"": ""이를 최소화할 수 있는 방법을 찾아볼래?"", ""categories"": ""Question"", ""type"": ""Generate Design""}], ""new_knowledge"": [""Identifying and addressing primary issues is essential for effective problem-solving."", ""User perception of value is crucial for the success of a product."", ""Unexpected evaluations can cause stress for users."", ""User experience is influenced by the perception of being monitored."", ""Exploring ways to minimize complexity can enhance user engagement.""], ""new_actionPlan"": [""Ensure that the primary issues in the design are clearly identified and addressed first."", ""Enhance the perceived value of the platform by clearly communicating its benefits and unique features to potential adopters."", ""Consider implementing a more user-friendly and less stressful evaluation process."", ""Ensure that the AI monitoring system is designed to be unobtrusive and user-friendly to maintain a positive user experience."", ""Identify and implement strategies to simplify the evaluation and adoption process for users.""], ""new_thinking"": ""1차적으로 문제를 해결하는 것이 중요하구나. 사용자들이 제품의 가치를 어떻게 느끼는지가 성공에 중요하구나. 불시 검문이 사용자에게 스트레스를 줄 수 있구나. 사용자 경험은 감시받는다는 느낌에 영향을 받을 수 있다. 복잡성을 최소화할 수 있는 방법을 찾아보면 사용자 참여가 더 높아질 수 있겠어."", ""evaluation"": {""sentences"": [{""sentence"": ""이러면 1차적으로 문제는 해결된 것이나 다름없어."", ""categories"": ""Statement"", ""type"": ""Evaluation"", ""knowledge"": ""The initial problem is considered resolved."", ""evaluation"": {""specificity"": 4, ""justification"": 3, ""active"": 2, ""sentiment"": 1}}, {""sentence"": ""그런데, 이대로 제품을 출시하면 입양 희망자에 대한 배려가 너무 없다 느껴질 수 있어."", ""categories"": ""Statement"", ""type"": ""Evaluation"", ""knowledge"": ""The product may lack consideration for adopters."", ""evaluation"": {""specificity"": 4, ""justification"": 4, ""active"": 3, ""sentiment"": -1}}, {""sentence"": ""예를 들어, 입양 희망자에 대한 '불시 검문'은 꽤나 스트레스를 받을 수도 있는 것 같아."", ""categories"": ""Statement"", ""type"": ""Evaluation"", ""knowledge"": ""Surprise inspections may cause stress for adopters."", ""evaluation"": {""specificity"": 5, ""justification"": 5, ""active"": 3, ""sentiment"": -1}}, {""sentence"": ""자신이 감시받는 기분이 들기 때문이야."", ""categories"": ""Statement"", ""type"": ""Evaluation"", ""knowledge"": ""Feeling monitored can be uncomfortable."", ""evaluation"": {""specificity"": 4, ""justification"": 4, ""active"": 2, ""sentiment"": -1}}, {""sentence"": ""이를 최소화할 수 있는 방법을 찾아볼래?"", ""categories"": ""Question"", ""type"": ""Generate Design"", ""knowledge"": ""Find ways to minimize the feeling of being monitored."", ""evaluation"": {""timely"": 5, ""relevance"": 5, ""high-level"": 4, ""sentiment"": 0}}]}, ""response"": {""answer"": ""감시받는 느낌을 줄이려면 교육 단계에서 신뢰를 쌓는 방식으로 접근해볼 수 있을 것 같아요. 예를 들어, AI가 입양 후에도 이런 방식으로 도움을 줄 거라는 긍정적인 메시지를 지속적으로 주는 거죠. 또, 정기적인 검사보다는 입양자 스스로 일지나 사진을 올리도록 유도하는 방식도 고려해볼 만해요.""}}"
19,2024-08-15 10:29:06,user_feedaback,"{""user_input"": ""그래, 첫 번째 솔루션이 좋아 보이네. 이 플랫폼은 철저한 검사를 통해서 반려동물이 관리받지 못하거나 유기당하는 일을 줄여야 하지만, 동시에 입양 희망자에게 친숙하게 다가가서 스트레스를 줄이는 역할을 해야 돼. 이 플랫폼을 구체화할 때 인터페이스의 그래픽에 다양한 캐릭터 혹은 친근감을 유발하는 요소를 추가하면 좋을 것 같아. "", ""category"": [{""sentence"": ""그래, 첫 번째 솔루션이 좋아 보이네."", ""categories"": ""Statement"", ""type"": ""Evaluation""}, {""sentence"": ""이 플랫폼은 철저한 검사를 통해서 반려동물이 관리받지 못하거나 유기당하는 일을 줄여야 하지만, 동시에 입양 희망자에게 친숙하게 다가가서 스트레스를 줄이는 역할을 해야 돼."", ""categories"": ""Statement"", ""type"": ""Recommendation""}, {""sentence"": ""이 플랫폼을 구체화할 때 인터페이스의 그래픽에 다양한 캐릭터 혹은 친근감을 유발하는 요소를 추가하면 좋을 것 같아."", ""categories"": ""Statement"", ""type"": ""Recommendation""}], ""new_knowledge"": [""Positive feedback on initial solutions can validate the direction of the design."", ""Balancing strict evaluations with user-friendly approaches can reduce stress and improve user experience."", ""Incorporating diverse characters or elements can enhance user engagement.""], ""new_actionPlan"": [""Continue refining the initial solution while considering additional improvements."", ""Incorporate user-friendly elements and positive reinforcement in the evaluation process to reduce stress and improve user experience."", ""Add various interactive elements or characters to the platform to make it more engaging for users.""], ""new_thinking"": ""처음 제안한 솔루션이 괜찮다고 하시네. 엄격한 평가와 사용자 친화적인 접근 방식을 균형 있게 조절하면 스트레스를 줄이고 사용자 경험을 향상시킬 수 있겠어. 다양한 캐릭터나 요소를 추가하면 사용자 참여도가 높아질 수 있겠구나."", ""evaluation"": {""sentences"": [{""sentence"": ""그래, 첫 번째 솔루션이 좋아 보이네."", ""categories"": ""Statement"", ""type"": ""Evaluation"", ""knowledge"": ""The first solution appears to be good."", ""evaluation"": {""specificity"": 2, ""justification"": 1, ""active"": 1, ""sentiment"": 1}}, {""sentence"": ""이 플랫폼은 철저한 검사를 통해서 반려동물이 관리받지 못하거나 유기당하는 일을 줄여야 하지만, 동시에 입양 희망자에게 친숙하게 다가가서 스트레스를 줄이는 역할을 해야 돼."", ""categories"": ""Statement"", ""type"": ""Recommendation"", ""knowledge"": ""The platform should reduce the risk of pets being neglected or abandoned while also being user-friendly to reduce stress for adopters."", ""evaluation"": {""specificity"": 5, ""justification"": 4, ""active"": 5, ""sentiment"": 1}}, {""sentence"": ""이 플랫폼을 구체화할 때 인터페이스의 그래픽에 다양한 캐릭터 혹은 친근감을 유발하는 요소를 추가하면 좋을 것 같아."", ""categories"": ""Statement"", ""type"": ""Recommendation"", ""knowledge"": ""Adding various characters or elements that induce friendliness to the interface graphics would be beneficial."", ""evaluation"": {""specificity"": 5, ""justification"": 4, ""active"": 5, ""sentiment"": 1}}]}, ""response"": {""answer"": ""그렇군요. 그러면 플랫폼의 인터페이스를 좀 더 친근하게 만들어 줄 그래픽 캐릭터나 요소들을 추가해볼게요. 예를 들어, 교육 단계에서 동물 캐릭터를 통해 관심을 유도하거나, AI 안내 메시지를 따뜻한 톤으로 작성하는 방식으로 시도해볼 수 있을 것 같아요.""}}"
19,2024-08-15 10:29:30,update_idea,"{""title"": ""Petit - 책임감 있는 반려동물 입양 플랫폼"", ""problem"": ""최근 반려동물을 입양한 후에 돌볼 능력이나 책임감이 부족해 유기동눼로 전락하는 사례가 많습니다. 반려동물을 돌보는 과정에서의 예상치 못한 비용, 시간, 건강 관리 소홀 등이 돌봄을 포기하는 주요 원인입니다."", ""idea"": ""Petit 플랫폼은 AI를 기반으로 반려동물 입양 과정을 자동화하고 입양 전후의 관리를 효율적으로 수행합니다. 입양 희망자는 입양에 필요한 온라인 교육을 이수해야 하며, 이 교육은 반려동물의 기본 돌봄, 건강 관리, 훈련 방법 등을 포함합니다. 교육 이수 후, AI 관리 시스템을 통해 이루어지는 평가에서 일정 점수 이상을 획득해야만 입양이 가능합니다. 이 평가는 입양 희망자의 환경 적합성을 포함한 다양한 기준으로 점수화됩니다. 가정 방문 평가는 가상 현실 기술로 대체되어 실제 환경에서의 적합성을 평가합니다. 입양 후, AI는 정기적이고 불시적인 가상 검사를 통해 입양자의 반려동물 돌봄 상태를 감독하며, 필요 시 즉각적인 개입을 함으로써 반려동물의 복지를 보장합니다. 플랫폼은 사용자 경험을 개선하기 위해 인터페이스에 다양한 상호 작용 요소나 캐릭터를 추가하여 사용자의 참여를 유도하고 스트레스를 줄입니다. AI의 안내 메시지는 따뜻한 톤으로 작성되며, 사용자가 자발적으로 일지나 사진을 올릴 수 있는 시스템을 통해 신뢰를 구축하고 '감시받는' 느낌을 최소화합니다.""}"
19,2024-08-15 10:33:15,user_feedaback,"{""user_input"": ""여기까지 피드백한 내용들은 주로 여건이 갖추어진 사용자를 선발하고, 그 사용자가 계속해서 반려동물을 케어할 수 있게 만들기 위한 피드백이었어. 하지만, 그 이전 단계인, 여건 및 능력이 갖춰지지 않은 사용자가 이를 얻어낼 수 있게 하는 단계가 온라인 교육과 평가로만 이루어지는 것은 너무 단순한 것 같아. 이 부분에 가장 처음에 너가 말했던 시뮬레이션 시스템을 넣어 보면 어떨까?"", ""category"": [{""sentence"": ""여기까지 피드백한 내용들은 주로 여건이 갖추어진 사용자를 선발하고, 그 사용자가 계속해서 반려동물을 케어할 수 있게 만들기 위한 피드백이었어."", ""categories"": ""Statement"", ""type"": ""Information""}, {""sentence"": ""하지만, 그 이전 단계인, 여건 및 능력이 갖춰지지 않은 사용자가 이를 얻어낼 수 있게 하는 단계가 온라인 교육과 평가로만 이루어지는 것은 너무 단순한 것 같아."", ""categories"": ""Statement"", ""type"": ""Evaluation""}, {""sentence"": ""이 부분에 가장 처음에 너가 말했던 시뮬레이션 시스템을 넣어 보면 어떨까?"", ""categories"": ""Question"", ""type"": ""Generate Design""}], ""new_knowledge"": [""User selection and continuous support are crucial for effective care."", ""Not all users may be comfortable with or capable of completing extensive evaluation processes."", ""Incorporating simulation systems can provide valuable insights into user interactions.""], ""new_actionPlan"": [""Ensure that the platform provides continuous support and resources to users to help them care for their pets effectively."", ""Simplify the evaluation process to ensure it is accessible to all users, regardless of their background or capabilities."", ""Consider integrating a simulation system to test and refine the user interaction process.""], ""new_thinking"": ""사용자 선택과 지속적인 지원이 효과적인 돌봄을 위해 중요하구나. 모든 사용자가 복잡한 평가 과정을 완료할 수 있는 것은 아니구나. 시뮬레이션 시스템을 도입하면 사용자 상호작용에 대한 귀중한 통찰을 얻을 수 있겠네."", ""evaluation"": {""sentences"": [{""sentence"": ""여기까지 피드백한 내용들은 주로 여건이 갖추어진 사용자를 선발하고, 그 사용자가 계속해서 반려동물을 케어할 수 있게 만들기 위한 피드백이었어."", ""categories"": ""Statement"", ""type"": ""Information"", ""knowledge"": ""Feedback focused on selecting and supporting users who can care for pets."", ""evaluation"": {""specificity"": 5, ""justification"": 4, ""active"": 3, ""sentiment"": 0}}, {""sentence"": ""하지만, 그 이전 단계인, 여건 및 능력이 갖춰지지 않은 사용자가 이를 얻어낼 수 있게 하는 단계가 온라인 교육과 평가로만 이루어지는 것은 너무 단순한 것 같아."", ""categories"": ""Statement"", ""type"": ""Evaluation"", ""knowledge"": ""Relying solely on online education and evaluation for users without the necessary conditions and abilities is too simplistic."", ""evaluation"": {""specificity"": 5, ""justification"": 5, ""active"": 4, ""sentiment"": -1}}, {""sentence"": ""이 부분에 가장 처음에 너가 말했던 시뮬레이션 시스템을 넣어 보면 어떨까?"", ""categories"": ""Question"", ""type"": ""Generate Design"", ""knowledge"": ""Consider adding a simulation system to the initial stages."", ""evaluation"": {""timely"": 5, ""relevance"": 5, ""high-level"": 4, ""sentiment"": 1}}]}, ""response"": {""answer"": ""그렇군요. 시뮬레이션 시스템을 도입하면, 입양자가 가상의 환경에서 실제 반려동물을 돌보는 경험을 할 수 있을 것 같아요. 이를 통해 입양 전 미리 필요한 책임감과 돌봄 능력을 체감하게 되죠. 이 방향으로 더 구체화해볼게요.""}}"
19,2024-08-15 10:34:18,user_feedaback,"{""user_input"": ""그렇지. 이 과정의 경우에는 현실감이 강조되어야 해. 그저 온라인 게임과 같은 경험을 사용자가 하게 된다면 그건 큰 효과가 없다 생각하거든."", ""category"": [{""sentence"": ""이 과정의 경우에는 현실감이 강조되어야 해."", ""categories"": ""Statement"", ""type"": ""Evaluation""}, {""sentence"": ""그저 온라인 게임과 같은 경험을 사용자가 하게 된다면 그건 큰 효과가 없다 생각하거든."", ""categories"": ""Statement"", ""type"": ""Evaluation""}], ""new_knowledge"": [""Realism should be emphasized in the design process."", ""User engagement is not guaranteed by simply providing online experiences.""], ""new_actionPlan"": [""Incorporate realistic elements and scenarios into the design to ensure practical applicability."", ""Consider incorporating more interactive and immersive elements to enhance user engagement.""], ""new_thinking"": ""디자인 과정에서 현실감을 강조해야 해. 온라인 경험만으로는 사용자 참여를 보장할 수 없구나."", ""evaluation"": {""sentences"": [{""sentence"": ""이 과정의 경우에는 현실감이 강조되어야 해."", ""categories"": ""Statement"", ""type"": ""Evaluation"", ""knowledge"": ""The process should emphasize realism."", ""evaluation"": {""specificity"": 5, ""justification"": 4, ""active"": 3, ""sentiment"": 0}}, {""sentence"": ""그저 온라인 게임과 같은 경험을 사용자가 하게 된다면 그건 큰 효과가 없다 생각하거든."", ""categories"": ""Statement"", ""type"": ""Evaluation"", ""knowledge"": ""An experience similar to an online game would not be very effective."", ""evaluation"": {""specificity"": 5, ""justification"": 4, ""active"": 3, ""sentiment"": -1}}]}, ""response"": {""answer"": ""그렇죠. 현실감 있는 시뮬레이션을 제공하기 위해서는 가상 현실(VR) 기술이나 증강 현실(AR) 기술을 활용할 수 있을 것 같아요. 그래야 입양자가 실제와 같은 환경에서 반려동물을 돌보는 경험을 체감할 수 있겠죠. 이 기술을 도입한 시뮬레이션 시스템으로 입양 준비 단계를 더욱 철저히 할 수 있을 것 같아요.""}}"
19,2024-08-15 10:34:48,update_idea,"{""title"": ""Petit - 책임감 있는 반려동물 입양 플랫폼"", ""problem"": ""많은 사람들이 반려동물을 입양한 뒤 충분한 책임감과 자원을 갖추지 못해 결국 유기하는 경우가 많습니다. 이러한 문제는 입양 과정에서 반려동물 돌봄에 대한 교육과 준비 부족으로 발생하며, 이로 인해 반려동물의 복지가 저해됩니다."", ""idea"": ""Petit 플랫폼은 AI와 가상 현실 기술을 통하여 반려동물 입양을 자동화하고 효율적으로 관리합니다. 입양 희망자는 온라인 교육을 이수하고, 교육은 반려동물의 기본적인 돌봄, 건강 관리, 훈련 방법 등을 포함하여 실시됩니다. 교육을 마친 뒤, AI 기반 평가 시스템을 통해 환경 적합성과 개인의 책임감을 포함한 다양한 기준에 대한 점수를 획득해야만 입양이 가능합니다. 입양 전에는 가상 현실 기술을 이용한 시뮬레이션을 통해 입양 희망자가 실제 같은 환경에서 반려동물을 돌보는 경험을 할 수 있습니다. 이를 통해 희망자는 실제 입양 전에 필요한 능력과 책임감을 배양할 수 있습니다. 입양 후에는 AI가 정기적이고 불시적인 가상 검사를 통해 입양자의 돌봄 상태를 감독하며, 필요 시 즉각적인 개입을 합니다. 또한, 플랫폼은 사용자 경험을 개선하기 위해 인터페이스에 다양한 상호 작용 요소나 캐릭터를 추가하여 사용자의 참여를 유도하고 스트레스를 줄입니다. AI의 안내 메시지는 따뜻한 톤으로 작성되며, 사용자가 자발적으로 일지나 사진을 올릴 수 있는 시스템을 통해 신뢰를 구축하고 '감시받는' 느낌을 최소화합니다.""}"
19,2024-08-15 10:36:41,user_feedaback,"{""user_input"": ""온라인 교육 시스템과 가상 시뮬레이션 훈련을 통합하고, 점수를 일괄적으로 평가하는 것은 어떨까? 이론적인 학습과 실제 경험, 이 두 가지 측면 모두에서 평가가 필요할 것 같아."", ""category"": [{""sentence"": ""온라인 교육 시스템과 가상 시뮬레이션 훈련을 통합하고, 점수를 일괄적으로 평가하는 것은 어떨까?"", ""categories"": ""Question"", ""type"": ""Generate Design""}, {""sentence"": ""이론적인 학습과 실제 경험, 이 두 가지 측면 모두에서 평가가 필요할 것 같아."", ""categories"": ""Statement"", ""type"": ""Recommendation""}], ""new_knowledge"": [""Combining online education with realistic simulations can enhance user preparedness."", ""Balancing theoretical learning with practical experience is essential for effective design.""], ""new_actionPlan"": [""Integrate realistic simulation training into the online education system to better prepare users."", ""Incorporate both theoretical education and practical simulations to ensure comprehensive user preparation.""], ""new_thinking"": ""온라인 교육과 현실감 있는 시뮬레이션을 결합하면 사용자 준비도를 높일 수 있겠어. 이론적인 학습과 실제 경험을 균형 있게 제공해야 효과적인 디자인이 될 수 있겠구나."", ""evaluation"": {""sentences"": [{""sentence"": ""온라인 교육 시스템과 가상 시뮬레이션 훈련을 통합하고, 점수를 일괄적으로 평가하는 것은 어떨까?"", ""categories"": ""Question"", ""type"": ""Generate Design"", ""knowledge"": ""Integrate online education and virtual simulation training for unified scoring."", ""evaluation"": {""timely"": 6, ""relevance"": 7, ""high-level"": 5, ""specificity"": 0, ""justification"": 0, ""active"": 0, ""sentiment"": 1}}, {""sentence"": ""이론적인 학습과 실제 경험, 이 두 가지 측면 모두에서 평가가 필요할 것 같아."", ""categories"": ""Statement"", ""type"": ""Recommendation"", ""knowledge"": ""Evaluation should cover both theoretical learning and practical experience."", ""evaluation"": {""timely"": 0, ""relevance"": 0, ""high-level"": 0, ""specificity"": 6, ""justification"": 6, ""active"": 5, ""sentiment"": 1}}]}, ""response"": {""answer"": ""네, 온라인 교육 시스템과 가상 시뮬레이션 훈련을 통합할게요. 이론적인 학습과 실제 경험을 모두 평가해서 점수를 주는 방향이 좋겠어요. 감사합니다!""}}"
19,2024-08-15 10:38:12,user_feedaback,"{""user_input"": ""마지막으로, ai가 즉각적인 개입을 하는 부분을 의논해 보자. 너가 말하는 즉각적인 개입은 어떤 식으로 작동하는 건지 들어볼 수 있을까?"", ""category"": [{""sentence"": ""마지막으로, ai가 즉각적인 개입을 하는 부분을 의논해 보자."", ""categories"": ""Statement"", ""type"": ""Recommendation""}, {""sentence"": ""너가 말하는 즉각적인 개입은 어떤 식으로 작동하는 건지 들어볼 수 있을까?"", ""categories"": ""Question"", ""type"": ""Low-Level""}], ""new_knowledge"": [""AI can be used to provide immediate interventions when necessary."", ""Understanding the specific mechanisms of immediate intervention is crucial for effective design.""], ""new_actionPlan"": [""Implement an AI system that can monitor and provide immediate interventions when necessary to ensure the well-being of the users."", ""Investigate and define how immediate interventions will be triggered and executed within the platform.""], ""new_thinking"": ""AI가 즉각적인 개입을 할 수 있도록 시스템을 구축해야겠어. 즉각적인 개입이 어떤 방식으로 작동하는지 이해하는 것이 중요하구나."", ""evaluation"": {""sentences"": [{""sentence"": ""마지막으로, ai가 즉각적인 개입을 하는 부분을 의논해 보자."", ""categories"": ""Statement"", ""type"": ""Recommendation"", ""knowledge"": ""Discuss the aspect of AI's immediate intervention."", ""evaluation"": {""specificity"": 5, ""justification"": 4, ""active"": 5, ""sentiment"": 0}}, {""sentence"": ""너가 말하는 즉각적인 개입은 어떤 식으로 작동하는 건지 들어볼 수 있을까?"", ""categories"": ""Question"", ""type"": ""Low-Level"", ""knowledge"": ""Ask for details on how immediate intervention by AI works."", ""evaluation"": {""timely"": 5, ""relevance"": 5, ""high-level"": 1, ""sentiment"": 0}}]}, ""response"": {""answer"": ""AI가 즉각적인 개입을 하는 방식은 실시간 데이터 모니터링을 통해 이루어질 수 있어요. 예를 들어, 반려동물의 활동량, 건강 상태 등을 센서나 스마트 기기를 통해 모니터링하고 이상 징후가 감지되면 AI가 입양자에게 경고를 주거나 필요한 조치를 안내해 주는 거죠. 이를 통해 신속하게 문제를 해결할 수 있게 도와줄 거예요.""}}"
19,2024-08-15 10:38:33,update_idea,"{""title"": ""Petit - 책임감 있는 반려동물 입양 플랫폼"", ""problem"": ""반려동물 입양 후 책임감과 돌봄 능력의 부족으로 인해 동물이 유기되는 경우가 많습니다. 입양 전 충분한 준비와 교육이 이루어지지 않고, 입양 후 지속적인 관리도 부족한 상황입니다."", ""idea"": ""Petit 플랫폼은 현실적인 가상 시뮬레이션과 AI 기술을 접목하여 입양 과정을 혁신적으로 관리합니다. 입양 희망자는 가상 현실(VR)을 이용한 시뮬레이션에서 실제와 같은 환경에서 동물을 돌보는 경험을 합니다. 이 과정은 입양 준비를 위한 사전 교육과 통합되어 이론과 실습을 모두 아우르는 교육을 제공합니다. 플랫폼 내의 AI 시스템은 반려동물과 입양자의 상호작용을 실시간으로 분석하여 적절한 조치가 필요할 때 바로 개입합니다. 예를 들어, 반려동물의 건강상태가 급변하거나, 활동량에 이상이 감지되면 AI가 즉각적으로 알리고 해결책을 제시합니다. 이는 인터페이스에 친근하고 따뜻한 톤의 다양한 그래픽 캐릭터 및 요소를 사용하여 사용자 경험을 향상시키고, '감시받는' 느낌을 줄여주는 동시에 효과적인 돌봄을 지원합니다.""}"
19,2024-08-15 10:38:43,finish,