user_id,timestamp,tag,data
1,2024-08-12 6:31:38,start,
1,2024-08-12 6:32:38,user_feedaback,"{""user_input"": ""학생증을 사용해서 에어컨과 전등을 제어한다는 것이 구체적으로 어떻게 진행되는 것인가요?"", ""category"": [{""sentence"": ""학생증을 사용해서 에어컨과 전등을 제어한다는 것이 구체적으로 어떻게 진행되는 것인가요?"", ""categories"": ""Question"", ""type"": ""Low-Level""}], ""new_knowledge"": [""Consider the practical implementation of your design idea.""], ""new_actionPlan"": [""Evaluate the feasibility and practicality of using student ID cards to control air conditioning and lighting systems.""], ""new_thinking"": ""내 디자인 아이디어가 실제로 어떻게 구현될 수 있을지 고려해야겠어."", ""evaluation"": {""sentences"": [{""sentence"": ""학생증을 사용해서 에어컨과 전등을 제어한다는 것이 구체적으로 어떻게 진행되는 것인가요?"", ""categories"": ""Question"", ""type"": ""Low-Level"", ""knowledge"": ""Clarification on the mechanism of controlling air conditioning and lights using student ID."", ""evaluation"": {""timely"": 5, ""relevance"": 6, ""high-level"": 2, ""specificity"": 0, ""justification"": 0, ""active"": 0, ""sentiment"": 0}}]}, ""response"": {""answer"": ""학생증을 리더기에 태그하면, 방의 에어컨과 전등이 상태를 감지하여 외출 시 자동으로 꺼지도록 프로그래밍됩니다. 출입문 센서와 학생증 데이터베이스를 연동해 외출 여부를 확인합니다.""}}"
1,2024-08-12 6:33:08,user_feedaback,"{""user_input"": ""대학교 기숙사를 대상으로 한 서비스인가요?"", ""category"": [{""sentence"": ""대학교 기숙사를 대상으로 한 서비스인가요?"", ""categories"": ""Question"", ""type"": ""Low-Level""}], ""new_knowledge"": [""Consider the specific target audience for your design.""], ""new_actionPlan"": [""Identify and analyze the specific needs and behaviors of the target audience for the service.""], ""new_thinking"": ""내 디자인의 대상이 누구인지 명확히 해야겠어."", ""evaluation"": {""sentences"": [{""sentence"": ""대학교 기숙사를 대상으로 한 서비스인가요?"", ""categories"": ""Question"", ""type"": ""Low-Level"", ""knowledge"": ""The feedback asks if the service targets university dormitories."", ""evaluation"": {""timely"": 5, ""relevance"": 5, ""high-level"": 1, ""specificity"": 0, ""justification"": 0, ""active"": 0, ""sentiment"": 0}}]}, ""response"": {""answer"": ""네, 대학교 기숙사를 대상으로 한 서비스입니다.""}}"
1,2024-08-12 6:33:34,user_feedaback,"{""user_input"": ""학생증을 잘 가지고 다니지 않거나 분실한 학생들은 어떻게 해야하나요?"", ""category"": [{""sentence"": ""학생증을 잘 가지고 다니지 않거나 분실한 학생들은 어떻게 해야하나요?"", ""categories"": ""Question"", ""type"": ""Generate Design""}], ""new_knowledge"": [""Consider potential issues with user compliance and system reliability.""], ""new_actionPlan"": [""Develop a strategy to address non-compliance and system failures, such as backup mechanisms or user education programs.""], ""new_thinking"": ""사용자 준수와 시스템 신뢰성 문제를 고려해야겠어."", ""evaluation"": {""sentences"": [{""sentence"": ""학생증을 잘 가지고 다니지 않거나 분실한 학생들은 어떻게 해야하나요?"", ""categories"": ""Question"", ""type"": ""Generate Design"", ""knowledge"": ""Consideration for students who may not carry or lose their ID cards."", ""evaluation"": {""timely"": 6, ""relevance"": 7, ""high-level"": 5, ""specificity"": 0, ""justification"": 0, ""active"": 0, ""sentiment"": 0}}]}, ""response"": {""answer"": ""출입시에만 필요한 거니까 분실 시에만 문제겠네요. 분실 시 학생증 재발급을 유도하는 방안이나 임시 출입증 발급 절차도 마련해야겠어요.""}}"
1,2024-08-12 6:34:47,user_feedaback,"{""user_input"": ""저는 실제로 지금 학생증을 분실했는데 한달정도 재발급을 하지 않고있어요. 필요성을 못느끼기 때문이죠. 이 서비스는 학교에게는 큰 도움이 되겠지만 학생들에게는 동기부여하기 힘들 것 같아요. 분실한 학생이 재발급하면서까지 이 서비스를 이용해야하는 이유가 무엇이죠?"", ""category"": [{""sentence"": ""저는 실제로 지금 학생증을 분실했는데 한달정도 재발급을 하지 않고있어요."", ""categories"": ""Statement"", ""type"": ""Information""}, {""sentence"": ""필요성을 못느끼기 때문이죠."", ""categories"": ""Statement"", ""type"": ""Information""}, {""sentence"": ""이 서비스는 학교에게는 큰 도움이 되겠지만 학생들에게는 동기부여하기 힘들 것 같아요."", ""categories"": ""Statement"", ""type"": ""Evaluation""}, {""sentence"": ""분실한 학생이 재발급하면서까지 이 서비스를 이용해야하는 이유가 무엇이죠?"", ""categories"": ""Question"", ""type"": ""Deep Reasoning""}], ""new_knowledge"": [""Consider the potential delays in system reactivation due to lost or unissued access cards."", ""Ensure that the system addresses the essential needs of the users."", ""Consider the balance between user convenience and system effectiveness."", ""Consider the user experience and potential challenges in using the system.""], ""new_actionPlan"": [""Develop a contingency plan for students who lose their access cards, ensuring minimal disruption to the system's functionality."", ""Evaluate the necessity and practicality of the system to ensure it meets the essential needs of the users."", ""Evaluate how the design can be adjusted to minimize inconvenience for users while maintaining its effectiveness."", ""Develop a user-friendly process for reissuing lost or forgotten access cards to ensure continuous service usage.""], ""new_thinking"": ""학생증 분실 시 시스템 재활성화에 지연이 발생할 수 있겠구나. 시스템이 사용자들의 필수적인 요구를 충족시키는지 평가해야겠어. 사용자 편의성과 시스템 효과성의 균형을 고려해야겠어. 사용자 경험과 시스템 사용 시 발생할 수 있는 잠재적인 문제를 고려해야겠어."", ""evaluation"": {""sentences"": [{""sentence"": ""저는 실제로 지금 학생증을 분실했는데 한달정도 재발급을 하지 않고있어요."", ""categories"": ""Statement"", ""type"": ""Information"", ""knowledge"": ""The mentor has lost their student ID and has not reissued it for a month."", ""evaluation"": {""specificity"": 5, ""justification"": 4, ""active"": 3, ""sentiment"": 0}}, {""sentence"": ""필요성을 못느끼기 때문이죠."", ""categories"": ""Statement"", ""type"": ""Information"", ""knowledge"": ""The mentor does not feel the need to reissue the student ID."", ""evaluation"": {""specificity"": 4, ""justification"": 4, ""active"": 2, ""sentiment"": 0}}, {""sentence"": ""이 서비스는 학교에게는 큰 도움이 되겠지만 학생들에게는 동기부여하기 힘들 것 같아요."", ""categories"": ""Statement"", ""type"": ""Evaluation"", ""knowledge"": ""The service may benefit the school but may not motivate students."", ""evaluation"": {""specificity"": 5, ""justification"": 5, ""active"": 4, ""sentiment"": -1}}, {""sentence"": ""분실한 학생이 재발급하면서까지 이 서비스를 이용해야하는 이유가 무엇이죠?"", ""categories"": ""Question"", ""type"": ""Deep Reasoning"", ""knowledge"": ""The mentor is questioning the motivation for students to reissue their ID to use the service."", ""evaluation"": {""timely"": 5, ""relevance"": 5, ""high-level"": 5, ""sentiment"": 0}}]}, ""response"": {""answer"": ""음, 그렇다면 학생들에게도 혜택이 돌아가게 만들어야 할 것 같아요. 예를 들어, 전기 절감에 기여한 만큼 소정의 장학금을 지급하거나, 기숙사 이용료를 할인해주는 방안을 도입하면 어떨까요.""}}"
1,2024-08-12 6:35:12,user_feedaback,"{""user_input"": ""어느정도의 할인일까요? "", ""category"": [{""sentence"": ""어느정도의 할인일까요?"", ""categories"": ""Question"", ""type"": ""Low-Level""}], ""new_knowledge"": [""Consider the potential benefits or incentives for users to adopt the system.""], ""new_actionPlan"": [""Identify and implement user incentives to encourage adoption and compliance with the system.""], ""new_thinking"": ""사용자들이 시스템을 채택하도록 유도할 혜택이나 인센티브를 고려해야겠어."", ""evaluation"": {""sentences"": [{""sentence"": ""어느정도의 할인일까요?"", ""categories"": ""Question"", ""type"": ""Low-Level"", ""knowledge"": ""The mentor is asking about the specific amount of discount."", ""evaluation"": {""timely"": 5, ""relevance"": 4, ""high-level"": 1, ""specificity"": 0, ""justification"": 0, ""active"": 0, ""sentiment"": 0}}]}, ""response"": {""answer"": ""할인율은 매달 전기 절감률에 따라 차등 적용하는 게 좋을 것 같습니다. 예를 들어, 10% 이상 절감하면 5% 할인, 20% 이상 절감하면 10% 할인을 제공하는 식으로요.""}}"
1,2024-08-12 6:35:42,user_feedaback,"{""user_input"": ""전기절감률은 어떻게 측정되나요?"", ""category"": [{""sentence"": ""전기절감률은 어떻게 측정되나요?"", ""categories"": ""Question"", ""type"": ""Low-Level""}], ""new_knowledge"": [""Consider how to measure and quantify the effectiveness of your design.""], ""new_actionPlan"": [""Develop a clear metric system to measure and report the energy savings achieved by the system.""], ""new_thinking"": ""내 디자인의 효과를 어떻게 측정하고 정량화할 수 있을까?"", ""evaluation"": {""sentences"": [{""sentence"": ""전기절감률은 어떻게 측정되나요?"", ""categories"": ""Question"", ""type"": ""Low-Level"", ""knowledge"": ""The mentor is asking about the method for measuring electricity savings."", ""evaluation"": {""timely"": 5, ""relevance"": 5, ""high-level"": 1, ""specificity"": 0, ""justification"": 0, ""active"": 0, ""sentiment"": 0}}]}, ""response"": {""answer"": ""각 방마다 전력 소비를 모니터링하는 스마트 미터를 설치해 측정할 수 있어요. 이 데이터를 기반으로 전기 절감률을 계산하는 방식을 생각하고 있어요.""}}"
1,2024-08-12 6:36:30,user_feedaback,"{""user_input"": ""그렇다면 기존에 쓰던 전력량과 서비스를 시행한 후 쓰는 전력량을 비교하여 각 방별로 전기절감률을 계산하는 것인가요?"", ""category"": [{""sentence"": ""그렇다면 기존에 쓰던 전력량과 서비스를 시행한 후 쓰는 전력량을 비교하여 각 방별로 전기절감률을 계산하는 것인가요?"", ""categories"": ""Question"", ""type"": ""Low-Level""}], ""new_knowledge"": [""Consider using historical data to measure the impact of your design.""], ""new_actionPlan"": [""Collect and analyze historical energy consumption data to establish a baseline for measuring the effectiveness of the new system.""], ""new_thinking"": ""기존의 전력 사용 데이터를 활용해 새로운 시스템의 효과를 측정해야겠어."", ""evaluation"": {""sentences"": [{""sentence"": ""그렇다면 기존에 쓰던 전력량과 서비스를 시행한 후 쓰는 전력량을 비교하여 각 방별로 전기절감률을 계산하는 것인가요?"", ""categories"": ""Question"", ""type"": ""Low-Level"", ""knowledge"": ""The feedback asks if the electricity savings rate will be calculated by comparing the electricity usage before and after implementing the service."", ""evaluation"": {""timely"": 5, ""relevance"": 5, ""high-level"": 1, ""specificity"": 0, ""justification"": 0, ""active"": 0, ""sentiment"": 0}}]}, ""response"": {""answer"": ""네, 맞습니다. 기존과 서비스 시행 후의 전력량을 비교해 방별로 절감률을 계산할 생각입니다.""}}"
1,2024-08-12 6:37:20,user_feedaback,"{""user_input"": ""학생들이 오히려 돈을 더 냈으니 전기를 더 막써도 된다는 식으로 생각할 수도 있을 것 같아요. 보상심리처럼요"", ""category"": [{""sentence"": ""학생들이 오히려 돈을 더 냈으니 전기를 더 막써도 된다는 식으로 생각할 수도 있을 것 같아요."", ""categories"": ""Statement"", ""type"": ""Evaluation""}, {""sentence"": ""보상심리처럼요"", ""categories"": ""Statement"", ""type"": ""Information""}], ""new_knowledge"": [""Consider the potential for users to perceive the system as a financial burden rather than a benefit."", ""Consider the psychological factors that influence user behavior.""], ""new_actionPlan"": [""Develop a communication strategy to clearly convey the financial and environmental benefits of the system to users."", ""Investigate how psychological incentives can be integrated into the design to encourage user compliance.""], ""new_thinking"": ""사용자들이 시스템을 재정적 부담으로 느낄 수 있다는 점을 고려해야겠어. 사용자 행동에 영향을 미치는 심리적 요인을 고려해야겠어."", ""evaluation"": {""sentences"": [{""sentence"": ""학생들이 오히려 돈을 더 냈으니 전기를 더 막써도 된다는 식으로 생각할 수도 있을 것 같아요."", ""categories"": ""Statement"", ""type"": ""Evaluation"", ""knowledge"": ""Students might think they can use more electricity because they paid more."", ""evaluation"": {""specificity"": 5, ""justification"": 5, ""active"": 4, ""sentiment"": -1}}, {""sentence"": ""보상심리처럼요"", ""categories"": ""Statement"", ""type"": ""Information"", ""knowledge"": ""This is similar to the concept of reward psychology."", ""evaluation"": {""specificity"": 3, ""justification"": 3, ""active"": 2, ""sentiment"": 0}}]}, ""response"": {""answer"": ""아, 그럴 수도 있겠네요. 그러면 보상을 주는 대신, 절감한 전기만큼을 학교 발전 기금이나 복지 사업 등에 사용되도록 안내하는 건 어떨까요? 학생들이 동참하는 이유를 더 명확히 하면 좋을 것 같아요.""}}"
1,2024-08-12 6:38:19,user_feedaback,"{""user_input"": ""그렇다면 학생들이 확실히 체감할 수 있게 어떤 복지사업에 얼만큼 사용되었는지 알려주어야할 것 같아요. 또한 학생들이 원하는 사업에 사용해야되겠죠"", ""category"": [{""sentence"": ""그렇다면 학생들이 확실히 체감할 수 있게 어떤 복지사업에 얼만큼 사용되었는지 알려주어야할 것 같아요."", ""categories"": ""Statement"", ""type"": ""Recommendation""}, {""sentence"": ""또한 학생들이 원하는 사업에 사용해야되겠죠"", ""categories"": ""Statement"", ""type"": ""Recommendation""}], ""new_knowledge"": [""Communicate the tangible impact of the system to users."", ""Consider aligning the design with user preferences and needs.""], ""new_actionPlan"": [""Develop a communication strategy to inform users about the specific benefits and impacts of the system on sustainability and community welfare."", ""Conduct surveys or interviews to understand what services or features users would find beneficial and incorporate those into the design.""], ""new_thinking"": ""사용자들에게 시스템의 구체적인 혜택과 영향을 명확히 전달해야겠어. 사용자들이 원하는 서비스에 맞춰 디자인을 조정해야겠어."", ""evaluation"": {""sentences"": [{""sentence"": ""그렇다면 학생들이 확실히 체감할 수 있게 어떤 복지사업에 얼만큼 사용되었는지 알려주어야할 것 같아요."", ""categories"": ""Statement"", ""type"": ""Recommendation"", ""knowledge"": ""Students should be informed about how much of the saved electricity is used for welfare projects."", ""evaluation"": {""specificity"": 6, ""justification"": 5, ""active"": 6, ""sentiment"": 1}}, {""sentence"": ""또한 학생들이 원하는 사업에 사용해야되겠죠"", ""categories"": ""Statement"", ""type"": ""Recommendation"", ""knowledge"": ""The saved electricity should be used for projects that students want."", ""evaluation"": {""specificity"": 5, ""justification"": 4, ""active"": 5, ""sentiment"": 1}}]}, ""response"": {""answer"": ""네, 맞아요. 학생들이 원하는 복지사업에 투표를 통해 결정하고, 사용 내역을 투명하게 공개하면 참여 동기부여가 될 것 같아요.""}}"
1,2024-08-12 6:38:56,user_feedaback,"{""user_input"": ""그런데 아까 학생증 태깅을 통해 외출여부를 판단한다고 했어요. 개인정보 침해 문제는 생기지 않을까요? "", ""category"": [{""sentence"": ""그런데 아까 학생증 태깅을 통해 외출여부를 판단한다고 했어요."", ""categories"": ""Statement"", ""type"": ""Information""}, {""sentence"": ""개인정보 침해 문제는 생기지 않을까요?"", ""categories"": ""Question"", ""type"": ""Deep Reasoning""}], ""new_knowledge"": [""Consider the reliability of using access cards for system activation and deactivation."", ""Consider the privacy implications of your design.""], ""new_actionPlan"": [""Evaluate alternative methods for detecting room occupancy to ensure system reliability."", ""Evaluate the privacy concerns and ensure that the system complies with data protection regulations.""], ""new_thinking"": ""학생증 태그만으로 외출 여부를 판단하는 것이 신뢰할 수 있을까? 개인정보 침해 문제는 어떻게 해결할 수 있을까?"", ""evaluation"": {""sentences"": [{""sentence"": ""그런데 아까 학생증 태깅을 통해 외출여부를 판단한다고 했어요."", ""categories"": ""Statement"", ""type"": ""Information"", ""knowledge"": ""The system uses student ID tagging to determine if a student is out."", ""evaluation"": {""specificity"": 5, ""justification"": 4, ""active"": 3, ""sentiment"": 0}}, {""sentence"": ""개인정보 침해 문제는 생기지 않을까요?"", ""categories"": ""Question"", ""type"": ""Deep Reasoning"", ""knowledge"": ""There may be privacy concerns with using student ID tagging."", ""evaluation"": {""timely"": 6, ""relevance"": 7, ""high-level"": 5, ""specificity"": 0, ""justification"": 0, ""active"": 0, ""sentiment"": 0}}]}, ""response"": {""answer"": ""음, 그 부분은 좀 더 고민해봐야겠네요. 학생증 데이터는 출입 여부만 체크하는 용도로 최소한으로 사용하고, 외부로 유출되지 않도록 보안에 신경쓰면 좋을 것 같아요.""}}"
1,2024-08-12 6:39:31,user_feedaback,"{""user_input"": ""기숙사 방 주인이 아닌 다른 학생의 학생증으로는 에어컨을 켤 수 없나ㅏ요?"", ""category"": [{""sentence"": ""기숙사 방 주인이 아닌 다른 학생의 학생증으로는 에어컨을 켤 수 없나요?"", ""categories"": ""Question"", ""type"": ""Low-Level""}], ""new_knowledge"": [""Consider the potential for unauthorized use of the system.""], ""new_actionPlan"": [""Implement additional security measures to ensure only authorized users can control the system.""], ""new_thinking"": ""다른 학생의 학생증으로 에어컨을 조작할 수 있는 가능성도 고려해야겠어."", ""evaluation"": {""sentences"": [{""sentence"": ""기숙사 방 주인이 아닌 다른 학생의 학생증으로는 에어컨을 켤 수 없나요?"", ""categories"": ""Question"", ""type"": ""Low-Level"", ""knowledge"": ""The feedback questions whether a non-resident student's ID can control the air conditioner."", ""evaluation"": {""timely"": 5, ""relevance"": 4, ""high-level"": 1, ""specificity"": 0, ""justification"": 0, ""active"": 0, ""sentiment"": 0}}]}, ""response"": {""answer"": ""그럴 경우 방 주인만이 에어컨을 제어할 수 있도록 학생증을 방 디바이스와 연동하면 될 것 같아요. 다른 학생증으로는 에어컨이 작동하지 않게 하는 식이죠.""}}"
1,2024-08-12 6:40:02,update_idea,"{""title"": ""기숙사 탄소배출 저감 시스템"", ""problem"": ""기숙사의 공간에서 학생들이 전기세 부담이 없기 때문에 에어컨과 조명을 필요 이상으로 사용하는 문제가 있습니다. 이로 인해 과도한 에너지 소비와 탄소 배출이 발생하고 있습니다."", ""idea"": ""학생증을 활용하여 기숙사의 에어컨과 조명 제어 시스템을 구현하고자 합니다. 1. 학생들의 출입을 감지하여 불필요한 전력 소비를 절감합니다. 각 방에 출입할 때 학생이 학생증을 태깅하면, 에어컨과 조명이 자동으로 활성화되고, 방을 나설 때 자동으로 꺼집니다. 2. 전력 소비량을 모니터링할 수 있는 스마트 미터를 설치하여 각 방의 전력 사용량을 정밀하게 측정하고, 절감량에 따라 인센티브를 제공합니다. 예를 들어, 특정 비율 이상 전력을 절감한 학생에게는 학비의 일부를 할인해주는 제도를 마련합니다. 3. 분실된 학생증에 대비하여 임시 학생증을 발급하는 시스템과 출입카드를 분실한 경우에도 방에 출입할 수 있는 비상 절차를 수립합니다. 학생들의 동의를 얻어 이 시스템을 이용하는 대신, 절감된 에너지 비용은 학생들이 원하는 학교 복지 서비스에 재투자됩니다. 4. 학생들이 이 시스템의 혜택과 학교 커뮤니티에 미치는 긍정적인 영향을 쉽게 이해할 수 있도록 적극적인 커뮤니케이션을 진행합니다. 이 시스템은 학생들에게 직접적인 이익과 학교의 지속 가능한 발전을 동시에 도모하는 것을 목표로 합니다.""}"
1,2024-08-12 6:40:35,user_feedaback,"{""user_input"": ""학생증을 태깅하고 들어온 후 나갈때는 태깅하지 않으면 학생이 외출을 한것인지 안한것인지 구별하기 힘들지않나요?"", ""category"": [{""sentence"": ""학생증을 태깅하고 들어온 후 나갈때는 태깅하지 않으면 학생이 외출을 한것인지 안한것인지 구별하기 힘들지않나요?"", ""categories"": ""Question"", ""type"": ""Deep Reasoning""}], ""new_knowledge"": [""Consider the challenges in accurately detecting user presence and absence.""], ""new_actionPlan"": [""Explore alternative methods to reliably detect when users are present or absent in a room.""], ""new_thinking"": ""사용자의 존재 여부를 정확하게 감지하는 것이 어려울 수 있겠구나."", ""evaluation"": {""sentences"": [{""sentence"": ""학생증을 태깅하고 들어온 후 나갈때는 태깅하지 않으면 학생이 외출을 한것인지 안한것인지 구별하기 힘들지않나요?"", ""categories"": ""Question"", ""type"": ""Deep Reasoning"", ""knowledge"": ""It may be difficult to determine if a student has left the room if they do not tag their student ID when exiting."", ""evaluation"": {""timely"": 6, ""relevance"": 7, ""high-level"": 5, ""specificity"": 0, ""justification"": 0, ""active"": 0, ""sentiment"": 0}}]}, ""response"": {""answer"": ""음, 그럴 수도 있겠네요. 예를 들어 출입문에 센서를 설치해 문이 열리고 학생증 태깅이 없다면 자동으로 외출로 인식하게 만드는 방법도 있을 것 같아요.""}}"
1,2024-08-12 6:41:08,user_feedaback,"{""user_input"": ""휴게실이나 화장실등을 사용하는 경우에는 혼란이 생길 수 있지않을까요?"", ""category"": [{""sentence"": ""휴게실이나 화장실등을 사용하는 경우에는 혼란이 생길 수 있지않을까요?"", ""categories"": ""Question"", ""type"": ""Deep Reasoning""}], ""new_knowledge"": [""Consider the potential for confusion in shared or common spaces.""], ""new_actionPlan"": [""Develop a clear protocol for managing shared spaces to avoid confusion and ensure system effectiveness.""], ""new_thinking"": ""공용 공간에서는 혼란이 생길 수 있다는 점을 고려해야겠어."", ""evaluation"": {""sentences"": [{""sentence"": ""휴게실이나 화장실등을 사용하는 경우에는 혼란이 생길 수 있지않을까요?"", ""categories"": ""Question"", ""type"": ""Deep Reasoning"", ""knowledge"": ""Using common areas like restrooms or lounges might cause confusion in the system."", ""evaluation"": {""timely"": 6, ""relevance"": 6, ""high-level"": 5, ""specificity"": 0, ""justification"": 0, ""active"": 0, ""sentiment"": 0}}]}, ""response"": {""answer"": ""잠깐 나가는 경우도 감지할 수 있는 단기 타이머를 설정하는 건 어떨까요? 예를 들어, 10분 이상 방을 비웠을 때만 에어컨이 꺼지도록요.""}}"
1,2024-08-12 6:41:49,user_feedaback,"{""user_input"": ""휴게실에서 밥을 먹는 경우도 있으니 시간을 설정하는 것은 많은 혼란이 일어날 것 같아요."", ""category"": [{""sentence"": ""휴게실에서 밥을 먹는 경우도 있으니 시간을 설정하는 것은 많은 혼란이 일어날 것 같아요."", ""categories"": ""Statement"", ""type"": ""Evaluation""}], ""new_knowledge"": [""Consider the potential for confusion in shared or common spaces when implementing time-based controls.""], ""new_actionPlan"": [""Reevaluate the use of time-based controls and explore alternative methods to accurately detect user presence in shared or common spaces.""], ""new_thinking"": ""공용 공간에서 시간 기반 제어를 사용하면 혼란이 생길 수 있겠구나."", ""evaluation"": {""sentences"": [{""sentence"": ""휴게실에서 밥을 먹는 경우도 있으니 시간을 설정하는 것은 많은 혼란이 일어날 것 같아요."", ""categories"": ""Statement"", ""type"": ""Evaluation"", ""knowledge"": ""Setting a timer for short absences may cause confusion."", ""evaluation"": {""specificity"": 5, ""justification"": 5, ""active"": 3, ""sentiment"": -1}}]}, ""response"": {""answer"": ""음, 복잡하네요. 다른 방법으로는, 실내 센서를 설치해 일정 시간 동안 움직임이 없을 때 에어컨을 자동으로 꺼지게 하는 방법도 있을 것 같아요.""}}"
1,2024-08-12 6:42:40,user_feedaback,"{""user_input"": ""아니면 학생들이 자주 외출하는 특정시간대에 일괄적으로 에어컨을 끄고 방에 남아있는 학생이 에어컨을 다시 키게하는 방법은 어떤가요?"", ""category"": [{""sentence"": ""아니면 학생들이 자주 외출하는 특정시간대에 일괄적으로 에어컨을 끄고 방에 남아있는 학생이 에어컨을 다시 키게하는 방법은 어떤가요?"", ""categories"": ""Question"", ""type"": ""Generate Design""}], ""new_knowledge"": [""Consider the patterns of user behavior to optimize system activation and deactivation.""], ""new_actionPlan"": [""Analyze common times when users are likely to leave and return to their rooms to optimize the system's activation and deactivation schedules.""], ""new_thinking"": ""사용자 행동 패턴을 고려하여 시스템 활성화 및 비활성화 일정을 최적화해야겠어."", ""evaluation"": {""sentences"": [{""sentence"": ""아니면 학생들이 자주 외출하는 특정시간대에 일괄적으로 에어컨을 끄고 방에 남아있는 학생이 에어컨을 다시 키게하는 방법은 어떤가요?"", ""categories"": ""Question"", ""type"": ""Generate Design"", ""knowledge"": ""Consider turning off air conditioners at specific times when students are likely to be out and allowing those who remain to turn them back on."", ""evaluation"": {""timely"": 6, ""relevance"": 6, ""high-level"": 4, ""specificity"": 0, ""justification"": 0, ""active"": 0, ""sentiment"": 0}}]}, ""response"": {""answer"": ""좋은 아이디어 같아요! 학생들이 빈 방에 에어컨을 켜두는 걸 방지할 수 있겠네요. 다만, 계절이나 시험 기간 같은 변수들을 고려해 탄력적으로 운영하면 좋을 것 같아요.""}}"
1,2024-08-12 6:43:07,user_feedaback,"{""user_input"": ""네 기숙사 문 앞에 있는 게이트의 정보를 바탕으로 유연하게 조정하면 될 것 같아요"", ""category"": [{""sentence"": ""네 기숙사 문 앞에 있는 게이트의 정보를 바탕으로 유연하게 조정하면 될 것 같아요"", ""categories"": ""Statement"", ""type"": ""Recommendation""}], ""new_knowledge"": [""Consider the importance of clear and consistent communication in design implementation.""], ""new_actionPlan"": [""Ensure that all information related to the system's operation and benefits is clearly communicated to users.""], ""new_thinking"": ""시스템 운영과 혜택에 대한 정보를 명확하게 전달하는 것이 중요하구나."", ""evaluation"": {""sentences"": [{""sentence"": ""네 기숙사 문 앞에 있는 게이트의 정보를 바탕으로 유연하게 조정하면 될 것 같아요"", ""categories"": ""Statement"", ""type"": ""Recommendation"", ""knowledge"": ""Adjust the system flexibly based on the information from the gate in front of the dormitory room."", ""evaluation"": {""specificity"": 5, ""justification"": 4, ""active"": 5, ""sentiment"": 1}}]}, ""response"": {""answer"": ""네, 동감합니다. 게이트 정보를 활용하면 외출 여부 파악이 더 정확할 것 같아요. ""}}"
1,2024-08-12 6:44:17,update_idea,"{""title"": ""기숙사 탄소배출 저감 시스템"", ""problem"": ""기숙사에서 학생들이 전기세 부담이 없기 때문에 외출 시에도 에어컨을 하루 종일 켜둠으로써 과도한 에너지 소비가 발생합니다. 또한, 잠시 외출하는 경우에도 시스템이 방을 비웠다고 인식하여 에너지 사용에 혼란을 줄 수 있습니다."", ""idea"": ""1. 각 방에 실내 움직임을 감지하는 센서를 설치하여 사용자의 실제 존재 여부를 정확하게파악할 수 있도록 합니다. 이 센서는 일정 시간 동안 움직임이 감지되지 않을 시 자동으로 에어컨과 조명을 꺼서 에너지를 절약합니다. \n2. 공동 공간 관리를 위한 명확한 규약을 개발하여, 공용 공간 사용 시 시스템의 효율성을 보장하고 혼란을 방지합니다. 예를 들어, 공용 공간에는 짧은 시간 동안의 이용에도 서비스가 중단되지 않도록 설정합니다. \n3. 일정 시간 기반의 제어를 재평가하고 첨단 센서 기술을 활용하여 사용자의 실제 존재 여부만을 기준으로 시스템이 작동하도록 합니다. \n4. 학생들의 주요 외출 시간을 분석하여, 시스템의 활성화와 비활성화 시간을 최적화합니다. 예를 들어, 수업 시간이나 식사 시간 등에 맞추어 시스템의 작동 방식을 조정합니다. \n5. 시스템의 작동 원리와 학교 커뮤니티에 미치는 이점을 명확하고 투명하게 커뮤니케이션하여 학생들이 적극적으로 참여하도록 동기를 부여합니다. 사용된 에너지 절감 비용은 학생들이 투표로 선택한 학교 복지 사업에 사용되며, 해당 사업의 세부 사용 내역을 학생들에게 정기적으로 공개합니다.""}"
1,2024-08-12 6:44:59,user_feedaback,"{""user_input"": ""아니면 게이트 정보를 활용해서 방 주인들이 모두 나갔을 때는 에어컨이 꺼지고 한명이라도 들어오면 방의 에어컨이 켜지는 것은 어떤가요? "", ""category"": [{""sentence"": ""아니면 게이트 정보를 활용해서 방 주인들이 모두 나갔을 때는 에어컨이 꺼지고 한명이라도 들어오면 방의 에어컨이 켜지는 것은 어떤가요?"", ""categories"": ""Question"", ""type"": ""Generate Design""}], ""new_knowledge"": [""Consider using gate information to dynamically control system activation based on user presence.""], ""new_actionPlan"": [""Integrate gate information to ensure the system accurately detects when users leave or enter the dormitory.""], ""new_thinking"": ""게이트 정보를 활용해서 사용자의 출입 여부를 정확히 파악해야겠어."", ""evaluation"": {""sentences"": [{""sentence"": ""아니면 게이트 정보를 활용해서 방 주인들이 모두 나갔을 때는 에어컨이 꺼지고 한명이라도 들어오면 방의 에어컨이 켜지는 것은 어떤가요?"", ""categories"": ""Question"", ""type"": ""Generate Design"", ""knowledge"": ""Using gate information to control air conditioning based on room occupancy."", ""evaluation"": {""timely"": 6, ""relevance"": 7, ""high-level"": 5, ""specificity"": 0, ""justification"": 0, ""active"": 0, ""sentiment"": 1}}]}, ""response"": {""answer"": ""네, 게이트 정보를 활용해서 방 주인들이 모두 나갔을 때 에어컨이 자동으로 꺼지고, 한 명이라도 들어오면 자동으로 켜지는 방안도 괜찮을 것 같아요. 이렇게 하면 더 효율적으로 에너지를 절약할 수 있을 것 같아요. 말씀하신 대로 시스템의 정확성을 높이기 위해 게이트와 실내 센서 기술을 함께 활용하면 좋을 것 같습니다.""}}"
1,2024-08-12 6:45:30,user_feedaback,"{""user_input"": ""실내 센서는 사생활이 노출되는 것 같다는 느낌을 줄 수도 있을 것 같아요"", ""category"": [{""sentence"": ""실내 센서는 사생활이 노출되는 것 같다는 느낌을 줄 수도 있을 것 같아요"", ""categories"": ""Statement"", ""type"": ""Evaluation""}], ""new_knowledge"": [""Consider the potential for sensors to misinterpret environmental factors as user activity.""], ""new_actionPlan"": [""Evaluate and test the accuracy of sensors in detecting actual user presence versus environmental factors.""], ""new_thinking"": ""센서가 환경 요인을 사용자 활동으로 오인할 가능성을 고려해야겠어."", ""evaluation"": {""sentences"": [{""sentence"": ""실내 센서는 사생활이 노출되는 것 같다는 느낌을 줄 수도 있을 것 같아요"", ""categories"": ""Statement"", ""type"": ""Evaluation"", ""knowledge"": ""Indoor sensors might give a feeling of privacy invasion."", ""evaluation"": {""specificity"": 5, ""justification"": 4, ""active"": 3, ""sentiment"": -1}}]}, ""response"": {""answer"": ""실내 센서가 정말 사생활 침해로 느껴질 수 있겠네요. 그러면, 출입문이나 방 입구 쪽에만 센서를 설치해서 센싱 범위를 제한하는 게 좋을 것 같아요. 보안과 프라이버시를 동시에 고려할 수 있는 방법이죠.""}}"
1,2024-08-12 6:46:01,user_feedaback,"{""user_input"": ""좋아요 센서등과 같은 경우는 학생들도 익숙하니까 이와 비슷하다고 안내하면 될 것 같아요"", ""category"": [{""sentence"": ""좋아요 센서등과 같은 경우는 학생들도 익숙하니까"", ""categories"": ""Statement"", ""type"": ""Evaluation""}, {""sentence"": ""이와 비슷하다고 안내하면 될 것 같아요"", ""categories"": ""Statement"", ""type"": ""Recommendation""}], ""new_knowledge"": [""Consider the user acceptance and comfort when implementing sensor-based systems."", ""Ensure that the system's benefits are clearly communicated to users.""], ""new_actionPlan"": [""Ensure that the sensor-based system is designed to be unobtrusive and user-friendly to increase acceptance."", ""Develop a communication strategy to effectively convey the benefits of the system to users.""], ""new_thinking"": ""센서 기반 시스템을 구현할 때 사용자 수용성과 편안함을 고려해야겠어. 시스템의 혜택을 사용자에게 명확하게 전달해야겠어."", ""evaluation"": {""sentences"": [{""sentence"": ""좋아요 센서등과 같은 경우는 학생들도 익숙하니까"", ""categories"": ""Statement"", ""type"": ""Evaluation"", ""knowledge"": ""Students are familiar with sensors."", ""evaluation"": {""specificity"": 3, ""justification"": 2, ""active"": 2, ""sentiment"": 1}}, {""sentence"": ""이와 비슷하다고 안내하면 될 것 같아요"", ""categories"": ""Statement"", ""type"": ""Recommendation"", ""knowledge"": ""Informing students that the system is similar to familiar sensors might be effective."", ""evaluation"": {""specificity"": 3, ""justification"": 3, ""active"": 3, ""sentiment"": 1}}]}, ""response"": {""answer"": ""맞아요, 학생들에게 친숙한 센서들을 예로 들면 더 쉽게 이해할 수 있을 것 같아요. 그러면 더 많은 학생들이 이 시스템을 편안하게 받아들일 수 있겠죠.""}}"
1,2024-08-12 6:46:51,user_feedaback,"{""user_input"": ""학생들이 매년 여름 에어컨에 대해 불만을 내비치는 것 만큼 이 서비스의 필요성에 대해 확실하게 알려주어야할 것 같아요. 어떤식으로 안내할 예정인가요?"", ""category"": [{""sentence"": ""학생들이 매년 여름 에어컨에 대해 불만을 내비치는 것 만큼 이 서비스의 필요성에 대해 확실하게 알려주어야할 것 같아요."", ""categories"": ""Statement"", ""type"": ""Recommendation""}, {""sentence"": ""어떤식으로 안내할 예정인가요?"", ""categories"": ""Question"", ""type"": ""Generate Design""}], ""new_knowledge"": [""Clearly communicate the necessity and benefits of the design to the users."", ""Consider how to effectively communicate the system's functionality to users.""], ""new_actionPlan"": [""Develop a communication strategy to effectively convey the importance and advantages of the system to the users."", ""Develop a clear and engaging communication strategy to explain the system's functionality and benefits to users.""], ""new_thinking"": ""학생들에게 시스템의 필요성과 이점을 명확하게 전달해야겠어. 시스템의 기능을 사용자에게 효과적으로 전달하는 방법을 고민해야겠어."", ""evaluation"": {""sentences"": [{""sentence"": ""학생들이 매년 여름 에어컨에 대해 불만을 내비치는 것 만큼 이 서비스의 필요성에 대해 확실하게 알려주어야할 것 같아요."", ""categories"": ""Statement"", ""type"": ""Recommendation"", ""knowledge"": ""The necessity of the service should be clearly communicated to students."", ""evaluation"": {""specificity"": 5, ""justification"": 5, ""active"": 4, ""sentiment"": 0}}, {""sentence"": ""어떤식으로 안내할 예정인가요?"", ""categories"": ""Question"", ""type"": ""Generate Design"", ""knowledge"": ""The method of communication about the service needs to be clarified."", ""evaluation"": {""timely"": 5, ""relevance"": 5, ""high-level"": 4, ""specificity"": 0, ""justification"": 0, ""active"": 0, ""sentiment"": 0}}]}, ""response"": {""answer"": ""학생들에게 설문조사를 진행하고, 불편 사항과 개선 요구를 수집합니다. 이를 바탕으로 학생 커뮤니티 게시판과 SNS를 통해 시스템의 필요성과 효과를 알릴 계획입니다.""}}"
1,2024-08-12 6:47:13,user_feedaback,"{""user_input"": ""어떤 설문조사를 진행할 것인가요?"", ""category"": [{""sentence"": ""어떤 설문조사를 진행할 것인가요?"", ""categories"": ""Question"", ""type"": ""Low-Level""}], ""new_knowledge"": [""Gathering user feedback through surveys can provide valuable insights for design improvements.""], ""new_actionPlan"": [""Conduct a survey to collect feedback from users about their needs and preferences related to the design idea.""], ""new_thinking"": ""사용자 설문조사를 통해 디자인 개선에 필요한 귀중한 인사이트를 얻을 수 있겠어."", ""evaluation"": {""sentences"": [{""sentence"": ""어떤 설문조사를 진행할 것인가요?"", ""categories"": ""Question"", ""type"": ""Low-Level"", ""knowledge"": ""The mentor is asking for details about the type of survey the student plans to conduct."", ""evaluation"": {""timely"": 5, ""relevance"": 5, ""high-level"": 1, ""specificity"": 0, ""justification"": 0, ""active"": 0, ""sentiment"": 0}}]}, ""response"": {""answer"": ""학생들의 실제 생활 패턴, 에어컨 사용 현황, 그리고 불편 사항을 중심으로 설문조사를 진행할 예정입니다. 예를 들어, '에어컨 사용 시 가장 불편했던 점은 무엇인가요?' 같은 질문을 추가할 생각입니다.""}}"
1,2024-08-12 6:47:39,user_feedaback,"{""user_input"": ""학생들의 의견이 이 서비스에 반하는 의견이라면 어떻게 할것인가여?"", ""category"": [{""sentence"": ""학생들의 의견이 이 서비스에 반하는 의견이라면 어떻게 할것인가여?"", ""categories"": ""Question"", ""type"": ""Generate Design""}], ""new_knowledge"": [""Consider how to incorporate user feedback into the design process.""], ""new_actionPlan"": [""Conduct surveys or focus groups to gather user opinions and integrate their feedback into the design improvements.""], ""new_thinking"": ""사용자 피드백을 디자인 과정에 어떻게 반영할 수 있을까?"", ""evaluation"": {""sentences"": [{""sentence"": ""학생들의 의견이 이 서비스에 반하는 의견이라면 어떻게 할것인가여?"", ""categories"": ""Question"", ""type"": ""Generate Design"", ""knowledge"": ""Consideration of opposing opinions is crucial for service design."", ""evaluation"": {""timely"": 5, ""relevance"": 5, ""high-level"": 4, ""specificity"": 0, ""justification"": 0, ""active"": 0, ""sentiment"": 0}}]}, ""response"": {""answer"": ""학생들의 의견이 반대일 경우, 먼저 의견을 수렴해 문제점을 파악하고, 개선 방안을 논의하는 설문조사를 진행하려고 합니다. 반대 이유가 설득력 있다면, 프로젝트를 수정하거나 다른 대안을 찾는 방향으로 나아가겠습니다.""}}"
1,2024-08-12 6:48:30,user_feedaback,"{""user_input"": ""이 시스템을 수립하는데 필요한 자본이 얼마정도인가요? 절감할 수 있는 전력량보다 적나요?"", ""category"": [{""sentence"": ""이 시스템을 수립하는데 필요한 자본이 얼마정도인가요?"", ""categories"": ""Question"", ""type"": ""Low-Level""}, {""sentence"": ""절감할 수 있는 전력량보다 적나요?"", ""categories"": ""Question"", ""type"": ""Low-Level""}], ""new_knowledge"": [""Understand the resources required for system implementation."", ""Consider the potential for users to perceive the system as a financial burden rather than a benefit.""], ""new_actionPlan"": [""Identify and list all necessary resources for implementing the system."", ""Ensure that the system's benefits are clearly communicated to users.""], ""new_thinking"": ""이 시스템을 구현하는 데 필요한 자원이 얼마나 될까? 사용자들이 시스템을 재정적 부담으로 느낄 수 있다는 점을 고려해야겠어."", ""evaluation"": {""sentences"": [{""sentence"": ""이 시스템을 수립하는데 필요한 자본이 얼마정도인가요?"", ""categories"": ""Question"", ""type"": ""Low-Level"", ""knowledge"": ""The mentor is asking about the capital required to establish the system."", ""evaluation"": {""timely"": 5, ""relevance"": 5, ""high-level"": 2, ""specificity"": 0, ""justification"": 0, ""active"": 0, ""sentiment"": 0}}, {""sentence"": ""절감할 수 있는 전력량보다 적나요?"", ""categories"": ""Question"", ""type"": ""Low-Level"", ""knowledge"": ""The mentor is asking if the capital required is less than the amount of electricity that can be saved."", ""evaluation"": {""timely"": 5, ""relevance"": 5, ""high-level"": 2, ""specificity"": 0, ""justification"": 0, ""active"": 0, ""sentiment"": 0}}]}, ""response"": {""answer"": ""자본은 방마다 설치할 센서와 게이트 시스템에 따라 다르겠지만, 초기 설치비가 상대적으로 높을 수 있습니다. 하지만 장기적으로 절감될 전력량과 비교하면 충분히 경제적입니다.""}}"
1,2024-08-12 6:49:00,user_feedaback,"{""user_input"": ""이 시스템이 충분히 경제적이다는 것도 학생들에게 알려주어야할 것 같아요"", ""category"": [{""sentence"": ""이 시스템이 충분히 경제적이다는 것도 학생들에게 알려주어야할 것 같아요"", ""categories"": ""Statement"", ""type"": ""Recommendation""}], ""new_knowledge"": [""Clearly communicate the economic benefits of the system to users.""], ""new_actionPlan"": [""Develop a communication strategy to highlight the long-term economic benefits of the system to users.""], ""new_thinking"": ""이 시스템이 경제적이라는 점을 학생들에게 명확히 알려야겠어."", ""evaluation"": {""sentences"": [{""sentence"": ""이 시스템이 충분히 경제적이다는 것도 학생들에게 알려주어야할 것 같아요"", ""categories"": ""Statement"", ""type"": ""Recommendation"", ""knowledge"": ""The system's economic benefits should be communicated to students."", ""evaluation"": {""specificity"": 5, ""justification"": 4, ""active"": 5, ""sentiment"": 1}}]}, ""response"": {""answer"": ""네, 이 시스템이 장기적으로 전력 절감에 얼마나 경제적인지 학생들에게 명확히 전달해야겠네요. 예를 들어, 전력 절감에 따른 비용 절약이 학교와 학생들에게 어떻게 이득이 되는지 구체적인 데이터와 함께 설명하면 좋을 것 같아요.""}}"
1,2024-08-12 6:49:23,user_feedaback,"{""user_input"": ""만약 시간이 지나 센서가 노후화되어 잘 작동하지 않으면 어떻게 대처할 것인가요?"", ""category"": [{""sentence"": ""만약 시간이 지나 센서가 노후화되어 잘 작동하지 않으면 어떻게 대처할 것인가요?"", ""categories"": ""Question"", ""type"": ""Generate Design""}], ""new_knowledge"": [""Consider how to handle sensor malfunctions or inaccuracies in your design.""], ""new_actionPlan"": [""Develop a contingency plan for sensor malfunctions or inaccuracies to ensure system reliability.""], ""new_thinking"": ""센서가 오작동하거나 부정확할 때 어떻게 대처할지 계획해야겠어."", ""evaluation"": {""sentences"": [{""sentence"": ""만약 시간이 지나 센서가 노후화되어 잘 작동하지 않으면 어떻게 대처할 것인가요?"", ""categories"": ""Question"", ""type"": ""Generate Design"", ""knowledge"": ""The mentor is asking about the contingency plan for sensor malfunction due to aging."", ""evaluation"": {""timely"": 5, ""relevance"": 6, ""high-level"": 4, ""specificity"": 0, ""justification"": 0, ""active"": 0, ""sentiment"": 0}}]}, ""response"": {""answer"": ""센서가 노후화돼서 잘 작동하지 않을 때를 대비한 유지보수 시스템을 구축해야 합니다. 예를 들어, 정기적인 점검과 교체 계획을 미리 마련해놓을 수 있습니다. 또한, 센서 상태를 자동으로 모니터링해 이상이 감지되면 바로 알림을 보내는 시스템도 필요할 것 같아요.""}}"
1,2024-08-12 6:49:47,user_feedaback,"{""user_input"": ""이 시스템을 관리하는 주체는 어디인가요? 사감실인가요?"", ""category"": [{""sentence"": ""이 시스템을 관리하는 주체는 어디인가요?"", ""categories"": ""Question"", ""type"": ""Concept Completion""}, {""sentence"": ""사감실인가요?"", ""categories"": ""Question"", ""type"": ""Disjunctive""}], ""new_knowledge"": [""Identify the primary stakeholders responsible for managing the system."", ""Consider the potential for sensors to misinterpret environmental factors as user activity.""], ""new_actionPlan"": [""Determine the key stakeholders who will oversee the system's implementation and maintenance."", ""Implement a system to differentiate between actual user presence and environmental factors to avoid false positives.""], ""new_thinking"": ""이 시스템을 관리하는 주체는 누구일까? 센서가 환경 요인을 사용자 활동으로 오인할 가능성을 고려해야겠어."", ""evaluation"": {""sentences"": [{""sentence"": ""이 시스템을 관리하는 주체는 어디인가요?"", ""categories"": ""Question"", ""type"": ""Concept Completion"", ""knowledge"": ""The feedback is asking about the entity responsible for managing the system."", ""evaluation"": {""timely"": 5, ""relevance"": 5, ""high-level"": 5, ""specificity"": 0, ""justification"": 0, ""active"": 0, ""sentiment"": 0}}, {""sentence"": ""사감실인가요?"", ""categories"": ""Question"", ""type"": ""Disjunctive"", ""knowledge"": ""The feedback is inquiring if the dormitory office is responsible for managing the system."", ""evaluation"": {""timely"": 5, ""relevance"": 5, ""high-level"": 5, ""specificity"": 0, ""justification"": 0, ""active"": 0, ""sentiment"": 0}}]}, ""response"": {""answer"": ""네, 주된 관리 주체는 사감실이 될 것 같아요. 사감실에서 시스템을 모니터링하고 유지 보수 작업을 관리하는 역할을 담당하면 효율적일 것 같습니다.""}}"
1,2024-08-12 6:50:11,user_feedaback,"{""user_input"": ""업무가 너무 늘어나는 것은 아닐까요?"", ""category"": [{""sentence"": ""업무가 너무 늘어나는 것은 아닐까요?"", ""categories"": ""Question"", ""type"": ""Deep Reasoning""}], ""new_knowledge"": [""Consider the workload and feasibility of the design implementation.""], ""new_actionPlan"": [""Evaluate the workload and feasibility of implementing the design to ensure it is manageable.""], ""new_thinking"": ""디자인 구현의 업무량과 실현 가능성을 평가해야겠어."", ""evaluation"": {""sentences"": [{""sentence"": ""업무가 너무 늘어나는 것은 아닐까요?"", ""categories"": ""Question"", ""type"": ""Deep Reasoning"", ""knowledge"": ""The mentor is concerned about the potential increase in workload due to the new system."", ""evaluation"": {""timely"": 5, ""relevance"": 6, ""high-level"": 5, ""specificity"": 0, ""justification"": 0, ""active"": 0, ""sentiment"": 0}}]}, ""response"": {""answer"": ""일정 부분 업무가 늘어날 수 있겠지만, 효율적인 자동화 시스템이 만들어지면 오히려 관리가 더 쉬워질 수 있다고 생각해요. 일상적인 모니터링과 유지보수는 기존 인력으로 충분히 수행할 수 있도록 간소화할 계획입니다.""}}"
1,2024-08-12 6:50:38,user_feedaback,"{""user_input"": ""학생들에게 현재 전기세가 얼마나 부담인지도 알려주어야할 것 같아요"", ""category"": [{""sentence"": ""학생들에게 현재 전기세가 얼마나 부담인지도 알려주어야할 것 같아요"", ""categories"": ""Statement"", ""type"": ""Recommendation""}], ""new_knowledge"": [""Communicate the current burden or cost to users to highlight the benefits of the new system.""], ""new_actionPlan"": [""Gather data on the current electricity costs and communicate this information to students to emphasize the benefits of the new system.""], ""new_thinking"": ""현재 전기세가 얼마나 부담인지도 알려줘야겠어."", ""evaluation"": {""sentences"": [{""sentence"": ""학생들에게 현재 전기세가 얼마나 부담인지도 알려주어야할 것 같아요"", ""categories"": ""Statement"", ""type"": ""Recommendation"", ""knowledge"": ""Students should be informed about the current burden of electricity bills."", ""evaluation"": {""specificity"": 5, ""justification"": 4, ""active"": 5, ""sentiment"": 0}}]}, ""response"": {""answer"": ""학생들에게 현재 전기세의 부담 정도를 명확히 알릴 필요성이 있겠네요. 예를 들어, 기숙사 전체 전기 사용량과 비용을 구체적인 수치로 제공하면 학생들이 더 쉽게 이해할 수 있을 것 같아요.""}}"
1,2024-08-12 6:51:31,user_feedaback,"{""user_input"": ""이 시스템으로는 에어컨의 전원만 조정할 수 있는 것인가요?"", ""category"": [{""sentence"": ""이 시스템으로는 에어컨의 전원만 조정할 수 있는 것인가요?"", ""categories"": ""Question"", ""type"": ""Low-Level""}], ""new_knowledge"": [""Consider the system's ability to control the primary function effectively.""], ""new_actionPlan"": [""Evaluate if the system can effectively control the primary function it is designed for.""], ""new_thinking"": ""이 시스템으로 에어컨의 전원만 조정할 수 있는 것인가?"", ""evaluation"": {""sentences"": [{""sentence"": ""이 시스템으로는 에어컨의 전원만 조정할 수 있는 것인가요?"", ""categories"": ""Question"", ""type"": ""Low-Level"", ""knowledge"": ""The feedback questions if the system can only control the power of the air conditioner."", ""evaluation"": {""timely"": 5, ""relevance"": 5, ""high-level"": 1, ""specificity"": 0, ""justification"": 0, ""active"": 0, ""sentiment"": 0}}]}, ""response"": {""answer"": ""네, 일단 에어컨 전원을 주로 조정할 예정입니다. 추후에 여건이 된다면 조명이나 기타 전자기기들도 포함할 수 있는 방안을 고려해볼 수 있어요.""}}"
1,2024-08-12 6:51:59,user_feedaback,"{""user_input"": ""학생들이 가장 불만을 가지는 것은 에어컨 온도라고 알고있어요. 이에대해서는 어떻게 생각하나요?"", ""category"": [{""sentence"": ""학생들이 가장 불만을 가지는 것은 에어컨 온도라고 알고있어요."", ""categories"": ""Statement"", ""type"": ""Information""}, {""sentence"": ""이에대해서는 어떻게 생각하나요?"", ""categories"": ""Question"", ""type"": ""Judgmental""}], ""new_knowledge"": [""Understanding user pain points is crucial for effective design."", ""Consider how to effectively communicate the system's functionality to users.""], ""new_actionPlan"": [""Conduct surveys to identify the most common user complaints and address them in the design."", ""Develop a clear communication strategy to explain the system's functionality and benefits to users.""], ""new_thinking"": ""사용자들이 가장 불만을 가지는 점을 파악하는 것이 중요하구나. 시스템의 기능을 사용자에게 효과적으로 전달하는 방법을 고려해야겠어."", ""evaluation"": {""sentences"": [{""sentence"": ""학생들이 가장 불만을 가지는 것은 에어컨 온도라고 알고있어요."", ""categories"": ""Statement"", ""type"": ""Information"", ""knowledge"": ""학생들이 에어컨 온도에 대해 불만을 가지고 있다."", ""evaluation"": {""specificity"": 5, ""justification"": 4, ""active"": 3, ""sentiment"": 0}}, {""sentence"": ""이에대해서는 어떻게 생각하나요?"", ""categories"": ""Question"", ""type"": ""Judgmental"", ""knowledge"": ""학생들이 에어컨 온도에 불만을 가지고 있다는 점에 대한 의견을 묻고 있다."", ""evaluation"": {""timely"": 5, ""relevance"": 5, ""high-level"": 4, ""sentiment"": 0}}]}, ""response"": {""answer"": ""맞아요, 학생들이 에어컨 온도에 대해 불만이 많죠. 각 방의 온도를 개별적으로 조절할 수 있는 시스템을 통해 해결할 수 있을 것 같아요. 이를 위해 스마트 온도 조절기를 도입하면 좋을 것 같습니다.""}}"
1,2024-08-12 6:52:17,user_feedaback,"{""user_input"": ""스마트 온도 조절기란 무엇을 말하는 것인가요?"", ""category"": [{""sentence"": ""스마트 온도 조절기란 무엇을 말하는 것인가요?"", ""categories"": ""Question"", ""type"": ""Low-Level""}], ""new_knowledge"": [""Understanding user pain points is crucial for effective design.""], ""new_actionPlan"": [""Investigate user pain points related to the system and address them in the design.""], ""new_thinking"": ""사용자들의 불편 사항을 이해하는 것이 효과적인 디자인에 중요하구나."", ""evaluation"": {""sentences"": [{""sentence"": ""스마트 온도 조절기란 무엇을 말하는 것인가요?"", ""categories"": ""Question"", ""type"": ""Low-Level"", ""knowledge"": ""Clarification on what a smart thermostat is."", ""evaluation"": {""timely"": 5, ""relevance"": 5, ""high-level"": 1, ""specificity"": 0, ""justification"": 0, ""active"": 0, ""sentiment"": 0}}]}, ""response"": {""answer"": ""스마트 온도 조절기는 사용자가 원하는 온도로 에어컨을 자동으로 조절해주는 장치입니다. 휴대폰 앱이나 음성 명령으로 제어할 수도 있어요. 기숙사에 설치하면 각 방에서 개별적으로 온도를 설정할 수 있어 편리할 것 같아요.""}}"
1,2024-08-12 6:52:55,user_feedaback,"{""user_input"": ""온도를 과도하게 낮추는 것이 더 전기를 많이쓰게하지는 않나요?"", ""category"": [{""sentence"": ""온도를 과도하게 낮추는 것이 더 전기를 많이쓰게하지는 않나요?"", ""categories"": ""Question"", ""type"": ""Deep Reasoning""}], ""new_knowledge"": [""Consider the impact of extreme settings on energy consumption.""], ""new_actionPlan"": [""Evaluate the energy consumption patterns at different temperature settings to find an optimal balance.""], ""new_thinking"": ""온도를 과도하게 낮추는 것이 더 전기를 많이 쓰게 하지 않나?"", ""evaluation"": {""sentences"": [{""sentence"": ""온도를 과도하게 낮추는 것이 더 전기를 많이쓰게하지는 않나요?"", ""categories"": ""Question"", ""type"": ""Deep Reasoning"", ""knowledge"": ""Lowering the temperature excessively can lead to higher electricity consumption."", ""evaluation"": {""timely"": 5, ""relevance"": 5, ""high-level"": 5, ""specificity"": 0, ""justification"": 0, ""active"": 0, ""sentiment"": 0}}]}, ""response"": {""answer"": ""맞아요, 온도를 과도하게 낮추면 전기 소비가 더 많아지기 때문에 절감 효과가 줄어들 수 있어요. 그래서 최소 온도 제한을 두는 것도 고려해야 할 것 같아요. 예를 들어, 에어컨 온도를 24도 이하로 설정할 수 없도록 하는 식이죠.""}}"
1,2024-08-12 6:53:17,user_feedaback,"{""user_input"": ""최소 온도는 어떻게 설정할 것인가요?"", ""category"": [{""sentence"": ""최소 온도는 어떻게 설정할 것인가요?"", ""categories"": ""Question"", ""type"": ""Generate Design""}], ""new_knowledge"": [""Consider setting minimum thresholds for system parameters to ensure efficiency.""], ""new_actionPlan"": [""Implement a minimum temperature limit for the air conditioning system to prevent excessive energy consumption.""], ""new_thinking"": ""시스템의 효율성을 위해 최소 온도 제한을 설정해야겠어."", ""evaluation"": {""sentences"": [{""sentence"": ""최소 온도는 어떻게 설정할 것인가요?"", ""categories"": ""Question"", ""type"": ""Generate Design"", ""knowledge"": ""The feedback asks about the method for setting a minimum temperature."", ""evaluation"": {""timely"": 6, ""relevance"": 6, ""high-level"": 4, ""specificity"": 0, ""justification"": 0, ""active"": 0, ""sentiment"": 0}}]}, ""response"": {""answer"": ""최소 온도 제한은 중앙 관리 시스템에서 설정할 수 있어요. 설치된 스마트 온도 조절기를 통해 최소 온도를 프리셋으로 설정하면, 학생들이 이를 변경할 수 없게 할 수 있습니다.""}}"
1,2024-08-12 6:53:48,user_feedaback,"{""user_input"": ""스마트 온도 조절기는 경제적인가요?"", ""category"": [{""sentence"": ""스마트 온도 조절기는 경제적인가요?"", ""categories"": ""Question"", ""type"": ""Low-Level""}], ""new_knowledge"": [""Consider the economic impact of implementing advanced control systems.""], ""new_actionPlan"": [""Evaluate the cost-effectiveness of integrating smart temperature control systems in the design.""], ""new_thinking"": ""스마트 온도 조절기를 도입하는 것이 경제적으로 타당한지 평가해야겠어."", ""evaluation"": {""sentences"": [{""sentence"": ""스마트 온도 조절기는 경제적인가요?"", ""categories"": ""Question"", ""type"": ""Low-Level"", ""knowledge"": ""The mentor is asking if the smart thermostat is cost-effective."", ""evaluation"": {""timely"": 5, ""relevance"": 5, ""high-level"": 1, ""specificity"": 0, ""justification"": 0, ""active"": 0, ""sentiment"": 0}}]}, ""response"": {""answer"": ""네, 스마트 온도 조절기는 비교적 경제적입니다. 초기 설치 비용이 들지만, 장기적으로 에너지 절감 효과가 큽니다. 결국 절약된 전기세로 초기 비용을 회수할 수 있을 거예요.""}}"
1,2024-08-12 6:54:16,update_idea,"{""title"": ""기숙사 탄소배출 저감 시스테"", ""problem"": ""기숙사 거주 학생들은 전기요금 부담이 없기 때문에 에어컨을 무분별하게 사용하여 전력 낭비가 심각합니다. 특히, 외출 시에도 에어컨을 가동시켜 두는 경우가 많아 불필요한 에너지 소비가 발생하고 있습니다."", ""idea"": ""1. 게이트 정보를 통합하여 사용자가 기숙사에 들어오거나 나갈 때를 정확하게 감지하도록 시스템을 개선합니다. 이를 통해 학생들이 외출 시 자동으로 에어컨 및 전등이 꺼지도록 할 수 있습니다. 2. 환경 요인과 실제 사용자 존재 유무를 구분할 수 있는 고도의 센서를 도입하고, 이 센서들의 정확도를 평가 및 테스트합니다. 센서는 사용자에게 불편함을 주지 않으면서도 효율적으로 작동해야 합니다. 3. 시스템의 이점과 기능을 명확하게 전달할 수 있는 커뮤니케이션 전략을 개발합니다. 학생들이 시스템의 필요성과 장기적인 경제적 이득을 이해할 수 있도록 구체적인 정보를 제공합니다. 4. 학생들의 실제 생활 패턴과 불편 사항을 파악하기 위해 설문조사를 실시합니다. 이를 통해 시스템을 학생들의 의견에 맞추어 조정하고 개선 방안을 모색합니다. 5. 에너지 절약에 따른 장기적인 경제적 이점을 강조하여, 이 시스템이 학교뿐만 아니라 학생들에게도 이익이 됨을 알립니다. 또한, 절약된 전기 사용량에 대한 데이터를 학생들에게 투명하게 공개하여 신뢰를 쌓습니다. 6. 설문조사를 통해 학생들이 가장 흔하게 겪는 불편 사항을 식별하고, 이러한 문제들을 시스템 설계에 반영합니다. 예를 들어, 에어컨 온도 조절의 유연성을 개선할 수 있습니다.""}"
1,2024-08-12 6:54:20,finish,