user_id,timestamp,tag,data
1,2024-08-12 6:07:39,start,
1,2024-08-12 6:08:55,user_feedaback,"{""user_input"": ""입양대상이 되는 동물은 무엇이 있나요?"", ""category"": [{""sentence"": ""입양대상이 되는 동물은 무엇이 있나요?"", ""categories"": ""Question"", ""type"": ""Low-Level""}], ""new_knowledge"": [""Understanding the target audience is crucial for designing an effective service.""], ""new_actionPlan"": [""Clearly define the target audience for the service and tailor the design to meet their specific needs.""], ""new_thinking"": ""서비스의 타겟 대상을 명확히 정의하는 것이 중요하구나."", ""evaluation"": {""sentences"": [{""sentence"": ""입양대상이 되는 동물은 무엇이 있나요?"", ""categories"": ""Question"", ""type"": ""Low-Level"", ""knowledge"": ""Clarification on the types of animals available for adoption."", ""evaluation"": {""timely"": 5, ""relevance"": 4, ""high-level"": 1, ""specificity"": 0, ""justification"": 0, ""active"": 0, ""sentiment"": 0}}]}, ""response"": {""answer"": ""주로 개와 고양이를 입양 대상으로 생각하고 있습니다.""}}"
1,2024-08-12 6:09:22,user_feedaback,"{""user_input"": ""유기된 동물들을 위주로 진행하나요?"", ""category"": [{""sentence"": ""유기된 동물들을 위주로 진행하나요?"", ""categories"": ""Question"", ""type"": ""Low-Level""}], ""new_knowledge"": [""Considering the specific needs of different types of animals can enhance the effectiveness of a service.""], ""new_actionPlan"": [""Evaluate the specific needs and challenges of different types of animals to tailor the service accordingly.""], ""new_thinking"": ""다양한 동물의 특정 요구 사항을 고려하면 서비스의 효과를 높일 수 있겠어."", ""evaluation"": {""sentences"": [{""sentence"": ""유기된 동물들을 위주로 진행하나요?"", ""categories"": ""Question"", ""type"": ""Low-Level"", ""knowledge"": ""The mentor is asking if the platform focuses on abandoned animals."", ""evaluation"": {""timely"": 5, ""relevance"": 5, ""high-level"": 1, ""specificity"": 0, ""justification"": 0, ""active"": 0, ""sentiment"": 0}}]}, ""response"": {""answer"": ""네, 주로 유기된 동물들을 입양 대상으로 고려하고 있습니다.""}}"
1,2024-08-12 6:09:57,user_feedaback,"{""user_input"": ""입양대상이 되기 전 대상 동물들은 어떻게 보호, 관리되나요?"", ""category"": [{""sentence"": ""입양대상이 되기 전 대상 동물들은 어떻게 보호, 관리되나요?"", ""categories"": ""Question"", ""type"": ""Low-Level""}], ""new_knowledge"": [""Understanding the current care and management of the target animals can inform better service design.""], ""new_actionPlan"": [""Research how the target animals are currently being cared for and managed to identify areas for improvement in the service design.""], ""new_thinking"": ""입양 대상 동물들이 현재 어떻게 보살핌을 받고 관리되는지 이해하는 것이 중요하구나."", ""evaluation"": {""sentences"": [{""sentence"": ""입양대상이 되기 전 대상 동물들은 어떻게 보호, 관리되나요?"", ""categories"": ""Question"", ""type"": ""Low-Level"", ""knowledge"": ""The feedback asks about the protection and management of animals before they become eligible for adoption."", ""evaluation"": {""timely"": 5, ""relevance"": 4, ""high-level"": 1, ""specificity"": 0, ""justification"": 0, ""active"": 0, ""sentiment"": 0}}]}, ""response"": {""answer"": ""입양 전에는 보호소나 구조 단체와 협력하여 대상 동물들을 안전하게 보호하고, 건강 검진 및 필요한 치료를 제공하려 해요.""}}"
1,2024-08-12 6:11:26,user_feedaback,"{""user_input"": ""입양 희망자의 자격을 평가하는 것이 주 서비스인 것 같은데, 희망자들이 경제적 능력 평가, 가정방문 평가 등의 과정에서 기분이 나빠지거나 과하다고 생각하지는 않을까요?"", ""category"": [{""sentence"": ""입양 희망자의 자격을 평가하는 것이 주 서비스인 것 같은데,"", ""categories"": ""Statement"", ""type"": ""Evaluation""}, {""sentence"": ""희망자들이 경제적 능력 평가, 가정방문 평가 등의 과정에서 기분이 나빠지거나 과하다고 생각하지는 않을까요?"", ""categories"": ""Question"", ""type"": ""Deep Reasoning""}], ""new_knowledge"": [""Evaluating the qualifications of potential adopters is crucial for ensuring responsible pet ownership."", ""Evaluating the emotional readiness of potential adopters is as important as assessing their economic and environmental suitability.""], ""new_actionPlan"": [""Incorporate a thorough evaluation process to assess the qualifications and readiness of potential adopters."", ""Incorporate an emotional readiness assessment into the adoption process to ensure potential adopters are fully prepared for the responsibilities of pet ownership.""], ""new_thinking"": ""입양 희망자의 자격을 평가하는 것이 책임감 있는 반려동물 입양을 보장하는 데 중요하구나. 입양 희망자의 경제적, 환경적 적합성뿐만 아니라 정서적 준비 상태도 평가해야 해."", ""evaluation"": {""sentences"": [{""sentence"": ""입양 희망자의 자격을 평가하는 것이 주 서비스인 것 같은데,"", ""categories"": ""Statement"", ""type"": ""Evaluation"", ""knowledge"": ""The main service seems to be evaluating the qualifications of adoption applicants."", ""evaluation"": {""specificity"": 5, ""justification"": 4, ""active"": 3, ""sentiment"": 0}}, {""sentence"": ""희망자들이 경제적 능력 평가, 가정방문 평가 등의 과정에서 기분이 나빠지거나 과하다고 생각하지는 않을까요?"", ""categories"": ""Question"", ""type"": ""Deep Reasoning"", ""knowledge"": ""Applicants might feel uncomfortable or think the evaluations are excessive."", ""evaluation"": {""timely"": 5, ""relevance"": 5, ""high-level"": 5, ""sentiment"": 0}}]}, ""response"": {""answer"": ""네, 그럴 수도 있겠네요. 금융 평가나 가정방문 평가가 부담스러울 수 있겠죠. 그래도 반려동물의 잘못된 입양을 막기 위해서는 꼭 필요한 과정이라서, 최대한 친절하고 공정하게 진행해야겠어요.""}}"
1,2024-08-12 6:12:15,user_feedaback,"{""user_input"": ""반려동물을 키울 때 경제적 능혁, 동물에 대한 이해도가 꼭 필요하다는 사실이 일반 대중에게 잘 알려지지 않은 것 같아요. 입양 희망자에게 이런 사실을 알려주는 단계도 있나요?"", ""category"": [{""sentence"": ""반려동물을 키울 때 경제적 능혁, 동물에 대한 이해도가 꼭 필요하다는 사실이 일반 대중에게 잘 알려지지 않은 것 같아요."", ""categories"": ""Statement"", ""type"": ""Evaluation""}, {""sentence"": ""입양 희망자에게 이런 사실을 알려주는 단계도 있나요?"", ""categories"": ""Question"", ""type"": ""Low-Level""}], ""new_knowledge"": [""Communicating the importance of economic capability and understanding of pet care to the general public is essential."", ""Providing clear and transparent information to users can help manage their expectations and improve their experience.""], ""new_actionPlan"": [""Develop a communication strategy to effectively convey the importance of economic capability and understanding of pet care to potential adopters."", ""Ensure that all steps and requirements of the adoption process are clearly communicated to potential adopters to manage their expectations and reduce any potential discomfort.""], ""new_thinking"": ""경제적 능력과 반려동물 돌봄에 대한 이해의 중요성을 일반 대중에게 효과적으로 전달하는 것이 중요하구나. 입양 희망자에게 모든 절차와 요구사항을 명확하게 전달하는 것이 중요하구나."", ""evaluation"": {""sentences"": [{""sentence"": ""반려동물을 키울 때 경제적 능혁, 동물에 대한 이해도가 꼭 필요하다는 사실이 일반 대중에게 잘 알려지지 않은 것 같아요."", ""categories"": ""Statement"", ""type"": ""Evaluation"", ""knowledge"": ""General public may not be aware of the financial and understanding requirements for pet ownership."", ""evaluation"": {""specificity"": 5, ""justification"": 5, ""active"": 4, ""sentiment"": 0}}, {""sentence"": ""입양 희망자에게 이런 사실을 알려주는 단계도 있나요?"", ""categories"": ""Question"", ""type"": ""Low-Level"", ""knowledge"": ""Is there a stage to inform potential adopters about the financial and understanding requirements?"", ""evaluation"": {""timely"": 5, ""relevance"": 5, ""high-level"": 2, ""specificity"": 0, ""justification"": 0, ""active"": 0, ""sentiment"": 0}}]}, ""response"": {""answer"": ""네, 입양 전 온라인 교육 프로그램에 그런 내용을 포함할 거예요. 경제적 부담, 시간 관리, 동물의 기본적인 필요사항 등을 충분히 설명하려 합니다.""}}"
1,2024-08-12 6:12:17,student_question,"{""question"": ""경제적 능력 평가나 가정방문 평가를 도입할 때, 입양 희망자들이 부담을 덜 느끼게 하는 방법이 있을까요?""}"
1,2024-08-12 6:13:14,user_feedaback,"{""user_input"": ""반려동물을 키워보지 않은 사람들도 한번에 납득할 수 있게 공신력 있는 자료와 함께 설명하면 좋을 것 같아요. 또한 평가자가 충분히 전문성 있는 사람인지도 보여주어야 할 것 같아요."", ""category"": [{""sentence"": ""반려동물을 키워보지 않은 사람들도 한번에 납득할 수 있게 공신력 있는 자료와 함께 설명하면 좋을 것 같아요."", ""categories"": ""Statement"", ""type"": ""Recommendation""}, {""sentence"": ""또한 평가자가 충분히 전문성 있는 사람인지도 보여주어야 할 것 같아요."", ""categories"": ""Statement"", ""type"": ""Recommendation""}], ""new_knowledge"": [""Providing comprehensive and accessible information can help attract and educate potential users."", ""Ensuring evaluators are sufficiently qualified is crucial for maintaining the credibility of the evaluation process.""], ""new_actionPlan"": [""Develop a detailed and user-friendly information resource to educate potential adopters about pet care responsibilities."", ""Verify that evaluators have the necessary expertise and qualifications to assess potential adopters effectively.""], ""new_thinking"": ""포괄적이고 접근하기 쉬운 정보를 제공하면 잠재적인 사용자들을 끌어들이고 교육하는 데 도움이 될 수 있겠어. 평가자가 충분히 전문성을 갖추고 있는지 확인하는 것이 중요하구나."", ""evaluation"": {""sentences"": [{""sentence"": ""반려동물을 키워보지 않은 사람들도 한번에 납득할 수 있게 공신력 있는 자료와 함께 설명하면 좋을 것 같아요."", ""categories"": ""Statement"", ""type"": ""Recommendation"", ""knowledge"": ""Use credible sources to explain to those who have never raised pets."", ""evaluation"": {""specificity"": 5, ""justification"": 5, ""active"": 5, ""sentiment"": 1}}, {""sentence"": ""또한 평가자가 충분히 전문성 있는 사람인지도 보여주어야 할 것 같아요."", ""categories"": ""Statement"", ""type"": ""Recommendation"", ""knowledge"": ""Show that the evaluator is sufficiently professional."", ""evaluation"": {""specificity"": 4, ""justification"": 4, ""active"": 4, ""sentiment"": 1}}]}, ""response"": {""answer"": ""네, 그럴 것 같아요. 평가 과정에서 공신력 있는 자료나 통계를 제공하고, 평가자의 전문성을 강조하는 게 중요해요. 이런 방법으로 입양 희망자들이 평가를 더 신뢰하고 받아들일 수 있을 것 같아요.""}}"
1,2024-08-12 6:13:54,user_feedaback,"{""user_input"": ""계약서는 어떻게 구성되어있나요? 법적 효력이 있는 계약서인가요?"", ""category"": [{""sentence"": ""계약서는 어떻게 구성되어있나요?"", ""categories"": ""Question"", ""type"": ""Low-Level""}, {""sentence"": ""법적 효력이 있는 계약서인가요?"", ""categories"": ""Question"", ""type"": ""Low-Level""}], ""new_knowledge"": [""Ensuring clarity and comprehensiveness in documentation is essential for user understanding."", ""Ensuring legal effectiveness of agreements is crucial for maintaining trust and compliance.""], ""new_actionPlan"": [""Review and refine the adoption contract to ensure it is clear, comprehensive, and easily understandable for adopters."", ""Consult with legal experts to draft legally binding and effective agreements for the adoption process.""], ""new_thinking"": ""계약서는 입양자들이 쉽게 이해할 수 있도록 명확하고 포괄적으로 작성해야 해. 계약서의 법적 효력을 확실히 해야 신뢰와 준수를 유지할 수 있겠구나."", ""evaluation"": {""sentences"": [{""sentence"": ""계약서는 어떻게 구성되어있나요?"", ""categories"": ""Question"", ""type"": ""Low-Level"", ""knowledge"": ""The mentor is asking about the structure of the contract."", ""evaluation"": {""timely"": 5, ""relevance"": 5, ""high-level"": 1, ""specificity"": 0, ""justification"": 0, ""active"": 0, ""sentiment"": 0}}, {""sentence"": ""법적 효력이 있는 계약서인가요?"", ""categories"": ""Question"", ""type"": ""Low-Level"", ""knowledge"": ""The mentor is inquiring about the legal validity of the contract."", ""evaluation"": {""timely"": 5, ""relevance"": 5, ""high-level"": 1, ""specificity"": 0, ""justification"": 0, ""active"": 0, ""sentiment"": 0}}]}, ""response"": {""answer"": ""계약서는 동물의 건강 상태, 필요한 돌봄 사항, 그리고 입양자의 의무와 책임을 명시할 거예요. 법적 효력이 있도록 법률 자문을 받을 예정이에요.""}}"
1,2024-08-12 6:15:19,user_feedaback,"{""user_input"": ""법적 효력이 있다면 입양 희망자가 큰 부담을 느낄수도 있을 것 같아요. 왜 법적효력이 있도록 하고싶은 거죠?"", ""category"": [{""sentence"": ""법적 효력이 있다면 입양 희망자가 큰 부담을 느낄수도 있을 것 같아요."", ""categories"": ""Statement"", ""type"": ""Evaluation""}, {""sentence"": ""왜 법적효력이 있도록 하고싶은 거죠?"", ""categories"": ""Question"", ""type"": ""Deep Reasoning""}], ""new_knowledge"": [""Ensuring legal effectiveness of agreements can help mitigate user concerns."", ""Ensuring legal effectiveness of agreements is crucial for maintaining trust and compliance.""], ""new_actionPlan"": [""Consult with legal experts to ensure that all agreements are legally binding and clearly communicate this to potential adopters."", ""Consult with legal experts to draft agreements that are legally binding and clear to all parties involved.""], ""new_thinking"": ""법적 효력이 있으면 입양 희망자가 큰 부담을 느낄 수도 있겠구나. 계약서의 법적 효력이 신뢰와 준수를 유지하는 데 중요하구나."", ""evaluation"": {""sentences"": [{""sentence"": ""법적 효력이 있다면 입양 희망자가 큰 부담을 느낄수도 있을 것 같아요."", ""categories"": ""Statement"", ""type"": ""Evaluation"", ""knowledge"": ""Legal enforceability might cause significant stress for potential adopters."", ""evaluation"": {""specificity"": 5, ""justification"": 5, ""active"": 4, ""sentiment"": -1}}, {""sentence"": ""왜 법적효력이 있도록 하고싶은 거죠?"", ""categories"": ""Question"", ""type"": ""Deep Reasoning"", ""knowledge"": ""The mentor is inquiring about the rationale behind making the contract legally binding."", ""evaluation"": {""timely"": 5, ""relevance"": 5, ""high-level"": 5, ""sentiment"": 0}}]}, ""response"": {""answer"": ""법적 효력이 있는 계약서로 함으로써 입양자의 책임감을 더 확실히 할 수 있어요. 부주의한 입양을 방지하고, 정말로 동물을 돌볼 준비가 되어 있는 사람만이 입양할 수 있게 하는 게 목표입니다.""}}"
1,2024-08-12 6:16:09,user_feedaback,"{""user_input"": ""정기방문에 대해서도 이야기해보고 싶어요. 정기 방문은 누가 주체가 되는 것인가요? 어떤 절차로 구성되나요?"", ""category"": [{""sentence"": ""정기방문에 대해서도 이야기해보고 싶어요."", ""categories"": ""Statement"", ""type"": ""Evaluation""}, {""sentence"": ""정기 방문은 누가 주체가 되는 것인가요?"", ""categories"": ""Question"", ""type"": ""Low-Level""}, {""sentence"": ""어떤 절차로 구성되나요?"", ""categories"": ""Question"", ""type"": ""Low-Level""}], ""new_knowledge"": [""Regular follow-ups are essential for ensuring ongoing compliance and support."", ""Identifying the responsible party for regular check-ins is crucial for maintaining accountability."", ""Understanding the structure of a process is essential for clarity and efficiency.""], ""new_actionPlan"": [""Implement a system for regular follow-ups to monitor and support users continuously."", ""Clearly define and communicate who will be responsible for conducting regular check-ins with adopters."", ""Clearly define and document the structure of each step in the adoption process to ensure clarity and efficiency.""], ""new_thinking"": ""정기적인 팔로우업이 지속적인 준수와 지원을 보장하는 데 필수적이구나. 정기 방문은 누가 주체가 되는 것이 중요하구나. 과정의 구조를 명확히 이해하는 것이 중요하구나."", ""evaluation"": {""sentences"": [{""sentence"": ""정기방문에 대해서도 이야기해보고 싶어요."", ""categories"": ""Statement"", ""type"": ""Evaluation"", ""knowledge"": ""The mentor wants to discuss the regular visits aspect of the design."", ""evaluation"": {""specificity"": 4, ""justification"": 3, ""active"": 3, ""sentiment"": 0}}, {""sentence"": ""정기 방문은 누가 주체가 되는 것인가요?"", ""categories"": ""Question"", ""type"": ""Low-Level"", ""knowledge"": ""The mentor is asking who will be responsible for the regular visits."", ""evaluation"": {""timely"": 4, ""relevance"": 5, ""high-level"": 1, ""sentiment"": 0}}, {""sentence"": ""어떤 절차로 구성되나요?"", ""categories"": ""Question"", ""type"": ""Low-Level"", ""knowledge"": ""The mentor is asking about the procedures involved in the regular visits."", ""evaluation"": {""timely"": 4, ""relevance"": 5, ""high-level"": 1, ""sentiment"": 0}}]}, ""response"": {""answer"": ""정기 방문은 전문 상담사가 주체가 될 거예요. 주기적으로 가정 방문해서 반려동물의 건강과 생활 환경을 체크할 거예요. 절차는 사전 일정 조율, 현장 방문, 상담, 평가 순으로 진행됩니다.""}}"
1,2024-08-12 6:16:11,student_question,"{""question"": ""정기 방문을 통해 반려동물의 건강과 생활 환경을 체크할 때, 평가자와 입양자가 신뢰 관계를 형성하는 데 도움이 될 만한 접근 방법이 있을까요?""}"
1,2024-08-12 6:18:04,user_feedaback,"{""user_input"": ""입양자의 자격을 심사하던 평가자라면 쉽게 신뢰를 쌓을 수 있을거에요. 또한 평가자는 바꾸지 않고 오래 유지해야 입양자의 상황을 더 잘 이해할 수 있을 것이에요. 정기방문 평가 기준을 다 똑같이 적용하지 말고 입양자의 상황에 맞게 한다면 좋을 것 같은데 가능할까요?"", ""category"": [{""sentence"": ""입양자의 자격을 심사하던 평가자라면 쉽게 신뢰를 쌓을 수 있을거에요."", ""categories"": ""Statement"", ""type"": ""Evaluation""}, {""sentence"": ""또한 평가자는 바꾸지 않고 오래 유지해야 입양자의 상황을 더 잘 이해할 수 있을 것이에요."", ""categories"": ""Statement"", ""type"": ""Recommendation""}, {""sentence"": ""정기방문 평가 기준을 다 똑같이 적용하지 말고 입양자의 상황에 맞게 한다면 좋을 것 같은데 가능할까요?"", ""categories"": ""Question"", ""type"": ""Generate Design""}], ""new_knowledge"": [""Ensuring evaluators are sufficiently qualified is crucial for maintaining the credibility of the evaluation process."", ""Building long-term relationships with evaluators can enhance understanding of user situations."", ""Tailoring evaluation criteria to individual circumstances can improve the relevance and effectiveness of the assessment.""], ""new_actionPlan"": [""Ensure that evaluators have the necessary qualifications and expertise to conduct assessments credibly."", ""Develop strategies to ensure evaluators maintain long-term relationships with adopters to better understand their situations."", ""Consider customizing the evaluation criteria based on the specific circumstances of each adopter to ensure a more relevant and effective assessment process.""], ""new_thinking"": ""평가자가 충분한 자격을 갖추는 것이 평가 과정의 신뢰성을 유지하는 데 중요하구나. 평가자와의 장기적인 관계 형성이 입양자의 상황을 더 잘 이해하는 데 도움이 될 수 있겠구나. 평가 기준을 입양자의 상황에 맞게 조정하면 더 효과적일 수 있겠어."", ""evaluation"": {""sentences"": [{""sentence"": ""입양자의 자격을 심사하던 평가자라면 쉽게 신뢰를 쌓을 수 있을거에요."", ""categories"": ""Statement"", ""type"": ""Evaluation"", ""knowledge"": ""An evaluator who has previously assessed the adopter's qualifications can easily build trust."", ""evaluation"": {""specificity"": 5, ""justification"": 4, ""active"": 3, ""sentiment"": 1}}, {""sentence"": ""또한 평가자는 바꾸지 않고 오래 유지해야 입양자의 상황을 더 잘 이해할 수 있을 것이에요."", ""categories"": ""Statement"", ""type"": ""Recommendation"", ""knowledge"": ""Keeping the same evaluator for a long time helps in better understanding the adopter's situation."", ""evaluation"": {""specificity"": 5, ""justification"": 5, ""active"": 4, ""sentiment"": 1}}, {""sentence"": ""정기방문 평가 기준을 다 똑같이 적용하지 말고 입양자의 상황에 맞게 한다면 좋을 것 같은데 가능할까요?"", ""categories"": ""Question"", ""type"": ""Generate Design"", ""knowledge"": ""It might be beneficial to tailor regular visit evaluation criteria to the adopter's situation."", ""evaluation"": {""timely"": 5, ""relevance"": 5, ""high-level"": 4, ""sentiment"": 1}}]}, ""response"": {""answer"": ""네, 그럴 수 있도록 평가 기준을 입양자별 상황에 맞게 유연하게 적용할 계획이에요. 입양자의 생활 환경과 능력에 맞춘 맞춤형 지원을 제공할 수 있도록 노력할게요. 평가자가 지속적으로 같은 사람으로 유지되는 것도 반영하겠습니다.""}}"
1,2024-08-12 6:18:56,user_feedaback,"{""user_input"": ""입양자가 반려동물의 상태를 온라인으로 보고할 수 있다고 했는데 그럼 앱이나 웹사이트가 있는것인가요?"", ""category"": [{""sentence"": ""입양자가 반려동물의 상태를 온라인으로 보고할 수 있다고 했는데 그럼 앱이나 웹사이트가 있는것인가요?"", ""categories"": ""Question"", ""type"": ""Low-Level""}, {""sentence"": ""그럼 앱이나 웹사이트가 있는것인가요?"", ""categories"": ""Question"", ""type"": ""Feature Specification""}], ""new_knowledge"": [""Providing online tools for monitoring can enhance user engagement and accountability."", ""Providing a digital platform can enhance accessibility and user engagement.""], ""new_actionPlan"": [""Develop an app or website feature that allows adopters to report their pet's status regularly."", ""Develop a user-friendly app or website to facilitate the adoption process and provide ongoing support.""], ""new_thinking"": ""온라인 도구를 제공하면 사용자 참여와 책임감을 높일 수 있겠어. 디지털 플랫폼을 제공하면 접근성과 사용자 참여를 높일 수 있겠구나."", ""evaluation"": {""sentences"": [{""sentence"": ""입양자가 반려동물의 상태를 온라인으로 보고할 수 있다고 했는데 그럼 앱이나 웹사이트가 있는것인가요?"", ""categories"": ""Question"", ""type"": ""Low-Level"", ""knowledge"": ""The mentor is asking if there is an app or website for reporting the pet's status online."", ""evaluation"": {""timely"": 5, ""relevance"": 5, ""high-level"": 1, ""specificity"": 0, ""justification"": 0, ""active"": 0, ""sentiment"": 0}}, {""sentence"": ""그럼 앱이나 웹사이트가 있는것인가요?"", ""categories"": ""Question"", ""type"": ""Feature Specification"", ""knowledge"": ""The mentor is inquiring about the existence of an app or website."", ""evaluation"": {""timely"": 5, ""relevance"": 5, ""high-level"": 1, ""specificity"": 0, ""justification"": 0, ""active"": 0, ""sentiment"": 0}}]}, ""response"": {""answer"": ""네, 반려동물의 상태를 보고하기 위한 전용 앱과 웹사이트를 운영할 계획이에요. 입양자는 언제든지 쉽게 접근할 수 있도록 사용자 친화적으로 디자인할 겁니다.""}}"
1,2024-08-12 6:19:14,user_feedaback,"{""user_input"": ""어떤 문제들을 보고할 수 있나요?"", ""category"": [{""sentence"": ""어떤 문제들을 보고할 수 있나요?"", ""categories"": ""Question"", ""type"": ""Low-Level""}], ""new_knowledge"": [""Identifying potential issues early can help in designing more effective solutions.""], ""new_actionPlan"": [""Conduct a thorough analysis to identify potential issues that may arise in the service design.""], ""new_thinking"": ""잠재적인 문제를 미리 파악하는 것이 더 효과적인 솔루션을 설계하는 데 도움이 될 수 있겠어."", ""evaluation"": {""sentences"": [{""sentence"": ""어떤 문제들을 보고할 수 있나요?"", ""categories"": ""Question"", ""type"": ""Low-Level"", ""knowledge"": ""The mentor is asking about the types of issues that can be reported."", ""evaluation"": {""timely"": 5, ""relevance"": 5, ""high-level"": 1, ""specificity"": 0, ""justification"": 0, ""active"": 0, ""sentiment"": 0}}]}, ""response"": {""answer"": ""입양자는 반려동물의 건강 상태, 행동 변화, 돌봄의 어려움 등 다양한 문제를 보고할 수 있어요. 이렇게 하면 문제가 발생했을 때 신속하게 정보 공유하고 해결할 수 있어요.""}}"
1,2024-08-12 6:19:18,student_question,"{""question"": ""온라인 교육 프로그램에서 입양 희망자에게 정보를 충분히 제공하는 것 외에도 감정적인 준비 상태를 누구와 어떻게 평가하는 것이 좋을 지 조언을 주실 수 있을까요?""}"
1,2024-08-12 6:19:52,user_feedaback,"{""user_input"": ""감정적인 준비 상태가 정확히 어떤 것을 말하는 것일까요?"", ""category"": [{""sentence"": ""감정적인 준비 상태가 정확히 어떤 것을 말하는 것일까요?"", ""categories"": ""Question"", ""type"": ""Low-Level""}, {""sentence"": ""What does X mean?"", ""categories"": ""Question"", ""type"": ""Definition""}], ""new_knowledge"": [""Evaluating the emotional readiness of users is crucial for ensuring their suitability for a service."", ""Clarifying terminology is essential for effective communication.""], ""new_actionPlan"": [""Develop a method to assess the emotional readiness of potential adopters as part of the evaluation process."", ""Ensure all terms and concepts used in the design are clearly defined and understood by all stakeholders.""], ""new_thinking"": ""입양 희망자의 감정적 준비 상태를 평가하는 것이 중요하구나. 용어를 명확히 정의하는 것이 효과적인 소통에 필수적이구나."", ""evaluation"": {""sentences"": [{""sentence"": ""감정적인 준비 상태가 정확히 어떤 것을 말하는 것일까요?"", ""categories"": ""Question"", ""type"": ""Low-Level"", ""knowledge"": ""Clarification of emotional readiness is needed."", ""evaluation"": {""timely"": 5, ""relevance"": 5, ""high-level"": 1, ""specificity"": 0, ""justification"": 0, ""active"": 0, ""sentiment"": 0}}, {""sentence"": ""What does X mean?"", ""categories"": ""Question"", ""type"": ""Definition"", ""knowledge"": ""Clarification of a term is needed."", ""evaluation"": {""timely"": 5, ""relevance"": 5, ""high-level"": 1, ""specificity"": 0, ""justification"": 0, ""active"": 0, ""sentiment"": 0}}]}, ""response"": {""answer"": ""감정적인 준비 상태는 반려동물을 돌보는 데 필요한 감정적 안정성과 책임감을 뜻해요. 예를 들어, 스트레스 상황에서의 대응이나 돌봄의 지속성 같은 부분을 평가할 수 있을 것 같아요.""}}"
1,2024-08-12 6:21:13,user_feedaback,"{""user_input"": ""실제로 반려동물을 키우는 사람들의 경험담이 도움될 수 있을 것 같아요. 사람들이 흔히 생각하지 못하는 병원비 문제나 반려동물이 주는 단점들을 실감있게 알 수 있을 것이에요. 그럼에도 불구하고 반려동물이 주는 장점도 알 수있을것같아요"", ""category"": [{""sentence"": ""실제로 반려동물을 키우는 사람들의 경험담이 도움될 수 있을 것 같아요."", ""categories"": ""Statement"", ""type"": ""Recommendation""}, {""sentence"": ""사람들이 흔히 생각하지 못하는 병원비 문제나 반려동물이 주는 단점들을 실감있게 알 수 있을 것이에요."", ""categories"": ""Statement"", ""type"": ""Information""}, {""sentence"": ""그럼에도 불구하고 반려동물이 주는 장점도 알 수있을것같아요"", ""categories"": ""Statement"", ""type"": ""Information""}], ""new_knowledge"": [""Leveraging the experiences of current pet owners can provide valuable insights for new adopters."", ""Understanding the hidden challenges and costs associated with a service can improve user preparedness."", ""Understanding the benefits of pet ownership can enhance user engagement.""], ""new_actionPlan"": [""Incorporate testimonials or case studies from experienced pet owners into the educational materials to provide practical insights for new adopters."", ""Incorporate detailed information about hidden challenges and costs in the educational materials to better prepare users."", ""Include information about the benefits of pet ownership in the educational materials to motivate potential adopters.""], ""new_thinking"": ""현재 반려동물을 키우는 사람들의 경험담이 큰 도움이 될 수 있겠구나. 사람들이 흔히 생각하지 못하는 병원비 문제나 반려동물이 주는 단점들을 실감있게 알 수 있을 것이에요. 반려동물이 주는 장점도 알려주면 좋겠어."", ""evaluation"": {""sentences"": [{""sentence"": ""실제로 반려동물을 키우는 사람들의 경험담이 도움될 수 있을 것 같아요."", ""categories"": ""Statement"", ""type"": ""Recommendation"", ""knowledge"": ""Experience from actual pet owners can be helpful."", ""evaluation"": {""specificity"": 5, ""justification"": 4, ""active"": 5, ""sentiment"": 1}}, {""sentence"": ""사람들이 흔히 생각하지 못하는 병원비 문제나 반려동물이 주는 단점들을 실감있게 알 수 있을 것이에요."", ""categories"": ""Statement"", ""type"": ""Information"", ""knowledge"": ""People can realistically understand the issues like vet bills and downsides of owning pets."", ""evaluation"": {""specificity"": 5, ""justification"": 5, ""active"": 4, ""sentiment"": 1}}, {""sentence"": ""그럼에도 불구하고 반려동물이 주는 장점도 알 수있을것같아요"", ""categories"": ""Statement"", ""type"": ""Information"", ""knowledge"": ""Despite the downsides, people can also understand the benefits of owning pets."", ""evaluation"": {""specificity"": 4, ""justification"": 4, ""active"": 4, ""sentiment"": 1}}]}, ""response"": {""answer"": ""경험담을 통해 입양 준비와 감정적 안정성을 설득력 있게 전달할 수 있을 것 같아요. 병원비 문제나 부정적인 측면도 솔직히 알려주되, 반려동물이 주는 긍정적인 효과도 강조하면 될 것 같습니다.""}}"
1,2024-08-12 6:21:50,update_idea,"{""title"": ""Petit - 책임감 있는 반려동물 입양 플랫폼"", ""problem"": ""반려동물을 입양한 후 돌볼 능력이나 책임감이 부족해 유기동물로 전락하는 사례가 많은 문제를 해결하기 위해, 입양 과정에서 충분한 교육과 입양 준비 절차를 지원하고, 입양 후 지속적인 지원을 제공하는 서비스 개선이 필요합니다."", ""idea"": ""Petit은 반려동물 입양 과정을 개선하여 입양 전, 후의 종합적인 지원을 통해 입양자들이 반려동물을 책임지고 돌볼 수 있도록 돕습니다. 첫째, 반려동물의 종류와 특성에 맞춘 맞춤 교육을 포함하는 온라인 교육 프로그램을 개발하여 입양 희망자가 동물의 건강 관리, 행동 교정 방법 등을 학습할 수 있도록 합니다. 둘째, 입양 희망자의 경제적 상태, 거주 환경, 감정적 준비 상태를 평가하는 과정을 통합하여 입양자의 적합성을 종합적으로 평가합니다. 이 평가 과정은 전문적인 평가자가 관리하며, 입양자는 이 평가 과정을 통해 자신이 진정으로 준비되었는지 스스로 확인할 수 있습니다. 셋째, 법적 효력이 있는 계약서를 작성하여 입양 후의 의무와 책임을 명확히 합니다. 이 계약서는 입양자가 반려동물을 돌보는데 있어서 법적인 지원을 받을 수 있도록 구성됩니다. 넷째, 정기적인 방문 및 상황에 맞는 평가 기준을 적용하여 입양 후에도 지속적인 지원과 모니터링을 실시합니다. 다섯째, 전용 앱과 웹사이트를 통해 입양자가 반려동물의 상태를 정기적으로 보고할 수 있도록 하고, 이를 통해 문제가 발생했을 때 신속한 대책을 수립할 수 있게 합니다. 마지막으로, 교육 자료에는 실제 반려동물을 돌보는 사람들의 경험담을 포함하여, 입양 희망자가 현실적인 돌봄의 어려움과 기쁨을 모두 이해할 수 있도록 합니다.""}"
1,2024-08-12 6:22:34,user_feedaback,"{""user_input"": ""다른 입양 희망자와 교류할 수 있는 방법이 있으면 좋을 것 같은데 어떻게 생각하나요"", ""category"": [{""sentence"": ""다른 입양 희망자와 교류할 수 있는 방법이 있으면 좋을 것 같은데 어떻게 생각하나요"", ""categories"": ""Question"", ""type"": ""Generate Design""}], ""new_knowledge"": [""Facilitating peer interaction can enhance user experience and support.""], ""new_actionPlan"": [""Implement a feature that allows adopters to connect and share experiences with each other.""], ""new_thinking"": ""다른 입양 희망자와 교류할 수 있는 방법이 있으면 좋겠어."", ""evaluation"": {""sentences"": [{""sentence"": ""다른 입양 희망자와 교류할 수 있는 방법이 있으면 좋을 것 같은데 어떻게 생각하나요"", ""categories"": ""Question"", ""type"": ""Generate Design"", ""knowledge"": ""Considering ways for adopters to interact with each other could be beneficial."", ""evaluation"": {""timely"": 5, ""relevance"": 5, ""high-level"": 5, ""specificity"": 0, ""justification"": 0, ""active"": 0, ""sentiment"": 1}}]}, ""response"": {""answer"": ""좋은 생각인 것 같아요. 입양 희망자들이 커뮤니티를 통해 서로 경험을 공유하고, 조언을 얻을 수 있도록 포럼이나 채팅 기능을 추가하면 좋겠어요.""}}"
1,2024-08-12 6:23:05,user_feedaback,"{""user_input"": ""입양희망자가 자격을 갖춘 후에는 어떤식으로 반려동물과 매칭되나요?"", ""category"": [{""sentence"": ""입양희망자가 자격을 갖춘 후에는 어떤식으로 반려동물과 매칭되나요?"", ""categories"": ""Question"", ""type"": ""Low-Level""}], ""new_knowledge"": [""Understanding the post-adoption relationship between users and the service is crucial for long-term success.""], ""new_actionPlan"": [""Develop a strategy to maintain and support the relationship between adopters and the service after the adoption process.""], ""new_thinking"": ""입양 후에도 입양자와 서비스 간의 관계를 유지하는 것이 중요하구나."", ""evaluation"": {""sentences"": [{""sentence"": ""입양희망자가 자격을 갖춘 후에는 어떤식으로 반려동물과 매칭되나요?"", ""categories"": ""Question"", ""type"": ""Low-Level"", ""knowledge"": ""The mentor is asking about the process of matching qualified adopters with pets."", ""evaluation"": {""timely"": 5, ""relevance"": 5, ""high-level"": 1, ""specificity"": 0, ""justification"": 0, ""active"": 0, ""sentiment"": 0}}]}, ""response"": {""answer"": ""입양 희망자가 자격을 갖춘 후에는 그들의 생활 환경과 반려동물의 특성을 고려해 매칭합니다. 예를 들어, 활기찬 성격의 애완동물은 적극적인 라이프스타일을 가진 사람과, 조용한 성격의 동물은 침착한 성향의 사람과 매칭하는 식으로 진행될 거예요.""}}"
1,2024-08-12 6:23:34,user_feedaback,"{""user_input"": ""입양희망자가 선택할 수는 없나요"", ""category"": [{""sentence"": ""입양희망자가 선택할 수는 없나요"", ""categories"": ""Question"", ""type"": ""Generate Design""}], ""new_knowledge"": [""Providing options for users can enhance their engagement and satisfaction.""], ""new_actionPlan"": [""Incorporate a feature that allows adopters to choose from a variety of pets based on their preferences and lifestyle.""], ""new_thinking"": ""사용자에게 선택권을 제공하면 참여도와 만족도가 높아질 수 있겠어."", ""evaluation"": {""sentences"": [{""sentence"": ""입양희망자가 선택할 수는 없나요"", ""categories"": ""Question"", ""type"": ""Generate Design"", ""knowledge"": ""The mentor is asking if the adopters have the option to choose their pets."", ""evaluation"": {""timely"": 5, ""relevance"": 6, ""high-level"": 4, ""specificity"": 0, ""justification"": 0, ""active"": 0, ""sentiment"": 0}}]}, ""response"": {""answer"": ""입양 희망자가 선택할 수도 있어요. 반려동물의 특성을 바탕으로 추천 리스트를 제공하고, 그 중에서 선택할 수 있는 옵션을 주는 방향으로 생각하고 있어요.""}}"
1,2024-08-12 6:23:35,student_question,"{""question"": ""입양 희망자가 반려동물을 선택할 때, 어떤 정보나 자료가 제공되면 선택 과정이 더 신뢰성 있게 느껴질까요?""}"
1,2024-08-12 6:24:46,user_feedaback,"{""user_input"": ""단순히 성격등이 나와있는 프로필을 보기보다는 입양희망자와 반려동물이 직접 만나는 단계가 있었으면 좋겠어요. 실제로 살아있는 생명인만큼 직접 만나서 겪어보고 판단해야한다고 생각해요"", ""category"": [{""sentence"": ""단순히 성격등이 나와있는 프로필을 보기보다는 입양희망자와 반려동물이 직접 만나는 단계가 있었으면 좋겠어요."", ""categories"": ""Statement"", ""type"": ""Recommendation""}, {""sentence"": ""실제로 살아있는 생명인만큼 직접 만나서 겪어보고 판단해야한다고 생각해요"", ""categories"": ""Statement"", ""type"": ""Evaluation""}], ""new_knowledge"": [""Facilitating direct interaction between users and the service can enhance user engagement and satisfaction."", ""Direct interaction with the subject can provide valuable insights for decision-making.""], ""new_actionPlan"": [""Incorporate a stage in the adoption process where potential adopters can directly interact with the animals."", ""Incorporate opportunities for potential adopters to interact with animals before making a final decision.""], ""new_thinking"": ""입양 희망자와 반려동물이 직접 만나는 단계를 추가하면 사용자 참여와 만족도가 높아질 수 있겠어. 직접 만나서 경험해보는 것이 중요한가봐."", ""evaluation"": {""sentences"": [{""sentence"": ""단순히 성격등이 나와있는 프로필을 보기보다는 입양희망자와 반려동물이 직접 만나는 단계가 있었으면 좋겠어요."", ""categories"": ""Statement"", ""type"": ""Recommendation"", ""knowledge"": ""Direct interaction between adopters and pets is recommended."", ""evaluation"": {""specificity"": 6, ""justification"": 5, ""active"": 6, ""sentiment"": 1}}, {""sentence"": ""실제로 살아있는 생명인만큼 직접 만나서 겪어보고 판단해야한다고 생각해요"", ""categories"": ""Statement"", ""type"": ""Evaluation"", ""knowledge"": ""Direct interaction is necessary for making an informed decision about pet adoption."", ""evaluation"": {""specificity"": 5, ""justification"": 6, ""active"": 5, ""sentiment"": 1}}]}, ""response"": {""answer"": ""알겠습니다. 입양 희망자가 반려동물을 선택하기 전에 직접 만나는 기회를 제공하는 단계도 추가하면 좋겠어요. 실제로 만나서 서로의 성격과 호흡을 맞춰 보는 것이 중요하겠네요.""}}"
1,2024-08-12 6:25:17,user_feedaback,"{""user_input"": ""성격에 따라 매칭한다고 하였는데 반려동물의 성격은 어떻게 판단하나요?"", ""category"": [{""sentence"": ""성격에 따라 매칭한다고 하였는데 반려동물의 성격은 어떻게 판단하나요?"", ""categories"": ""Question"", ""type"": ""Low-Level""}, {""sentence"": ""반려동물의 성격은 어떻게 판단하나요?"", ""categories"": ""Question"", ""type"": ""Feature Specification""}], ""new_knowledge"": [""Understanding the criteria for evaluating characteristics is essential for making informed decisions."", ""Understanding the characteristics of the subject is crucial for making informed decisions.""], ""new_actionPlan"": [""Define clear criteria for evaluating the characteristics of the subjects involved in the service."", ""Develop a clear and detailed method for assessing the characteristics of the animals to ensure accurate matching with adopters.""], ""new_thinking"": ""평가 기준을 명확히 정의하는 것이 중요하구나. 반려동물의 성격을 정확히 파악하는 것이 중요하구나."", ""evaluation"": {""sentences"": [{""sentence"": ""성격에 따라 매칭한다고 하였는데 반려동물의 성격은 어떻게 판단하나요?"", ""categories"": ""Question"", ""type"": ""Low-Level"", ""knowledge"": ""The mentor is asking how the personality of the pet is assessed."", ""evaluation"": {""timely"": 5, ""relevance"": 5, ""high-level"": 1, ""specificity"": 0, ""justification"": 0, ""active"": 0, ""sentiment"": 0}}, {""sentence"": ""반려동물의 성격은 어떻게 판단하나요?"", ""categories"": ""Question"", ""type"": ""Feature Specification"", ""knowledge"": ""The mentor is inquiring about the method used to determine the pet's personality."", ""evaluation"": {""timely"": 5, ""relevance"": 5, ""high-level"": 1, ""specificity"": 0, ""justification"": 0, ""active"": 0, ""sentiment"": 0}}]}, ""response"": {""answer"": ""반려동물의 성격은 보호소와 협력하여 전문가들이 객관적으로 평가합니다. 동물의 행동 패턴, 반응 등을 관찰하고 기록하여 성격을 판단합니다.""}}"
1,2024-08-12 6:26:09,user_feedaback,"{""user_input"": ""요즘에는 특정 종의 동물을 과시하고싶어하는 사람들이 많다고 들었어요. 특정 종만을 원하는 입양희망자는 어떻게 대처할것인가요?"", ""category"": [{""sentence"": ""요즘에는 특정 종의 동물을 과시하고싶어하는 사람들이 많다고 들었어요."", ""categories"": ""Statement"", ""type"": ""Information""}, {""sentence"": ""특정 종만을 원하는 입양희망자는 어떻게 대처할것인가요?"", ""categories"": ""Question"", ""type"": ""Generate Design""}], ""new_knowledge"": [""Understanding current trends and user preferences can inform better service design."", ""Understanding user preferences can help tailor the service to meet their needs.""], ""new_actionPlan"": [""Research current trends and user preferences to tailor the service to meet their needs."", ""Incorporate a feature that allows users to specify their preferred pet characteristics during the adoption process.""], ""new_thinking"": ""요즘에는 특정 종류의 동물을 과시하고 싶어하는 사람들이 많다고 들었어. 사용자의 선호도를 이해하면 서비스가 그들의 요구에 맞게 조정될 수 있겠구나."", ""evaluation"": {""sentences"": [{""sentence"": ""요즘에는 특정 종의 동물을 과시하고싶어하는 사람들이 많다고 들었어요."", ""categories"": ""Statement"", ""type"": ""Information"", ""knowledge"": ""Many people nowadays want to show off specific breeds of animals."", ""evaluation"": {""specificity"": 3, ""justification"": 2, ""active"": 1, ""sentiment"": 0}}, {""sentence"": ""특정 종만을 원하는 입양희망자는 어떻게 대처할것인가요?"", ""categories"": ""Question"", ""type"": ""Generate Design"", ""knowledge"": ""How to handle adopters who only want specific breeds."", ""evaluation"": {""timely"": 5, ""relevance"": 5, ""high-level"": 4, ""sentiment"": 0}}]}, ""response"": {""answer"": ""특정 종만을 원할 경우, 그 종에 대한 입양 조건을 더 엄격히 할 필요가 있어요. 과시용이 아닌 진지한 의도를 확인하기 위해 심층인터뷰와 추가 교육을 진행하는 것도 검토하세요.""}}"
1,2024-08-12 6:27:00,update_idea,"{""title"": ""Petit - 책임감 있는 반려동물 입양 플랫폼"", ""problem"": ""반려동물을 입양한 후에 돌볼 능력이나 책임감이 부족해 유기동물로 전락하는 문제가 많으며, 실제로 반려동물을 돌보는 과정에서 예상치 못한 비용과 시간 소모, 그리고 건강 관리 소홀로 인해 동물의 건강이 나빠져 돌봄을 포기하게 되는 것이 주요 원인입니다. 이러한 문제를 해결하기 위해 입양 과정에서 충분한 교육과 입양 준비 절차를 지원하고, 입양 후에도 지속적인 지원이 필요합니다."", ""idea"": ""Petit은 다음과 같은 방법으로 반려동물 입양 과정을 개선하여 입양 전, 후의 종합적인 지원을 통해 입양자들이 반려동물을 책임지고 돌볼 수 있도록 돕습니다. 첫째, 반려동물의 종류와 특성에 맞춘 맞춤 교육을 포함하는 온라인 교육 프로그램을 개발합니다. 둘째, 입양 희망자의 경제적 상태, 거주 환경, 감정적 준비 상태를 포괄적으로 평가합니다. 셋째, 법적 효력이 있는 계약서를 작성하여 입양 후의 의무와 책임을 명확히 합니다. 넷째, 입양자와 반려동물이 서로를 직접 만나볼 수 있는 기회를 제공하고, 입양 희망자들이 반려동물을 선택할 수 있는 방법을 다양화합니다. 입양자가 직접 반려동물과 상호작용하는 단계도 포함됩니다. 다섯째, 판단력 향상을 위해 실제 반려동물을 돌보는 사람들의 경험담을 포함하여 경제적, 감정적 부담과 반려동물이 주는 장점을 설명합니다. 여섯째, 입양자 간의 교류를 가능하게 하는 커뮤니티 기능을 추가하여 지속적인 지원과 경험 공유를 장려합니다. 마지막으로, 입양 후 정기적인 방문 및 상황에 맞는 평가를 통해 지속적인 모니터링을 실시하고 입양자와 반려동물 모두에게 최적의 상황을 제공할 수 있도록 노력합니다.""}"
1,2024-08-12 6:28:20,user_feedaback,"{""user_input"": ""유기된 동물을 케어하고, 전문인력을 섭외하여 입양 희망자를 평가하고 입양후에도 케어하려면 많은 자본이 필요할 것 같아요. petit의 수익구조는 이를 감당할 수 있을까요?"", ""category"": [{""sentence"": ""유기된 동물을 케어하고, 전문인력을 섭외하여 입양 희망자를 평가하고 입양후에도 케어하려면 많은 자본이 필요할 것 같아요."", ""categories"": ""Statement"", ""type"": ""Evaluation""}, {""sentence"": ""petit의 수익구조는 이를 감당할 수 있을까요?"", ""categories"": ""Question"", ""type"": ""Deep Reasoning""}], ""new_knowledge"": [""Ensuring the involvement of experts in both pre-adoption and post-adoption phases is crucial for maintaining the quality of care."", ""Understanding the financial structure of a service is crucial for its sustainability.""], ""new_actionPlan"": [""Collaborate with experts to provide comprehensive care and evaluation both before and after adoption."", ""Analyze and establish a clear financial structure for the service to ensure its sustainability.""], ""new_thinking"": ""입양 전후로 전문가의 참여가 중요하구나. 서비스의 재정 구조를 명확히 이해하는 것이 지속 가능성을 위해 중요하구나."", ""evaluation"": {""sentences"": [{""sentence"": ""유기된 동물을 케어하고, 전문인력을 섭외하여 입양 희망자를 평가하고 입양후에도 케어하려면 많은 자본이 필요할 것 같아요."", ""categories"": ""Statement"", ""type"": ""Evaluation"", ""knowledge"": ""The proposed service will require significant capital to care for abandoned animals, hire professionals to evaluate potential adopters, and provide post-adoption care."", ""evaluation"": {""specificity"": 6, ""justification"": 6, ""active"": 5, ""sentiment"": 0}}, {""sentence"": ""petit의 수익구조는 이를 감당할 수 있을까요?"", ""categories"": ""Question"", ""type"": ""Deep Reasoning"", ""knowledge"": ""The mentor is questioning whether the revenue model of Petit can support the significant capital required for the proposed services."", ""evaluation"": {""timely"": 6, ""relevance"": 7, ""high-level"": 5, ""sentiment"": 0}}]}, ""response"": {""answer"": ""네, 자본이 많이 필요하겠죠. Petit의 수익구조는 입양 수수료, 교육 프로그램 수강료, 그리고 후원 등을 통해 마련할 계획이에요. 또한 제휴된 동물 관련 제품과 서비스를 판매하여 추가 수익을 창출하려고 합니다.""}}"
1,2024-08-12 6:29:21,user_feedaback,"{""user_input"": ""최근 동물을 내세워 제품을 판매하다가 잠적한 사기꾼 등의 사례를 많이 봤어요. 동물은 어떻게 선정할 것인가요? "", ""category"": [{""sentence"": ""최근 동물을 내세워 제품을 판매하다가 잠적한 사기꾼 등의 사례를 많이 봤어요."", ""categories"": ""Statement"", ""type"": ""Information""}, {""sentence"": ""동물은 어떻게 선정할 것인가요?"", ""categories"": ""Question"", ""type"": ""Low-Level""}], ""new_knowledge"": [""Understanding current trends and user preferences can inform better service design."", ""Understanding the criteria for selecting subjects is crucial for making informed decisions.""], ""new_actionPlan"": [""Research current trends and user preferences to tailor the service design accordingly."", ""Clearly define and document the criteria for selecting subjects to ensure informed and consistent decision-making.""], ""new_thinking"": ""현재 트렌드와 사용자 선호도를 이해하면 더 나은 서비스 디자인을 할 수 있겠어. 선정 기준을 명확히 정의하고 문서화하는 것이 중요하구나."", ""evaluation"": {""sentences"": [{""sentence"": ""최근 동물을 내세워 제품을 판매하다가 잠적한 사기꾼 등의 사례를 많이 봤어요."", ""categories"": ""Statement"", ""type"": ""Information"", ""knowledge"": ""There have been many cases of scammers using animals to sell products and then disappearing."", ""evaluation"": {""specificity"": 5, ""justification"": 4, ""active"": 2, ""sentiment"": -1}}, {""sentence"": ""동물은 어떻게 선정할 것인가요?"", ""categories"": ""Question"", ""type"": ""Low-Level"", ""knowledge"": ""The method of selecting animals is questioned."", ""evaluation"": {""timely"": 3, ""relevance"": 4, ""high-level"": 1, ""sentiment"": 0}}]}, ""response"": {""answer"": ""동물을 선별할 때, 보호소와 구조 단체의 추천을 받을 계획이에요. 또한, 각 동물의 건강 상태와 성격을 면밀하게 평가하여 입양에 적합한 동물을 선정할 거예요.""}}"
1,2024-08-12 6:29:22,student_question,"{""question"": ""최근 반려동물 입양과 관련된 새로운 트렌드나 기술이 있을까요?""}"
1,2024-08-12 6:30:09,update_idea,"{""title"": ""Petit - 책임감 있는 반려동물 입양 플랫폼"", ""problem"": ""반려동물 입양 후 적절한 돌봄이 이루어지지 못해 유기동물로 전락하는 사례가 많습니다. 이는 입양 과정에서의 충분한 교육과 지원의 부재와 입양자의 준비 부족에서 기인합니다."", ""idea"": ""Petit은 입양 전후의 종합적인 지원과 체계적인 관리를 통해 반려동물과 입양자 모두에게 최적의 환경을 제공하고자 합니다. 첫째, 전문가와 협력하여 입양 전후로 종합적인 돌봄과 평가를 제공합니다. 이를 통해 반려동물의 건강과 입양자의 준비 상태를 철저히 관리하며, 문제가 발생했을 경우 즉시 해결할 수 있는 체계를 마련합니다. 둘째, 서비스의 지속 가능성을 보장하기 위해 명확한 재정 구조를 분석하고 설정합니다. 입양 수수료, 교육 프로그램 수강료, 후원금 및 관련 제품과 서비스 매출을 포함한 다각적인 수익 구조를 구성합니다. 셋째, 사용자의 현대적 경향과 선호도를 반영하여 서비스 디자인을 맞춤화합니다. 사용자 인터페이스를 직관적이고 접근성 높게 디자인하여 사용자가 쉽게 서비스를 이용할 수 있도록 합니다. 넷째, 입양 대상 동물을 선별할 때 명확하고 일관된 결정을 내릴 수 있도록 기준을 명확히 정리하고 문서화합니다. 이는 보호소와 구조 단체의 추천을 통해 선별된 건강하고 성격이 검증된 동물들을 대상으로 합니다. 이와 같은 체계적이고 포괄적인 접근 방식을 통해 Petit은 반려동물의 안정적인 입양을 도모하며, 입양자가 반려동물을 정성껏 돌볼 수 있는 준비를 철저히 갖출 수 있도록 돕고자 합니다.""}"
1,2024-08-12 6:30:15,finish,