user_id,timestamp,tag,data
20,2024-08-14 10:12:11,start,
20,2024-08-14 10:14:49,user_feedaback,"{""user_input"": ""오 좋은 아이디어인 것 같아! 그런데 내가 강아지 언어에 대해 잘 모르지만 반응 데이터를 수집해 전문가를 통해 번역한다해도, 정확도나 의미 전달 면에서 어려움이 있을 것 같은데, 어떻게 생각해?"", ""category"": [{""sentence"": ""오 좋은 아이디어인 것 같아!"", ""categories"": ""Statement"", ""type"": ""Evaluation""}, {""sentence"": ""그런데 내가 강아지 언어에 대해 잘 모르지만 반응 데이터를 수집해 전문가를 통해 번역한다해도, 정확도나 의미 전달 면에서 어려움이 있을 것 같은데,"", ""categories"": ""Statement"", ""type"": ""Evaluation""}, {""sentence"": ""어떻게 생각해?"", ""categories"": ""Question"", ""type"": ""Judgmental""}], ""new_knowledge"": [""Positive feedback indicates that the idea has potential and is worth pursuing."", ""Gathering data and translating it through experts may still face challenges in accuracy and meaning conveyance."", ""다양한 관점에서 아이디어를 검토하는 것이 중요하다.""], ""new_actionPlan"": [""Continue developing the idea with confidence and seek further validation from experts."", ""Consider developing a robust validation process to ensure the accuracy and meaningfulness of the translated data."", ""다른 사람들의 의견을 수렴하고 다양한 시각에서 아이디어를 재검토해보자.""], ""new_thinking"": ""좋은 아이디어라는 평가를 받았으니 계속 발전시켜야겠어. 데이터를 수집하고 전문가를 통해 번역하더라도 정확도와 의미 전달 면에서 어려움이 있을 수 있겠구나. 다양한 관점에서 아이디어를 검토하는 것이 중요하구나."", ""evaluation"": {""sentences"": [{""sentence"": ""오 좋은 아이디어인 것 같아!"", ""categories"": ""Statement"", ""type"": ""Evaluation"", ""knowledge"": ""The idea is perceived as good."", ""evaluation"": {""specificity"": 1, ""justification"": 1, ""active"": 1, ""sentiment"": 1}}, {""sentence"": ""그런데 내가 강아지 언어에 대해 잘 모르지만 반응 데이터를 수집해 전문가를 통해 번역한다해도, 정확도나 의미 전달 면에서 어려움이 있을 것 같은데,"", ""categories"": ""Statement"", ""type"": ""Evaluation"", ""knowledge"": ""There may be challenges in accuracy and meaning conveyance when translating dog language."", ""evaluation"": {""specificity"": 5, ""justification"": 5, ""active"": 3, ""sentiment"": -1}}, {""sentence"": ""어떻게 생각해?"", ""categories"": ""Question"", ""type"": ""Judgmental"", ""knowledge"": ""The mentor is asking for the student's opinion on the potential challenges."", ""evaluation"": {""timely"": 5, ""relevance"": 5, ""high-level"": 3, ""sentiment"": 0}}]}, ""response"": {""answer"": ""네, 맞아요. 반려동물의 언어는 복잡하고 주관적이어서 번역의 정확도에 대한 문제가 클 것 같아요. 그런 걸 해결하려면 더 많은 데이터와 좀 더 정교한 모델이 필요할 것 같네요.""}}"
20,2024-08-14 10:16:12,user_feedaback,"{""user_input"": ""그럴 것 같아. 그리고 번역된 말이 스피커나 앱을 통해 전달되면 좋을 것 같다했는데, 만약 스피커로 전달되게 되면, 강아지가 짖는 소리와 겹쳐지면서 소음으로 느껴질 수도 있겠다는 생각을 했어."", ""category"": [{""sentence"": ""만약 스피커로 전달되게 되면, 강아지가 짖는 소리와 겹쳐지면서 소음으로 느껴질 수도 있겠다는 생각을 했어."", ""categories"": ""Statement"", ""type"": ""Evaluation""}], ""new_knowledge"": [""Consider the sensory experience of the user when designing interactive features.""], ""new_actionPlan"": [""Explore how the sensory feedback (like sound) can enhance the user experience in your design.""], ""new_thinking"": ""사용자의 감각적 경험을 고려하는 것이 중요하구나."", ""evaluation"": {""sentences"": [{""sentence"": ""만약 스피커로 전달되게 되면, 강아지가 짖는 소리와 겹쳐지면서 소음으로 느껴질 수도 있겠다는 생각을 했어."", ""categories"": ""Statement"", ""type"": ""Evaluation"", ""knowledge"": ""Delivering the translation through a speaker might create noise by overlapping with the dog's barking."", ""evaluation"": {""specificity"": 6, ""justification"": 5, ""active"": 4, ""sentiment"": 0}}]}, ""response"": {""answer"": ""앗, 그렇네요. 그럼 스피커 대신 앱으로만 전달되도록 하는 게 더 좋겠네요! 사용자도 핸드폰으로 확인할 수 있을 테니까요.""}}"
20,2024-08-14 10:17:28,user_feedaback,"{""user_input"": ""좋아. 그리고 피치나 duration, 톤 말고도 강아지의 음성에서 수집할 수 있는 요소가 있을까? 상황을 더 구체적으로 알 수 있다면, 상황에 따라 더 정확한 해석을 할 수 있을것 같아."", ""category"": [{""sentence"": ""그리고 피치나 duration, 톤 말고도 강아지의 음성에서 수집할 수 있는 요소가 있을까?"", ""categories"": ""Question"", ""type"": ""Generate Design""}, {""sentence"": ""상황을 더 구체적으로 알 수 있다면, 상황에 따라 더 정확한 해석을 할 수 있을것 같아."", ""categories"": ""Statement"", ""type"": ""Recommendation""}], ""new_knowledge"": [""Consider additional acoustic features that can be collected from the sound."", ""Understanding the context more concretely can lead to more accurate interpretations.""], ""new_actionPlan"": [""Explore and identify various acoustic features such as pitch, duration, and tone that can be collected from the sound data."", ""Focus on gathering detailed contextual data to improve the accuracy of the model's interpretations.""], ""new_thinking"": ""강아지의 소리에서 수집할 수 있는 다양한 음향 특징을 고려해야겠어. 상황을 더 구체적으로 알 수 있다면 더 정확한 해석을 할 수 있을 것 같아."", ""evaluation"": {""sentences"": [{""sentence"": ""그리고 피치나 duration, 톤 말고도 강아지의 음성에서 수집할 수 있는 요소가 있을까?"", ""categories"": ""Question"", ""type"": ""Generate Design"", ""knowledge"": ""Consider additional elements in dog vocalization for data collection."", ""evaluation"": {""timely"": 6, ""relevance"": 6, ""high-level"": 5, ""specificity"": 0, ""justification"": 0, ""active"": 0, ""sentiment"": 0}}, {""sentence"": ""상황을 더 구체적으로 알 수 있다면, 상황에 따라 더 정확한 해석을 할 수 있을것 같아."", ""categories"": ""Statement"", ""type"": ""Recommendation"", ""knowledge"": ""More specific context can lead to more accurate interpretation."", ""evaluation"": {""timely"": 0, ""relevance"": 0, ""high-level"": 0, ""specificity"": 6, ""justification"": 6, ""active"": 5, ""sentiment"": 1}}]}, ""response"": {""answer"": ""강아지 음성에서 나오는 리듬이나 주파수 변화도 중요한 요소가 될 수 있을 것 같아요. 거기에 강아지의 표정이나 신체 언어도 함께 분석하면 더 정확하게 상황을 파악할 수 있을 거예요.""}}"
20,2024-08-14 10:17:54,update_idea,"{""title"": ""반려동물 전용 번역기 개발"", ""problem"": ""반려동물이 자신의 감정이나 요구를 자연어로 표현하지 못해 주인이 그들의 의사를 제대로 파악하고 대응하기 어려운 문제"", ""idea"": ""반려동물의 목소리 데이터를 수집하고, 이를 통해 반려동물의 의사를 번역할 수 있는 '반려동물 전용 번역기'를 개발하는 아이디어입니다. 첫 번째 단계로, 반려동물이 내는 소리의 피치, 지속시간, 톤, 리듬, 주파수의 변화 등 여러 음성적 특성을 수집합니다. 추가로, 강아지의 표정이나 신체 언어 같은 시각적 데이터도 포함시켜, 상황에 따른 정확한 해석이 가능하도록 데이터셋을 구축합니다. 이 데이터를 바탕으로, 전문가의 검증을 거친 후 학습이 가능한 모델을 개발하여, 슈퍼바이즈드 러닝(Supervised Learning)을 사용하여 감정이나 요구 사항을 정확하게 파악할 수 있는 알고리즘을 개발하고자 합니다. 이를 통해 사용자가 앱을 통해 간단하게 반려동물의 요구와 감정을 이해할 수 있도록 하며, 소리와 겹치는 문제를 방지하기 위해 알림 또는 메시지 형태로 결과를 제공하는 UX/UI를 설계할 예정입니다. 모델의 정확도와 유효성을 더욱 높이기 위해 다양한 상황에서의 테스트와 함께 전문가와의 지속적인 협업을 통해 데이터셋을 개선하고, 사용자 경험을 향상시키는 센서리 피드백 방식도 추가 연구하겠습니다.""}"
20,2024-08-14 10:19:27,user_feedaback,"{""user_input"": ""오 그럼 처음 아이디어에 나왔던 목줄 형태의 기기는 표정이나 신체 언어를 분석하기는 조금 어려울 수 있을 것 같은데, 기기 형태나 앱을 더 개선 시킬 수 있을까? 사용자가 앱을 이용한다는 점을 고려해도 좋을 것 같아!"", ""category"": [{""sentence"": ""오 그럼 처음 아이디어에 나왔던 목줄 형태의 기기는 표정이나 신체 언어를 분석하기는 조금 어려울 수 있을 것 같은데,"", ""categories"": ""Statement"", ""type"": ""Evaluation""}, {""sentence"": ""기기 형태나 앱을 더 개선 시킬 수 있을까?"", ""categories"": ""Question"", ""type"": ""Generate Design""}, {""sentence"": ""사용자가 앱을 이용한다는 점을 고려해도 좋을 것 같아!"", ""categories"": ""Statement"", ""type"": ""Recommendation""}], ""new_knowledge"": [""Initial ideas may need refinement to address potential challenges."", ""Exploring different formats for delivering the service can enhance user experience."", ""Consider the convenience and accessibility of the user when designing the interface.""], ""new_actionPlan"": [""Refine the initial concept by incorporating additional data sources and methods to improve accuracy."", ""Investigate various formats such as devices or apps to determine the most effective way to deliver the service."", ""Ensure that the app interface is user-friendly and easily accessible for users to understand their pets' needs.""], ""new_thinking"": ""처음 아이디어는 잠재적인 문제를 해결하기 위해 다듬어야 할 필요가 있겠구나. 서비스를 제공하는 다양한 형식을 탐구하면 사용자 경험을 향상시킬 수 있겠어. 사용자가 앱을 이용한다는 점을 고려해야겠어!"", ""evaluation"": {""sentences"": [{""sentence"": ""오 그럼 처음 아이디어에 나왔던 목줄 형태의 기기는 표정이나 신체 언어를 분석하기는 조금 어려울 수 있을 것 같은데,"", ""categories"": ""Statement"", ""type"": ""Evaluation"", ""knowledge"": ""The collar form factor may make it difficult to analyze facial expressions or body language."", ""evaluation"": {""specificity"": 6, ""justification"": 5, ""active"": 4, ""sentiment"": 0}}, {""sentence"": ""기기 형태나 앱을 더 개선 시킬 수 있을까?"", ""categories"": ""Question"", ""type"": ""Generate Design"", ""knowledge"": ""Consider improving the device form factor or app."", ""evaluation"": {""timely"": 6, ""relevance"": 6, ""high-level"": 5, ""sentiment"": 0}}, {""sentence"": ""사용자가 앱을 이용한다는 점을 고려해도 좋을 것 같아!"", ""categories"": ""Statement"", ""type"": ""Recommendation"", ""knowledge"": ""Consider the user experience of using the app."", ""evaluation"": {""specificity"": 4, ""justification"": 4, ""active"": 5, ""sentiment"": 1}}]}, ""response"": {""answer"": ""목줄 형태의 기기는 표정 분석이 어렵다면, 카메라와 연동되는 웨어러블 디바이스로 개선하는 건 어떨까요? 앱과도 실시간 연결되면 더욱 좋을 것 같아요.""}}"
20,2024-08-14 10:21:00,user_feedaback,"{""user_input"": ""뭔가 반려동물과 소통하는 느낌이 들어도 좋을 것같아. 사용자의 음성을 인식한다던지, 챗 느낌으로? 그럼 상황도 더 구체적으로 파악할 수 있을 것 같은데, 어떻게 생각해?"", ""category"": [{""sentence"": ""뭔가 반려동물과 소통하는 느낌이 들어도 좋을 것같아."", ""categories"": ""Statement"", ""type"": ""Recommendation""}, {""sentence"": ""사용자의 음성을 인식한다던지, 챗 느낌으로?"", ""categories"": ""Question"", ""type"": ""Generate Design""}, {""sentence"": ""그럼 상황도 더 구체적으로 파악할 수 있을 것 같은데, 어떻게 생각해?"", ""categories"": ""Question"", ""type"": ""Judgmental""}], ""new_knowledge"": [""Considering the emotional connection between users and their pets can enhance the design."", ""Consider how the system will differentiate between the user's voice and other sounds."", ""Understanding the context more concretely can lead to more accurate interpretations.""], ""new_actionPlan"": [""Incorporate features that emphasize the emotional bond between users and their pets in the design."", ""Implement a feature to distinguish between the user's voice and other ambient sounds to avoid confusion."", ""Identify and analyze specific scenarios in which the service will be used to improve the accuracy of interpretations.""], ""new_thinking"": ""사용자와 반려동물 간의 감정적 유대감을 고려하면 디자인이 더 좋아질 수 있겠어. 사용자의 목소리와 다른 소리를 어떻게 구분할 수 있을까? 상황을 더 구체적으로 파악하면 더 정확한 해석이 가능하겠지."", ""evaluation"": {""sentences"": [{""sentence"": ""뭔가 반려동물과 소통하는 느낌이 들어도 좋을 것같아."", ""categories"": ""Statement"", ""type"": ""Recommendation"", ""knowledge"": ""Feeling of communication with pets is beneficial."", ""evaluation"": {""specificity"": 3, ""justification"": 2, ""active"": 3, ""sentiment"": 1}}, {""sentence"": ""사용자의 음성을 인식한다던지, 챗 느낌으로?"", ""categories"": ""Question"", ""type"": ""Generate Design"", ""knowledge"": ""Consider voice recognition or chat-like interface."", ""evaluation"": {""timely"": 5, ""relevance"": 5, ""high-level"": 4, ""specificity"": 0, ""justification"": 0, ""active"": 0, ""sentiment"": 1}}, {""sentence"": ""그럼 상황도 더 구체적으로 파악할 수 있을 것 같은데, 어떻게 생각해?"", ""categories"": ""Question"", ""type"": ""Judgmental"", ""knowledge"": ""More specific understanding of situations is possible."", ""evaluation"": {""timely"": 5, ""relevance"": 5, ""high-level"": 4, ""specificity"": 0, ""justification"": 0, ""active"": 0, ""sentiment"": 1}}]}, ""response"": {""answer"": ""사용자의 음성을 인식해서 반려동물에게 명령을 내리거나 소통하는 기능도 추가하면 좋을 것 같아요. 챗 느낌의 인터페이스도 흥미로울 것 같고요!""}}"
20,2024-08-14 10:21:26,update_idea,"{""title"": ""반려동물 전용 번역기 개발"", ""problem"": ""반려동물이 아플 때 자신의 상태를 말로 표현할 수 없어 주인이 대신 결정해야 하는 문제"", ""idea"": ""이 프로젝트는 반려동물의 음성, 표정, 신체 언어를 종합적으로 분석하여 그들의 의사를 정확히 파악할 수 있는 번역기를 개발하고자 합니다. 첫 번째 단계로는 반려동물의 소리에서 피치, 지속시간, 톤, 리듬, 주파수 변화뿐만 아니라 표정과 신체 언어 등 시각적 데이터를 수집하여 데이터셋을 구축합니다. 이 데이터를 활용하여 감정이나 요구사항을 파악할 수 있는 알고리즘을 개발하고, 실시간으로 번역 결과를 앱을 통해 제공함으로써 사용자가 손쉽게 반려동물의 상태를 이해할 수 있도록 합니다. 또한, 사용자의 음성 인식 기능을 통해 반려동물과의 소통을 강화하고, 사용자와 반려동물 간의 감정적 연결을 고려한 디자인을 강조할 예정입니다. 상황 인식 기능을 통해 주변 환경이나 상황에 따라 해석의 정확도를 높여, 반려동물의 건강과 행복에 실질적으로 기여할 수 있는 도구를 제공하고자 합니다.""}"
20,2024-08-14 10:22:23,user_feedaback,"{""user_input"": ""웨어러블 디바이스의 형태를 좀 더 구체적으로 생각해보자! 어떤게 좋을까?"", ""category"": [{""sentence"": ""웨어러블 디바이스의 형태를 좀 더 구체적으로 생각해보자!"", ""categories"": ""Statement"", ""type"": ""Recommendation""}, {""sentence"": ""어떤게 좋을까?"", ""categories"": ""Question"", ""type"": ""Generate Design""}], ""new_knowledge"": [""Exploring different formats for delivering the service can enhance user experience."", ""Exploring different design options can lead to innovative solutions.""], ""new_actionPlan"": [""Consider various wearable device formats and their functionalities to improve the user experience."", ""Brainstorm and evaluate various design alternatives to find the most effective solution.""], ""new_thinking"": ""다양한 웨어러블 디바이스 형식을 고려해보자! 다양한 디자인 옵션을 탐색하면 혁신적인 해결책을 찾을 수 있겠구나."", ""evaluation"": {""sentences"": [{""sentence"": ""웨어러블 디바이스의 형태를 좀 더 구체적으로 생각해보자!"", ""categories"": ""Statement"", ""type"": ""Recommendation"", ""knowledge"": ""Consider the specific form of the wearable device."", ""evaluation"": {""specificity"": 5, ""justification"": 4, ""active"": 5, ""sentiment"": 1}}, {""sentence"": ""어떤게 좋을까?"", ""categories"": ""Question"", ""type"": ""Generate Design"", ""knowledge"": ""What form of wearable device would be best?"", ""evaluation"": {""timely"": 5, ""relevance"": 5, ""high-level"": 3, ""sentiment"": 1}}]}, ""response"": {""answer"": ""구체적으로 생각해보면, 목걸이 형태 뿐만 아니라 반려동물의 옷이나 하네스에 부착할 수 있는 디바이스가 좋을 것 같아요. 안다는 편안하면서도 안정적으로 데이터를 수집할 수 있으니까요.""}}"
20,2024-08-14 10:23:13,user_feedaback,"{""user_input"": ""좋은 것 같아. 반려동물을 위한 기기니까, 반려동물들이 불편함을 느끼지 않을 디자인을 하는 것이 중요한 것 같아."", ""category"": [{""sentence"": ""좋은 것 같아."", ""categories"": ""Statement"", ""type"": ""Evaluation""}, {""sentence"": ""반려동물을 위한 기기니까, 반려동물들이 불편함을 느끼지 않을 디자인을 하는 것이 중요한 것 같아."", ""categories"": ""Statement"", ""type"": ""Recommendation""}], ""new_knowledge"": [""Positive feedback indicates that the idea has potential and is worth pursuing."", ""Designing for comfort and ease of use is crucial when creating devices for animals.""], ""new_actionPlan"": [""Continue developing the design idea with confidence and seek further validation."", ""Ensure that the device is designed to be comfortable and non-intrusive for the animals.""], ""new_thinking"": ""긍정적인 피드백은 내 아이디어가 잠재력이 있다는 것을 의미해! 반려동물을 위한 기기는 편안하고 불편하지 않게 디자인하는 것이 중요하구나."", ""evaluation"": {""sentences"": [{""sentence"": ""좋은 것 같아."", ""categories"": ""Statement"", ""type"": ""Evaluation"", ""knowledge"": ""The idea is perceived positively."", ""evaluation"": {""specificity"": 1, ""justification"": 1, ""active"": 1, ""sentiment"": 1}}, {""sentence"": ""반려동물을 위한 기기니까, 반려동물들이 불편함을 느끼지 않을 디자인을 하는 것이 중요한 것 같아."", ""categories"": ""Statement"", ""type"": ""Recommendation"", ""knowledge"": ""The design should ensure comfort for pets."", ""evaluation"": {""specificity"": 5, ""justification"": 5, ""active"": 5, ""sentiment"": 1}}]}, ""response"": {""answer"": ""정말 그렇죠! 반려동물들이 불편함을 느끼지 않도록 가벼운 소재와 유연한 구조로 디자인해야 될 것 같아요.""}}"
20,2024-08-14 10:24:17,user_feedaback,"{""user_input"": ""그리고 해결하고자 하는 문제점이, 반려동물이 아플때의 상황인데, 그럼 건강 상태를 파악할 수 있는 기능을 더 추가하는 건 어떨까?"", ""category"": [{""sentence"": ""그리고 해결하고자 하는 문제점이, 반려동물이 아플때의 상황인데,"", ""categories"": ""Statement"", ""type"": ""Information""}, {""sentence"": ""그럼 건강 상태를 파악할 수 있는 기능을 더 추가하는 건 어떨까?"", ""categories"": ""Question"", ""type"": ""Generate Design""}], ""new_knowledge"": [""Identifying specific situations where the problem occurs can help in creating more targeted solutions."", ""Adding more functionalities can enhance the ability to monitor health conditions.""], ""new_actionPlan"": [""Identify and analyze specific situations where pets are in pain to develop more accurate and effective solutions."", ""Consider integrating additional features that can help in monitoring the health status of pets more effectively.""], ""new_thinking"": ""반려동물이 아플 때의 상황을 구체적으로 파악하면 더 정확한 해결책을 만들 수 있겠어. 건강 상태를 파악할 수 있는 기능을 더 추가하는 건 어떨까?"", ""evaluation"": {""sentences"": [{""sentence"": ""그리고 해결하고자 하는 문제점이, 반려동물이 아플때의 상황인데,"", ""categories"": ""Statement"", ""type"": ""Information"", ""knowledge"": ""The problem to be solved is the situation when the pet is sick."", ""evaluation"": {""specificity"": 5, ""justification"": 4, ""active"": 3, ""sentiment"": 0}}, {""sentence"": ""그럼 건강 상태를 파악할 수 있는 기능을 더 추가하는 건 어떨까?"", ""categories"": ""Question"", ""type"": ""Generate Design"", ""knowledge"": ""Consider adding a feature to monitor the pet's health status."", ""evaluation"": {""timely"": 5, ""relevance"": 6, ""high-level"": 5, ""sentiment"": 1}}]}, ""response"": {""answer"": ""건강 상태를 위한 기능 추가 좋은 생각이에요! 심박수나 체온 측정 센서를 추가해서 반려동물의 건강 상태를 실시간으로 모니터링하면 더 유용할 것 같아요.""}}"
20,2024-08-14 10:25:29,user_feedaback,"{""user_input"": ""좋은 것 같아!그리고 반려동물들은 위급한 상황에서도 보호자를 부르기가 힘들 수도 있을 것 같아서 긴급알림? 이나 주기적인 보고 같은 것도 고려해봐도 좋을 것 같아."", ""category"": [{""sentence"": ""좋은 것 같아!"", ""categories"": ""Statement"", ""type"": ""Evaluation""}, {""sentence"": ""그리고 반려동물들은 위급한 상황에서도 보호자를 부르기가 힘들 수도 있을 것 같아서 긴급알림?"", ""categories"": ""Statement"", ""type"": ""Information""}, {""sentence"": ""이나 주기적인 보고 같은 것도 고려해봐도 좋을 것 같아."", ""categories"": ""Statement"", ""type"": ""Recommendation""}], ""new_knowledge"": [""Positive feedback indicates that the idea has potential and is worth pursuing."", ""Considering emergency situations is crucial when designing for pet safety."", ""Considering periodic reports can enhance the design's effectiveness.""], ""new_actionPlan"": [""Continue developing the design idea with confidence and seek further validation."", ""Incorporate emergency alert features to ensure pet safety in critical situations."", ""Incorporate a feature that provides periodic reports on the pet's status to the user.""], ""new_thinking"": ""긍정적인 피드백은 내 아이디어가 잠재력이 있다는 것을 의미하는구나. 반려동물의 안전을 위해 긴급 상황을 고려하는 것이 중요하구나. 주기적인 보고 기능을 추가하면 디자인의 효과를 높일 수 있겠어."", ""evaluation"": {""sentences"": [{""sentence"": ""좋은 것 같아!"", ""categories"": ""Statement"", ""type"": ""Evaluation"", ""knowledge"": ""The idea is perceived positively."", ""evaluation"": {""specificity"": 1, ""justification"": 1, ""active"": 1, ""sentiment"": 1}}, {""sentence"": ""그리고 반려동물들은 위급한 상황에서도 보호자를 부르기가 힘들 수도 있을 것 같아서 긴급알림?"", ""categories"": ""Statement"", ""type"": ""Information"", ""knowledge"": ""Pets may have difficulty alerting their owners in emergencies."", ""evaluation"": {""specificity"": 5, ""justification"": 5, ""active"": 5, ""sentiment"": 0}}, {""sentence"": ""이나 주기적인 보고 같은 것도 고려해봐도 좋을 것 같아."", ""categories"": ""Statement"", ""type"": ""Recommendation"", ""knowledge"": ""Periodic reporting could be beneficial."", ""evaluation"": {""specificity"": 4, ""justification"": 4, ""active"": 4, ""sentiment"": 1}}]}, ""response"": {""answer"": ""그거 좋은 생각이에요! 긴급알림이나 주기적인 보고 기능을 추가하면 보호자가 빠르게 대응할 수 있어서 반려동물의 안전을 더 잘 지킬 수 있을 것 같아요.""}}"
20,2024-08-14 10:26:00,update_idea,"{""title"": ""반려동물 전용 번역기 개발"", ""problem"": ""반려동물은 자신의 감정이나 건강 상태를 직접적으로 표현할 방법이 없기 때문에, 보호자는 많은 경우 동물의 불편함을 알아채지 못할 수 있습니다. 이로 인해 반려동물의 건강 및 안전에 위험이 발생할 수 있어 이를 탐지하고 해결할 방법이 필요합니다."", ""idea"": ""이 프로젝트의 목표는 반려동물의 음성, 표정, 신체 언어를 포함한 다양한 데이터를 실시간으로 분석하여 반려동물의 감정과 요구사항을 정확하게 파악할 수 있는 번역기를 개발하는 것입니다. 우리는 웨어러블 기기를 다양한 형태로 탐구하여 더욱 효과적이며 편안한 사용자 경험을 제공하고자 합니다. 구체적으로, 목걸이 뿐만 아니라 반려동물의 옷이나 하네스에 부착할 수 있는 디바이스를 통해 넓은 범위에서 데이터를 수집하고, 경량화된 소재와 유연한 구조로 반려동물의 불편함을 최소화할 수 있도록 설계할 것입니다. 또한, 반려동물의 심박수나 체온을 측정할 수 있는 센서를 추가하여 건강 상태를 모니터링하고, 긴급 상황 시 보호자에게 즉시 알림을 보낼 수 있는 기능과 주기적인 보고 기능을 개발하여 반려동물의 안전을 더욱 철저히 보호할 수 있도록 합니다. 마지막으로 사용자의 음성을 인식하고 반려동물과의 상호작용을 촉진하는 챗 인터페이스를 통해서 보호자와 동물 간의 소통을 강화하고, 감정적 연결을 높일 수 있는 방법을 구축할 예정입니다.""}"
20,2024-08-14 10:26:42,user_feedaback,"{""user_input"": ""처음에 비해 아이디어가 많이 바뀌었는데, 혹시 예상되는 문제점이나 어려움이 있어?"", ""category"": [{""sentence"": ""처음에 비해 아이디어가 많이 바뀌었는데,"", ""categories"": ""Statement"", ""type"": ""Evaluation""}, {""sentence"": ""혹시 예상되는 문제점이나 어려움이 있어?"", ""categories"": ""Question"", ""type"": ""Deep Reasoning""}], ""new_knowledge"": [""Initial ideas often require significant refinement and iteration."", ""Identifying potential challenges early can help in refining the design.""], ""new_actionPlan"": [""Review and refine the initial design idea to address potential challenges and improve its feasibility."", ""Conduct a thorough analysis to identify and address potential challenges in the design.""], ""new_thinking"": ""처음에 비해 아이디어가 많이 바뀌었는데, 초기 아이디어는 많은 수정과 반복이 필요하구나. 예상되는 문제점이나 어려움이 있나?"", ""evaluation"": {""sentences"": [{""sentence"": ""처음에 비해 아이디어가 많이 바뀌었는데,"", ""categories"": ""Statement"", ""type"": ""Evaluation"", ""knowledge"": ""The idea has changed significantly from the initial concept."", ""evaluation"": {""specificity"": 5, ""justification"": 4, ""active"": 3, ""sentiment"": 0}}, {""sentence"": ""혹시 예상되는 문제점이나 어려움이 있어?"", ""categories"": ""Question"", ""type"": ""Deep Reasoning"", ""knowledge"": ""The mentor is asking about potential problems or difficulties."", ""evaluation"": {""timely"": 6, ""relevance"": 7, ""high-level"": 5, ""specificity"": 0, ""justification"": 0, ""active"": 0, ""sentiment"": 0}}]}, ""response"": {""answer"": ""음, 예상되는 문제점 중 하나는 데이터 수집 장치의 배터리 수명일 것 같아요. 반려동물들이 움직임이 많아서 배터리가 빨리 소모될 수 있거든요. 또, 반려동물이 디바이스를 싫어하거나 장치를 물어뜯는 경우도 신경 써야 할 것 같아요.""}}"
20,2024-08-14 10:27:09,user_feedaback,"{""user_input"": ""오 맞네, 그렇다면 어떻게 그러한 문제들을 해결할 수 있을까"", ""category"": [{""sentence"": ""오 맞네, 그렇다면 어떻게 그러한 문제들을 해결할 수 있을까"", ""categories"": ""Question"", ""type"": ""Generate Design""}], ""new_knowledge"": [""Identifying potential challenges early can help in refining the design.""], ""new_actionPlan"": [""Identify and list potential challenges in the design to address them proactively.""], ""new_thinking"": ""초기 단계에서 잠재적인 문제점을 파악하는 것이 디자인을 개선하는 데 도움이 될 수 있겠어."", ""evaluation"": {""sentences"": [{""sentence"": ""오 맞네, 그렇다면 어떻게 그러한 문제들을 해결할 수 있을까"", ""categories"": ""Question"", ""type"": ""Generate Design"", ""knowledge"": ""The mentor is asking how to solve the identified problems."", ""evaluation"": {""timely"": 6, ""relevance"": 7, ""high-level"": 5, ""specificity"": 0, ""justification"": 0, ""active"": 0, ""sentiment"": 0}}]}, ""response"": {""answer"": ""배터리 수명을 늘리기 위해 저전력 센서를 사용하거나, 에너지 효율이 높은 통신 방식을 채택하면 좋을 것 같아요. 반려동물이 장치를 싫어하거나 물어뜯는 문제는 장치를 더 튼튼하고, 방수 처리된 소재로 만들면 해결될 것 같아요.""}}"
20,2024-08-14 10:28:14,user_feedaback,"{""user_input"": ""좋다! 아니면 아예 장치 자체를 물어뜯어도되는 강아지 장난감? 같은 소재로 만드는 건 어때?"", ""category"": [{""sentence"": ""좋다!"", ""categories"": ""Statement"", ""type"": ""Evaluation""}, {""sentence"": ""아니면 아예 장치 자체를 물어뜯어도되는 강아지 장난감? 같은 소재로 만드는 건 어때?"", ""categories"": ""Question"", ""type"": ""Generate Design""}], ""new_knowledge"": [""Positive feedback indicates that the idea has potential and is worth pursuing."", ""Designing devices for pets requires considering their natural behaviors and tendencies.""], ""new_actionPlan"": [""Continue developing the design idea with confidence and seek further feedback to refine it."", ""Use durable and pet-safe materials to ensure the device can withstand chewing and other pet behaviors.""], ""new_thinking"": ""긍정적인 피드백은 내 아이디어가 잠재력이 있고 계속 추진할 가치가 있다는 것을 의미해! 반려동물의 자연스러운 행동을 고려한 디자인이 필요하구나."", ""evaluation"": {""sentences"": [{""sentence"": ""좋다!"", ""categories"": ""Statement"", ""type"": ""Evaluation"", ""knowledge"": ""The feedback expresses approval of the idea."", ""evaluation"": {""specificity"": 1, ""justification"": 1, ""active"": 1, ""sentiment"": 1}}, {""sentence"": ""아니면 아예 장치 자체를 물어뜯어도되는 강아지 장난감? 같은 소재로 만드는 건 어때?"", ""categories"": ""Question"", ""type"": ""Generate Design"", ""knowledge"": ""The feedback suggests using a chewable material for the device."", ""evaluation"": {""timely"": 5, ""relevance"": 5, ""high-level"": 5, ""sentiment"": 1}}]}, ""response"": {""answer"": ""오, 정말 재미있는 아이디어네요! 강아지 장난감 같은 튼튼한 소재로 디바이스를 만든다면 반려동물들이 편안하게 사용할 수 있을 것 같아요. 감사해요, 더 고민해볼게요!""}}"
20,2024-08-14 10:29:22,update_idea,"{""title"": ""반려동물 전용 번역기 개발"", ""problem"": ""반려동물은 자연어(사람 말)를 통해 자신의 감정이나 요구사항을 정확히 표현할 수 없습니다. 예를 들어, 반려동물이 아플 때 '아프다'라고 말할 수 없어 주인이 대신 결정을 내려야 하는 상황이 발생합니다."", ""idea"": ""이 프로젝트의 목표는 반려동물의 음성, 표정, 신체 언어를 포함한 다양한 데이터를 실시간으로 분석하여 반려동물의 감정과 요구사항을 정확하게 파악할 수 있는 번역기를 개발하는 것입니다. 웨어러블 기기는 다양한 형태로 설계할 것이며, 반려동물의 옷이나 하네스에 부착할 수 있는 디바이스를 통해 넓은 범위에서 데이터를 수집합니다. 경량화된 소재와 유연한 구조로 설계하여 반려동물의 불편함을 최소화하고, 심박수나 체온을 측정할 수 있는 센서를 추가하여 건강 상태를 모니터링합니다. 또한, 긴급 상황 시 보호자에게 즉시 알림을 보내고 주기적인 보고 기능을 제공하여 반려동물의 안전을 극대화합니다. 사용자 음성 인식 및 챗 인터페이스를 통해 반려동물과의 상호작용을 촉진하고 감정적 연결을 높이는 방법을 모색합니다. 또한, 장치의 배터리 수명을 연장하기 위해 저전력 센서와 에너지 효율적인 통신 방식을 채택하고, 반려동물의 장난감과 같은 내구성이 높고 방수 처리된 안전한 소재를 사용하여 장치의 안전성을 강화합니다.""}"
20,2024-08-14 10:31:56,user_feedaback,"{""user_input"": ""아 그리고 건강 상태를 모니터링 해서 보고해주잖아. 이때 사용자가 강아지의 눈이나, 피부 등의 상태를 좀 더 구체적으로 관찰 할 수 있으니, 추가적인 정보를 입력받아 다시 판단해주는 것도 좋을 것 같아?"", ""category"": [{""sentence"": ""아 그리고 건강 상태를 모니터링 해서 보고해주잖아."", ""categories"": ""Statement"", ""type"": ""Information""}, {""sentence"": ""이때 사용자가 강아지의 눈이나, 피부 등의 상태를 좀 더 구체적으로 관찰 할 수 있으니, 추가적인 정보를 입력받아 다시 판단해주는 것도 좋을 것 같아?"", ""categories"": ""Question"", ""type"": ""Generate Design""}], ""new_knowledge"": [""Monitoring health conditions can provide valuable insights for improving the design."", ""Collecting additional contextual information can lead to more accurate and comprehensive interpretations.""], ""new_actionPlan"": [""Incorporate health monitoring features to enhance the functionality and value of the design."", ""Consider integrating features that allow users to input additional contextual information about their pets' conditions for more accurate analysis.""], ""new_thinking"": ""건강 상태를 모니터링하는 기능이 디자인 개선에 큰 도움이 될 수 있겠어. 추가적인 상황 정보를 수집하면 더 정확하고 포괄적인 해석이 가능하겠구나."", ""evaluation"": {""sentences"": [{""sentence"": ""아 그리고 건강 상태를 모니터링 해서 보고해주잖아."", ""categories"": ""Statement"", ""type"": ""Information"", ""knowledge"": ""The design includes monitoring and reporting the health status of pets."", ""evaluation"": {""specificity"": 5, ""justification"": 4, ""active"": 3, ""sentiment"": 1}}, {""sentence"": ""이때 사용자가 강아지의 눈이나, 피부 등의 상태를 좀 더 구체적으로 관찰 할 수 있으니, 추가적인 정보를 입력받아 다시 판단해주는 것도 좋을 것 같아?"", ""categories"": ""Question"", ""type"": ""Generate Design"", ""knowledge"": ""The design could benefit from additional user input on the pet's physical condition for more accurate assessments."", ""evaluation"": {""timely"": 5, ""relevance"": 5, ""high-level"": 4, ""sentiment"": 1}}]}, ""response"": {""answer"": ""오 그거 좋은 생각이네요! 사용자가 추가적으로 관찰한 정보를 입력받을 수 있다면, 더 정확한 건강 상태를 파악할 수 있을 것 같아요. 감사해요, 더 고민해볼게요!""}}"
20,2024-08-14 10:32:31,update_idea,"{""title"": ""반려동물 전용 번역기 개발"", ""problem"": ""반려동물이 자신의 상태를 직접 말로 표현할 수 없기 때문에, 주인이 반려동물의 감정이나 건강 상태를 정확히 파악하고 적절한 조치를 취하기 어렵습니다."", ""idea"": ""이 프로젝트는 반려동물의 음성, 표정, 신체 언어 등 다양한 데이터를 분석하여 반려동물의 요구와 감정을 이해할 수 있는 번역기를 개발하는 것을 목표로 합니다. 웨어러블 디바이스는 반려동물의 옷이나 하네스에 부착 가능하며, 경량화된 소재와 유연한 구조로 설계하여 반려동물의 불편함을 최소화합니다. 심장 박동과 체온을 측정할 수 있는 센서를 통해 건강 상태를 모니터링하고, 긴급 상황 시 보호자에게 즉시 알림을 보내며, 주기적 보고 기능도 제공합니다. 사용자가 음성 인식을 통해 직접 반려동물과 소통하며 필요한 명령을 내릴 수 있는 인터페이스를 개발하고, 사용자가 직접 추가적인 건강 상태 정보를 입력할 수 있는 기능을 통해더 정확한 상태 파악이 가능하도록 합니다. 또한, 높은 내구성과 방수 처리된 강아지 장난감과 같은 소재를 사용하여 디바이스의 안전성을 확보하고, 저전력 센서와 에너지 효율적인 통신 방식으로 배터리 수명을 연장합니다.""}"
20,2024-08-14 10:33:45,user_feedaback,"{""user_input"": ""에너지 효율적인 통신 방식에는 무엇이 있을까?"", ""category"": [{""sentence"": ""에너지 효율적인 통신 방식에는 무엇이 있을까?"", ""categories"": ""Question"", ""type"": ""Generate Design""}], ""new_knowledge"": [""Considering energy-efficient communication methods can enhance the usability of the device.""], ""new_actionPlan"": [""Research and implement energy-efficient communication methods to extend the battery life of the device.""], ""new_thinking"": ""에너지 효율적인 통신 방식을 고려하면 기기의 사용성을 높일 수 있겠어."", ""evaluation"": {""sentences"": [{""sentence"": ""에너지 효율적인 통신 방식에는 무엇이 있을까?"", ""categories"": ""Question"", ""type"": ""Generate Design"", ""knowledge"": ""Consider energy-efficient communication methods."", ""evaluation"": {""timely"": 5, ""relevance"": 5, ""high-level"": 4, ""specificity"": 0, ""justification"": 0, ""active"": 0, ""sentiment"": 0}}]}, ""response"": {""answer"": ""에너지 효율적인 통신 방식에는 블루투스 LE(Bluetooth Low Energy)나 LoRa 같이 저전력 무선 통신 기술이 있어요. 이런 기술을 쓰면 배터리 수명을 늘릴 수 있을 것 같아요!""}}"
20,2024-08-14 10:34:23,update_idea,"{""title"": ""반려동물 전용 번역기 개발"", ""problem"": ""반려동물은 자신의 상태를 정확하게 전달할 수 없어, 아플 때나 위험한 상황에서 주인이 적절한 판단을 내리기 어렵습니다."", ""idea"": ""이 프로젝트는 반려동물의 음성, 표정, 신체 언어 등 다양한 데이터를 분석하여 반려동물의 요구와 감정을 이해할 수 있는 번역기를 개발하는 것을 목표로 합니다. 웨어러블 디바이스는 반려동물의 옷이나 하네스에 부착 가능하며, 경량화된 소재와 유연한 구조로 설계하였습니다. 디바이스는 심장 박동과 체온을 측정할 수 있는 센서를 통해 건강 상태를 모니터링하고, 긴급 상황 시 보호자에게 즉시 알림을 보내며, 주기적 보고 기능도 제공합니다. 사용자는 앱을 통해 직접 반려동물과 소통하며 필요한 명령을 내릴 수 있고, 추가적인 건강 상태 정보를 입력할 수 있는 기능을 통해 더 정확한 상태 파악이 가능합니다. 또한, 사용자와의 대화를 통해 반려동물의 상황을 더 구체적으로 파악할 수 있는 챗 인터페이스를 개발했습니다. 에너지 효율적인 통신 방식으로 블루투스 LE를 사용하여 배터리 수명을 연장하였고, 반려동물이 장치를 물어뜯지 않도록 내구성이 높고 방수 처리된 강아지 장난감과 같은 소재를 사용하였습니다. 이러한 통합적인 접근 방식은 반려동물의 필요를 정확히 파악하고 적절히 대응하는 데 큰 도움을 줄 것입니다.""}"
20,2024-08-14 10:34:27,finish,