user_id,timestamp,tag,data
21,2024-08-15 0:44:01,start,
21,2024-08-15 0:46:21,user_feedaback,"{""user_input"": ""동건이는 강아지를 키우고 있어?"", ""category"": [{""sentence"": ""동건이는 강아지를 키우고 있어?"", ""categories"": ""Question"", ""type"": ""Low-Level""}], ""new_knowledge"": [""Understanding the specific needs and behaviors of the target user is crucial for designing effective solutions.""], ""new_actionPlan"": [""Conduct thorough research on the specific needs and behaviors of the target users to ensure the design meets their requirements.""], ""new_thinking"": ""사용자의 특정 요구와 행동을 이해하는 것이 효과적인 솔루션을 설계하는 데 중요하구나."", ""evaluation"": {""sentences"": [{""sentence"": ""동건이는 강아지를 키우고 있어?"", ""categories"": ""Question"", ""type"": ""Low-Level"", ""knowledge"": ""The mentor is inquiring if the student owns a dog."", ""evaluation"": {""timely"": 3, ""relevance"": 2, ""high-level"": 1, ""specificity"": 0, ""justification"": 0, ""active"": 0, ""sentiment"": 0}}]}, ""response"": {""answer"": ""네, 저희 가족이 강아지를 키우고 있어요. 이런 경험을 바탕으로 이 아이디어를 생각하게 되었어요.""}}"
21,2024-08-15 0:47:51,user_feedaback,"{""user_input"": ""강아지의 울음이나 짖는 소리를 시스템이 잘못 해석할 때의 문제들에 대해서 생각해본 적도 있을까?"", ""category"": [{""sentence"": ""강아지의 울음이나 짖는 소리를 시스템이 잘못 해석할 때의 문제들에 대해서 생각해본 적도 있을까?"", ""categories"": ""Question"", ""type"": ""Deep Reasoning""}], ""new_knowledge"": [""Consider potential issues when the system misinterprets the sounds.""], ""new_actionPlan"": [""Identify and address potential problems that may arise from incorrect sound interpretations in the system.""], ""new_thinking"": ""시스템이 소리를 잘못 해석할 때 발생할 수 있는 문제들을 고려해야겠어."", ""evaluation"": {""sentences"": [{""sentence"": ""강아지의 울음이나 짖는 소리를 시스템이 잘못 해석할 때의 문제들에 대해서 생각해본 적도 있을까?"", ""categories"": ""Question"", ""type"": ""Deep Reasoning"", ""knowledge"": ""Consider potential issues when the system misinterprets dog sounds."", ""evaluation"": {""timely"": 5, ""relevance"": 5, ""high-level"": 5, ""specificity"": 0, ""justification"": 0, ""active"": 0, ""sentiment"": 0}}]}, ""response"": {""answer"": ""죄송해요, 깊이 생각해보지 못했어요. 시스템이 잘못 해석할 때 어떻게 대응할 수 있을지 더 고민해봐야겠네요.""}}"
21,2024-08-15 0:48:59,user_feedaback,"{""user_input"": ""그래서 아이디어 자체가 재미는 있을 것 같은데, 정말 보호자들이 원할지, 그리고 보호자들이 원하더라도 동물들에게 좋은 방법인지 다시 생각을 해보면 좋을 것 같네"", ""category"": [{""sentence"": ""그래서 아이디어 자체가 재미는 있을 것 같은데,"", ""categories"": ""Statement"", ""type"": ""Evaluation""}, {""sentence"": ""정말 보호자들이 원할지,"", ""categories"": ""Question"", ""type"": ""Deep Reasoning""}, {""sentence"": ""그리고 보호자들이 원하더라도 동물들에게 좋은 방법인지 다시 생각을 해보면 좋을 것 같네"", ""categories"": ""Statement"", ""type"": ""Recommendation""}], ""new_knowledge"": [""Evaluating the inherent interest of an idea is important for gauging its potential success."", ""Understanding the specific needs and behaviors of the target user is crucial for designing effective solutions."", ""Re-evaluating the design from the perspective of the end-user can lead to better solutions.""], ""new_actionPlan"": [""Assess the novelty and appeal of the design idea to ensure it captures user interest."", ""Conduct user research to understand the needs and behaviors of pet owners and their pets."", ""Reassess the design to ensure it aligns with the needs and preferences of both the pet owners and the pets.""], ""new_thinking"": ""아이디어 자체가 재미있는지 평가하는 것이 중요하구나. 사용자의 구체적인 요구와 행동을 이해하는 것이 효과적인 솔루션을 설계하는 데 중요하구나. 사용자 관점에서 디자인을 다시 평가하면 더 나은 솔루션을 찾을 수 있겠네."", ""evaluation"": {""sentences"": [{""sentence"": ""그래서 아이디어 자체가 재미는 있을 것 같은데,"", ""categories"": ""Statement"", ""type"": ""Evaluation"", ""knowledge"": ""The idea seems interesting."", ""evaluation"": {""specificity"": 2, ""justification"": 2, ""active"": 1, ""sentiment"": 1}}, {""sentence"": ""정말 보호자들이 원할지,"", ""categories"": ""Question"", ""type"": ""Deep Reasoning"", ""knowledge"": ""Consider if pet owners would actually want this."", ""evaluation"": {""timely"": 5, ""relevance"": 5, ""high-level"": 5, ""sentiment"": 0}}, {""sentence"": ""그리고 보호자들이 원하더라도 동물들에게 좋은 방법인지 다시 생각을 해보면 좋을 것 같네"", ""categories"": ""Statement"", ""type"": ""Recommendation"", ""knowledge"": ""Reconsider if the method is good for the animals even if owners want it."", ""evaluation"": {""specificity"": 4, ""justification"": 4, ""active"": 4, ""sentiment"": 0}}]}, ""response"": {""answer"": ""맞아요, 재미만으로는 부족할 수도 있죠. 보호자와 동물 모두에게 유익한 방향으로 발전시킬 방법을 고민해볼게요.""}}"
21,2024-08-15 0:49:52,user_feedaback,"{""user_input"": ""반려동물 목소리를 자연어로 번역하는 서비스 말고 생각해본 완전히 다른 아이디어도 있을까?"", ""category"": [{""sentence"": ""반려동물 목소리를 자연어로 번역하는 서비스 말고 생각해본 완전히 다른 아이디어도 있을까?"", ""categories"": ""Question"", ""type"": ""Generate Design""}], ""new_knowledge"": [""Exploring alternative ideas can lead to innovative solutions.""], ""new_actionPlan"": [""Brainstorm and evaluate other potential ideas that address the needs of pet owners and their pets.""], ""new_thinking"": ""반려동물 목소리 번역 서비스 말고 완전히 다른 아이디어도 있을까?"", ""evaluation"": {""sentences"": [{""sentence"": ""반려동물 목소리를 자연어로 번역하는 서비스 말고 생각해본 완전히 다른 아이디어도 있을까?"", ""categories"": ""Question"", ""type"": ""Generate Design"", ""knowledge"": ""Consider alternative ideas beyond translating pet voices to natural language."", ""evaluation"": {""timely"": 5, ""relevance"": 5, ""high-level"": 5, ""specificity"": 0, ""justification"": 0, ""active"": 0, ""sentiment"": 0}}]}, ""response"": {""answer"": ""죄송해요, 아직은 다른 아이디어는 생각해보지 못했어요. 지금 이 아이디어를 더 발전시키려고 해요.""}}"
21,2024-08-15 0:50:26,user_feedaback,"{""user_input"": ""이 아이디어를 꼭 발전시키고 싶은 이유는 뭐야?"", ""category"": [{""sentence"": ""이 아이디어를 꼭 발전시키고 싶은 이유는 뭐야?"", ""categories"": ""Question"", ""type"": ""Deep Reasoning""}], ""new_knowledge"": [""Understanding the motivation behind developing an idea can help refine its purpose and direction.""], ""new_actionPlan"": [""Reflect on the core reasons for wanting to develop this idea and how it aligns with the needs of the target users.""], ""new_thinking"": ""이 아이디어를 꼭 발전시키고 싶은 이유는 뭐지?"", ""evaluation"": {""sentences"": [{""sentence"": ""이 아이디어를 꼭 발전시키고 싶은 이유는 뭐야?"", ""categories"": ""Question"", ""type"": ""Deep Reasoning"", ""knowledge"": ""The mentor is asking for the student's motivation behind developing this specific idea."", ""evaluation"": {""timely"": 6, ""relevance"": 7, ""high-level"": 5, ""specificity"": 0, ""justification"": 0, ""active"": 0, ""sentiment"": 0}}]}, ""response"": {""answer"": ""저희 강아지가 가끔 아플 때 말 못해서 답답했어요. 그래서 반려동물의 마음을 더 잘 이해해보려고 이 아이디어를 생각했어요.""}}"
21,2024-08-15 0:51:16,user_feedaback,"{""user_input"": ""동건이는 반려동물과 교감하기 위해서 주로 어떤 행동을 하곤해?"", ""category"": [{""sentence"": ""동건이는 반려동물과 교감하기 위해서 주로 어떤 행동을 하곤해?"", ""categories"": ""Question"", ""type"": ""Deep Reasoning""}], ""new_knowledge"": [""Understanding the specific actions and behaviors of the target user is essential for creating effective solutions.""], ""new_actionPlan"": [""Investigate and document the specific actions and behaviors of pets to better inform the design of the translation service.""], ""new_thinking"": ""반려동물의 구체적인 행동과 습관을 이해하는 것이 중요하구나."", ""evaluation"": {""sentences"": [{""sentence"": ""동건이는 반려동물과 교감하기 위해서 주로 어떤 행동을 하곤해?"", ""categories"": ""Question"", ""type"": ""Deep Reasoning"", ""knowledge"": ""Understanding the student's usual interactions with their pet can provide insights into the design's practical application."", ""evaluation"": {""timely"": 5, ""relevance"": 6, ""high-level"": 5, ""specificity"": 0, ""justification"": 0, ""active"": 0, ""sentiment"": 0}}]}, ""response"": {""answer"": ""주로 산책을 많이 다녀요. 그리고 가끔은 같이 놀이도 하고요. 이런 경험들이 반려동물의 마음을 이해하는 데 도움이 되는 것 같아요.""}}"
21,2024-08-15 0:51:17,student_question,"{""question"": ""선생님께서는 시스템이 반려동물 소리를 잘못 해석했을 때 견주와 동물에게 미치는 영향을 어떻게 생각하시나요?""}"
21,2024-08-15 0:53:21,user_feedaback,"{""user_input"": ""동건이 말로는 정확도가 중요하지 않겠다고 하지만, 내 생각에는 정확도가 정말 중요할 것 같아. 사람의 언어를 번역할 때도 작은 실수하나가 큰 오해를 낳기 마련인데, 정확도가 낮으면 정말 많은 오해들이 생기고 강아지에 대한 인식이 바뀔 것 같아"", ""category"": [{""sentence"": ""동건이 말로는 정확도가 중요하지 않겠다고 하지만, 내 생각에는 정확도가 정말 중요할 것 같아."", ""categories"": ""Statement"", ""type"": ""Evaluation""}, {""sentence"": ""사람의 언어를 번역할 때도 작은 실수하나가 큰 오해를 낳기 마련인데, 정확도가 낮으면 정말 많은 오해들이 생기고 강아지에 대한 인식이 바뀔 것 같아"", ""categories"": ""Statement"", ""type"": ""Evaluation""}], ""new_knowledge"": [""Accuracy is a critical factor in the success of a design solution."", ""Accuracy is crucial in translation systems to avoid misunderstandings.""], ""new_actionPlan"": [""Focus on improving the accuracy of the system to ensure it meets user expectations and needs."", ""Focus on improving the accuracy of the translation model to minimize potential misunderstandings.""], ""new_thinking"": ""정확도가 정말 중요하구나. 번역 시스템에서 정확도가 중요하구나, 오해를 피하려면!"", ""evaluation"": {""sentences"": [{""sentence"": ""동건이 말로는 정확도가 중요하지 않겠다고 하지만, 내 생각에는 정확도가 정말 중요할 것 같아."", ""categories"": ""Statement"", ""type"": ""Evaluation"", ""knowledge"": ""Accuracy is crucial for the system's effectiveness."", ""evaluation"": {""specificity"": 6, ""justification"": 6, ""active"": 5, ""sentiment"": 0}}, {""sentence"": ""사람의 언어를 번역할 때도 작은 실수하나가 큰 오해를 낳기 마련인데, 정확도가 낮으면 정말 많은 오해들이 생기고 강아지에 대한 인식이 바뀔 것 같아"", ""categories"": ""Statement"", ""type"": ""Evaluation"", ""knowledge"": ""Low accuracy can lead to significant misunderstandings and change perceptions of dogs."", ""evaluation"": {""specificity"": 6, ""justification"": 6, ""active"": 5, ""sentiment"": 0}}]}, ""response"": {""answer"": ""맞아요. 정확도가 정말 중요해요. 연구와 테스트를 통해 정확도를 높이는 방법을 찾아야겠어요.""}}"
21,2024-08-15 0:54:38,user_feedaback,"{""user_input"": ""그리고 애초에 강아지를 사람의 관점으로 이해하려는 것 자체가 보호자로서의 좋은 태도일지에 대해서 생각해보면 좋겠어."", ""category"": [{""sentence"": ""그리고 애초에 강아지를 사람의 관점으로 이해하려는 것 자체가 보호자로서의 좋은 태도일지에 대해서 생각해보면 좋겠어."", ""categories"": ""Statement"", ""type"": ""Evaluation""}], ""new_knowledge"": [""Understanding the perspective of the pet owner is essential for creating a beneficial design.""], ""new_actionPlan"": [""Re-evaluate the design to ensure it aligns with the needs and perspectives of pet owners.""], ""new_thinking"": ""반려동물을 사람의 관점으로 이해하려는 것이 보호자로서의 좋은 태도일지 생각해봐야겠어."", ""evaluation"": {""sentences"": [{""sentence"": ""그리고 애초에 강아지를 사람의 관점으로 이해하려는 것 자체가 보호자로서의 좋은 태도일지에 대해서 생각해보면 좋겠어."", ""categories"": ""Statement"", ""type"": ""Evaluation"", ""knowledge"": ""Considering whether understanding dogs from a human perspective is a good attitude as a pet owner."", ""evaluation"": {""specificity"": 5, ""justification"": 6, ""active"": 4, ""sentiment"": 0}}]}, ""response"": {""answer"": ""강아지를 사람의 관점으로 이해하려는 것 대신, 강아지의 본능과 습성을 존중하고 이해하는 방법도 고려해야 할 것 같아요. 이 부분에 대해도 고민해볼게요.""}}"
21,2024-08-15 0:55:11,user_feedaback,"{""user_input"": ""그럼 지금까지의 피드백을 듣고 새로 떠오른 아이디어들을 브레인스토밍하듯 말해볼래?"", ""category"": [{""sentence"": ""그럼 지금까지의 피드백을 듣고 새로 떠오른 아이디어들을 브레인스토밍하듯 말해볼래?"", ""categories"": ""Question"", ""type"": ""Generate Design""}], ""new_knowledge"": [""Exploring new ideas can lead to innovative solutions.""], ""new_actionPlan"": [""Brainstorm and document alternative ideas that could address the same problem from different angles.""], ""new_thinking"": ""새로운 아이디어를 탐구하면 혁신적인 해결책을 찾을 수 있겠구나!"", ""evaluation"": {""sentences"": [{""sentence"": ""그럼 지금까지의 피드백을 듣고 새로 떠오른 아이디어들을 브레인스토밍하듯 말해볼래?"", ""categories"": ""Question"", ""type"": ""Generate Design"", ""knowledge"": ""The mentor is asking the student to brainstorm new ideas based on the feedback received so far."", ""evaluation"": {""timely"": 6, ""relevance"": 6, ""high-level"": 5, ""specificity"": 0, ""justification"": 0, ""active"": 0, ""sentiment"": 1}}]}, ""response"": {""answer"": ""강아지 건강 모니터링 시스템? 혹은 강아지의 감정 상태를 분석해주는 앱? 간식 주는 드론 같은 신기한 아이디어도 떠오르고요. 건강 기록을 다이어리처럼 정리해주는 서비스도 재미있을 것 같네요.""}}"
21,2024-08-15 0:58:31,user_feedaback,"{""user_input"": ""결국에는 문제의 핵심은 보호자가 반려동물의 마음과 상태를 이해하지 못하는 것에 있으니까, 3번째 아이디어를 제외해서 다른 아이디어 중에서 하나를 골라볼래? "", ""category"": [{""sentence"": ""결국에는 문제의 핵심은 보호자가 반려동물의 마음과 상태를 이해하지 못하는 것에 있으니까,"", ""categories"": ""Statement"", ""type"": ""Evaluation""}, {""sentence"": ""3번째 아이디어를 제외해서 다른 아이디어 중에서 하나를 골라볼래?"", ""categories"": ""Question"", ""type"": ""Generate Design""}], ""new_knowledge"": [""Understanding the core problem is essential for developing effective solutions."", ""Exploring alternative ideas can lead to innovative solutions.""], ""new_actionPlan"": [""Identify and address the core problem of pet owners not understanding their pets' emotions and conditions."", ""Brainstorm and evaluate other potential ideas that could address the same problem or a related issue.""], ""new_thinking"": ""결국에는 문제의 핵심은 보호자가 반려동물의 마음과 상태를 이해하지 못하는 것에 있구나. 다른 아이디어를 탐구하면 혁신적인 해결책을 찾을 수 있겠구나."", ""evaluation"": {""sentences"": [{""sentence"": ""결국에는 문제의 핵심은 보호자가 반려동물의 마음과 상태를 이해하지 못하는 것에 있으니까,"", ""categories"": ""Statement"", ""type"": ""Evaluation"", ""knowledge"": ""The core issue is that pet owners do not understand their pets' feelings and conditions."", ""evaluation"": {""specificity"": 5, ""justification"": 5, ""active"": 4, ""sentiment"": 0}}, {""sentence"": ""3번째 아이디어를 제외해서 다른 아이디어 중에서 하나를 골라볼래?"", ""categories"": ""Question"", ""type"": ""Generate Design"", ""knowledge"": ""Choose one idea from the remaining options excluding the third idea."", ""evaluation"": {""timely"": 5, ""relevance"": 5, ""high-level"": 4, ""sentiment"": 0}}]}, ""response"": {""answer"": ""그럼 강아지 건강 모니터링 시스템에 집중해볼까요? 이런 시스템이면 보호자들이 실시간으로 강아지의 건강 상태를 확인할 수 있어서 유용할 것 같아요.""}}"
21,2024-08-15 0:59:00,update_idea,"{""title"": ""반려동물 건강 모니터링 시스템"", ""problem"": ""반려동물 보호자들이 자신의 반려동물의 상태와 감정을 정확하게 이해하지 못하는 문제"", ""idea"": ""보호자가 반려동물의 건강 상태를 실시간으로 확인할 수 있는 모니터링 시스템을 개발하는 것이다. 이 시스템은 반려동물에게 착용 가능한 센서를 통해 심박수, 체온, 활동량 등의 데이터를 수집하고, 이를 앱을 통해 보호자에게 전달한다. 또한, 이 시스템은 각 데이터를 분석하여 반려동물의 건강 상태에 문제가 있는지 예측하고, 문제가 감지되면 보호자에게 알림을 보내주는 기능도 제공한다. 이를 위해 반려동물 행동 전문가와의 협력을 통해 어떤 신호가 건강 이상의 징후인지 정확히 파악하고, 이를 바탕으로 데이터를 정확하게 해석할 수 있는 모델을 개발할 필요가 있다. 추가로, 반려동물의 감정 상태를 추정할 수 있는 요소들도 모니터링하여 보호자가 반려동물의 심리 상태를 더 잘 이해할 수 있도록 돕는 기능도 고려해볼 수 있다.""}"
21,2024-08-15 1:00:06,user_feedaback,"{""user_input"": ""강아지가 불편하지 않은 방식으로 모니터링을 하는 것이 중요할 것 같은데, 혹시 생각해본 아이디어가 있을까?"", ""category"": [{""sentence"": ""강아지가 불편하지 않은 방식으로 모니터링을 하는 것이 중요할 것 같은데,"", ""categories"": ""Statement"", ""type"": ""Evaluation""}, {""sentence"": ""혹시 생각해본 아이디어가 있을까?"", ""categories"": ""Question"", ""type"": ""Generate Design""}], ""new_knowledge"": [""Ensuring the comfort and well-being of the user is crucial in any design."", ""Exploring new ideas can lead to innovative solutions.""], ""new_actionPlan"": [""Consider how the design can be adjusted to ensure the comfort and well-being of the pet."", ""Brainstorm additional ideas that could complement or enhance the current design.""], ""new_thinking"": ""사용자의 편안함과 웰빙을 보장하는 것이 중요하구나. 새로운 아이디어를 탐구하면 혁신적인 해결책을 찾을 수 있어!"", ""evaluation"": {""sentences"": [{""sentence"": ""강아지가 불편하지 않은 방식으로 모니터링을 하는 것이 중요할 것 같은데,"", ""categories"": ""Statement"", ""type"": ""Evaluation"", ""knowledge"": ""Monitoring should be done in a way that does not cause discomfort to the pet."", ""evaluation"": {""specificity"": 5, ""justification"": 4, ""active"": 3, ""sentiment"": 0}}, {""sentence"": ""혹시 생각해본 아이디어가 있을까?"", ""categories"": ""Question"", ""type"": ""Generate Design"", ""knowledge"": ""The mentor is asking if the student has any ideas for monitoring without causing discomfort."", ""evaluation"": {""timely"": 5, ""relevance"": 5, ""high-level"": 4, ""specificity"": 0, ""justification"": 0, ""active"": 0, ""sentiment"": 0}}]}, ""response"": {""answer"": ""강아지가 싫어하지 않고 편하게 착용할 수 있는 인체공학적 디자인의 웨어러블 기기를 생각해볼 수 있어요. 예를 들어, 목걸이 형태의 센서나 옷에 삽입할 수 있는 형태로 말이죠.""}}"
21,2024-08-15 1:01:06,user_feedaback,"{""user_input"": ""웅 하나의 디자인을 만들다기보다 강아지들도 선호를 가질 수 있어서, 다양한 컨셉을 제안해보는 것도 좋을 것 같아"", ""category"": [{""sentence"": ""웅 하나의 디자인을 만들다기보다 강아지들도 선호를 가질 수 있어서,"", ""categories"": ""Statement"", ""type"": ""Recommendation""}, {""sentence"": ""다양한 컨셉을 제안해보는 것도 좋을 것 같아"", ""categories"": ""Statement"", ""type"": ""Recommendation""}], ""new_knowledge"": [""Designing solutions that pets can choose to engage with can enhance their comfort and acceptance."", ""Exploring various contexts can lead to more comprehensive design solutions.""], ""new_actionPlan"": [""Consider developing a system that allows pets to interact with or opt into the monitoring process voluntarily."", ""Consider different contexts and scenarios where the design could be applied to ensure it is versatile and effective.""], ""new_thinking"": ""반려동물도 선택할 수 있는 시스템을 만들면 더 편안해할 수 있겠구나. 다양한 상황을 고려하면 더 포괄적인 디자인 솔루션을 만들 수 있겠어."", ""evaluation"": {""sentences"": [{""sentence"": ""웅 하나의 디자인을 만들다기보다 강아지들도 선호를 가질 수 있어서,"", ""categories"": ""Statement"", ""type"": ""Recommendation"", ""knowledge"": ""강아지들도 선호를 가질 수 있다."", ""evaluation"": {""specificity"": 4, ""justification"": 3, ""active"": 4, ""sentiment"": 0}}, {""sentence"": ""다양한 컨셉을 제안해보는 것도 좋을 것 같아"", ""categories"": ""Statement"", ""type"": ""Recommendation"", ""knowledge"": ""다양한 컨셉을 제안하는 것이 좋다."", ""evaluation"": {""specificity"": 3, ""justification"": 3, ""active"": 4, ""sentiment"": 1}}]}, ""response"": {""answer"": ""맞아요! 여러 디자인 옵션을 제공해서 각기 다른 강아지들의 선호에 맞출 수 있도록 할게요. 예를 들어, 목걸이, 가슴띠, 심지어는 옷에 부착할 수 있는 센서 등 다양한 형태로 개발해보면 좋겠네요.""}}"
21,2024-08-15 1:01:07,student_question,"{""question"": ""반려동물 건강 모니터링 시스템의 정확성을 높이기 위해 고려해야 할 다른 요소들이 있을까요?""}"
21,2024-08-15 1:02:37,user_feedaback,"{""user_input"": ""건강 중에서 사실, 무엇을 모니터링하냐에 따라서 다를 것 같네. 동건이는 어떤 부분을 가장 궁금해하고 있어? 그리고 이 부분을 설정하기 위해서는 단순히 아이디어뿐만 아니라 자료조사가 많이 필요할 것 같다는 생각이 드네"", ""category"": [{""sentence"": ""건강 중에서 사실, 무엇을 모니터링하냐에 따라서 다를 것 같네."", ""categories"": ""Statement"", ""type"": ""Evaluation""}, {""sentence"": ""동건이는 어떤 부분을 가장 궁금해하고 있어?"", ""categories"": ""Question"", ""type"": ""Low-Level""}, {""sentence"": ""그리고 이 부분을 설정하기 위해서는 단순히 아이디어뿐만 아니라 자료조사가 많이 필요할 것 같다는 생각이 드네"", ""categories"": ""Statement"", ""type"": ""Recommendation""}], ""new_knowledge"": [""Different aspects of health monitoring may require different approaches."", ""Understanding the specific aspects of a design that intrigue you can help refine and focus your efforts."", ""Comprehensive data collection is essential for setting up effective design solutions.""], ""new_actionPlan"": [""Identify and categorize the various health metrics to determine the best monitoring approach for each."", ""Identify the most intriguing aspects of your design idea and focus on refining those elements."", ""Conduct extensive research to gather relevant data that can inform the design process.""], ""new_thinking"": ""건강 모니터링의 다양한 측면에 따라 접근 방식이 달라질 수 있겠구나. 내가 가장 궁금해하는 부분을 명확히 하면 디자인을 더 잘 발전시킬 수 있겠어. 효과적인 디자인 솔루션을 설정하기 위해서는 포괄적인 데이터 수집이 필수적이구나."", ""evaluation"": {""sentences"": [{""sentence"": ""건강 중에서 사실, 무엇을 모니터링하냐에 따라서 다를 것 같네."", ""categories"": ""Statement"", ""type"": ""Evaluation"", ""knowledge"": ""The effectiveness of the monitoring system depends on what specific health aspects are being monitored."", ""evaluation"": {""specificity"": 5, ""justification"": 4, ""active"": 3, ""sentiment"": 0}}, {""sentence"": ""동건이는 어떤 부분을 가장 궁금해하고 있어?"", ""categories"": ""Question"", ""type"": ""Low-Level"", ""knowledge"": ""The mentor is asking which specific aspect the student is most curious about."", ""evaluation"": {""timely"": 4, ""relevance"": 3, ""high-level"": 1, ""sentiment"": 0}}, {""sentence"": ""그리고 이 부분을 설정하기 위해서는 단순히 아이디어뿐만 아니라 자료조사가 많이 필요할 것 같다는 생각이 드네"", ""categories"": ""Statement"", ""type"": ""Recommendation"", ""knowledge"": ""Extensive research is necessary to set up the monitoring system effectively."", ""evaluation"": {""specificity"": 4, ""justification"": 5, ""active"": 4, ""sentiment"": 0}}]}, ""response"": {""answer"": ""저는 주로 심박수, 체온, 활동량을 모니터링하고 싶어요. 이 데이터들이 건강 상태를 잘 반영한다고 생각해요. 자료조사도 해볼게요, 밑바탕이 되는 데이터와 사례들을 찾아보겠습니다.""}}"
21,2024-08-15 1:04:02,user_feedaback,"{""user_input"": ""심가수, 체온, 활동량 정도는 쉽게 측정할 수 있어서 걱정할 필요는 없을 것 같아. 그럼 지금까지 정리된 아이디어를 말해볼래?"", ""category"": [{""sentence"": ""심가수, 체온, 활동량 정도는 쉽게 측정할 수 있어서 걱정할 필요는 없을 것 같아."", ""categories"": ""Statement"", ""type"": ""Evaluation""}, {""sentence"": ""그럼 지금까지 정리된 아이디어를 말해볼래?"", ""categories"": ""Question"", ""type"": ""Concept Completion""}], ""new_knowledge"": [""Identifying easily measurable parameters can simplify the design process."", ""Summarizing and organizing accumulated ideas can help clarify the direction of the design.""], ""new_actionPlan"": [""Focus on parameters that are straightforward to measure and analyze for the initial design phase."", ""Review and organize all the ideas and feedback received so far to identify the most promising direction for the design.""], ""new_thinking"": ""쉽게 측정할 수 있는 요소를 선택하면 디자인 과정이 단순해질 수 있겠어. 지금까지 정리된 아이디어를 다시 한번 정리해보면 디자인 방향이 더 명확해질 수 있겠어."", ""evaluation"": {""sentences"": [{""sentence"": ""심가수, 체온, 활동량 정도는 쉽게 측정할 수 있어서 걱정할 필요는 없을 것 같아."", ""categories"": ""Statement"", ""type"": ""Evaluation"", ""knowledge"": ""Basic health metrics like heart rate, body temperature, and activity level are easy to measure."", ""evaluation"": {""specificity"": 6, ""justification"": 5, ""active"": 4, ""sentiment"": 1}}, {""sentence"": ""그럼 지금까지 정리된 아이디어를 말해볼래?"", ""categories"": ""Question"", ""type"": ""Concept Completion"", ""knowledge"": ""The mentor is asking for a summary of the ideas discussed so far."", ""evaluation"": {""timely"": 6, ""relevance"": 6, ""high-level"": 5, ""sentiment"": 1}}]}, ""response"": {""answer"": ""네, 제가 생각한 아이디어는 반려동물의 건강 모니터링 시스템입니다. 이 시스템은 반려동물에게 착용 가능한 센서를 통해 심박수, 체온, 활동량을 모니터링하여 실시간으로 데이터를 수집합니다. 수집된 데이터는 앱을 통해 보호자에게 전달되어 반려동물의 건강 상태에 문제가 있는지 예측하고, 문제가 있으면 알림을 보내주는 기능을 갖추고 있습니다. 또한, 반려동물의 심리 상태를 추정할 수 있는 요소들도 모니터링할 예정입니다.""}}"
21,2024-08-15 1:04:37,update_idea,"{""title"": ""반려동물 건강 모니터링 시스템"", ""problem"": ""반려동물은 자신의 건강 상태를 말로 표현할 수 없어, 그들의 건강 문제를 보호자가 적시에 파악하기 힘들다는 점"", ""idea"": ""반려동물의 편안함과 웰빙을 보장하는 디자인 조정을 고려하여 건강 모니터링 시스템을 개발하고자 합니다. 이 시스템은 착용이 간편하고 반려동물이 스트레스를 느끼지 않는 인체공학적인 웨어러블 디바이스로 구성됩니다. 다양한 형태의 디자인(목걸이, 가슴띠, 옷 부착형)을 제공하여 각각의 반려동물의 선호도에 맞게 선택할 수 있도록 합니다. 시스템은 반려동물이 자발적으로 모니터링 과정에 참여할 수 있도록 개발되며, 심박수, 체온, 활동량 등 기본적인 건강 지표를 측정하여 앱을 통해 실시간 데이터를 보호자에게 전송합니다. 이를 기반으로 반려동물의 건강 상태가 이상이 있는 경우 즉시 알림을 보내 문제를 예방합니다. 또한, 반려동물의 감정 상태를 추측할 수 있는 데이터를 추가로 모니터링하여 보호자가 반려동물의 심리적 상태를 더 잘 이해할 수 있도록 돕습니다. 모든 디자인은 반려동물의 편안함을 최우선으로 하며, 다양한 생활 환경에서 적용될 수 있도록 유연성을 갖추고 있습니다. 철저한 자료 조사를 통해 각 요소의 정확도와 효율성을 높이는 것을 목표로 합니다.""}"
21,2024-08-15 1:06:07,finish,
 ,,,