user_id,timestamp,tag,data
21,2024-08-15 0:19:49,start,
21,2024-08-15 0:22:03,user_feedaback,"{""user_input"": ""안녕 동건아, 이 아이디어를 도입하게 되면, 학생의 입장에서는 어떤 마음이 들 것 같아?"", ""category"": [{""sentence"": ""학생의 입장에서는 어떤 마음이 들 것 같아?"", ""categories"": ""Question"", ""type"": ""Judgmental""}], ""new_knowledge"": [""Understanding the user's perspective is crucial for designing effective solutions.""], ""new_actionPlan"": [""Conduct surveys or interviews to gather insights on how users feel about the proposed system.""], ""new_thinking"": ""사용자의 입장에서 어떤 마음이 들지 이해하는 것이 중요하구나."", ""evaluation"": {""sentences"": [{""sentence"": ""학생의 입장에서는 어떤 마음이 들 것 같아?"", ""categories"": ""Question"", ""type"": ""Judgmental"", ""knowledge"": ""Consider the student's perspective."", ""evaluation"": {""timely"": 5, ""relevance"": 6, ""high-level"": 4, ""specificity"": 0, ""justification"": 0, ""active"": 0, ""sentiment"": 0}}]}, ""response"": {""answer"": ""학생들은 불편함을 느낄 수도 있지만, 장기적으로는 탄소 배출 절감에 기여하는 자부심을 가질 거라 생각해요.""}}"
21,2024-08-15 0:22:25,user_feedaback,"{""user_input"": ""학생들은 왜 불편함을 느낄 수 있을 것 같아?"", ""category"": [{""sentence"": ""학생들은 왜 불편함을 느낄 수 있을 것 같아?"", ""categories"": ""Question"", ""type"": ""Deep Reasoning""}], ""new_knowledge"": [""Understanding the reasons behind user discomfort can help in designing more user-friendly solutions.""], ""new_actionPlan"": [""Investigate the specific reasons why students might feel discomfort with the proposed system and address those concerns in the design.""], ""new_thinking"": ""학생들이 왜 불편함을 느낄 수 있는지 이해하는 것이 중요하구나."", ""evaluation"": {""sentences"": [{""sentence"": ""학생들은 왜 불편함을 느낄 수 있을 것 같아?"", ""categories"": ""Question"", ""type"": ""Deep Reasoning"", ""knowledge"": ""The mentor is asking why students might feel discomfort."", ""evaluation"": {""timely"": 6, ""relevance"": 7, ""high-level"": 5, ""specificity"": 0, ""justification"": 0, ""active"": 0, ""sentiment"": 0}}]}, ""response"": {""answer"": ""에어컨과 불이 자동으로 꺼지면 갑자기 더워지거나 어두워질 수 있어서 불편해질 수 있어요.""}}"
21,2024-08-15 0:23:10,user_feedaback,"{""user_input"": ""시스템 오류가 발생할 수 있어서 그런거니?"", ""category"": [{""sentence"": ""시스템 오류가 발생할 수 있어서 그런거니?"", ""categories"": ""Question"", ""type"": ""Deep Reasoning""}], ""new_knowledge"": [""Anticipating potential system errors is crucial for robust design.""], ""new_actionPlan"": [""Identify and address potential system errors that could arise in the proposed solution.""], ""new_thinking"": ""시스템 오류가 발생할 수 있는 가능성을 미리 고려하는 것이 중요하구나."", ""evaluation"": {""sentences"": [{""sentence"": ""시스템 오류가 발생할 수 있어서 그런거니?"", ""categories"": ""Question"", ""type"": ""Deep Reasoning"", ""knowledge"": ""The mentor is asking if system errors could be a reason for potential inconvenience."", ""evaluation"": {""timely"": 5, ""relevance"": 6, ""high-level"": 5, ""specificity"": 0, ""justification"": 0, ""active"": 0, ""sentiment"": 0}}]}, ""response"": {""answer"": ""아무래도 시스템 오류보다는 학생들 습관이 변화해야 해서 불편함을 느낄 것 같아요. 오류보다는 적응의 문제일 듯해요.""}}"
21,2024-08-15 0:23:58,user_feedaback,"{""user_input"": ""그렇다면 학생의 습관이 변화하지 않으면서도 탄소 절감을 할 수 있는 아이디어가 있을까?"", ""category"": [{""sentence"": ""그렇다면 학생의 습관이 변화하지 않으면서도 탄소 절감을 할 수 있는 아이디어가 있을까?"", ""categories"": ""Question"", ""type"": ""Generate Design""}], ""new_knowledge"": [""Design solutions should consider user habits and provide benefits without requiring significant behavior changes.""], ""new_actionPlan"": [""Explore ways to integrate the system seamlessly into students' routines to minimize disruption while achieving carbon reduction goals.""], ""new_thinking"": ""사용자 습관을 크게 바꾸지 않으면서도 혜택을 제공할 수 있는 디자인 솔루션을 고려해야 해."", ""evaluation"": {""sentences"": [{""sentence"": ""그렇다면 학생의 습관이 변화하지 않으면서도 탄소 절감을 할 수 있는 아이디어가 있을까?"", ""categories"": ""Question"", ""type"": ""Generate Design"", ""knowledge"": ""Consider ideas that reduce carbon emissions without requiring changes in student habits."", ""evaluation"": {""timely"": 6, ""relevance"": 7, ""high-level"": 5, ""specificity"": 0, ""justification"": 0, ""active"": 0, ""sentiment"": 0}}]}, ""response"": {""answer"": ""학생의 습관을 변화시키지 않으면서 탄소 절감을 실현하려면, 자동 온도 조절 및 조명 시스템을 통해 학생들이 편안함을 느끼도록 보완할 수 있을 것 같아. 예를 들어, 학생들이 외출하면 에어컨은 절전 모드로 자동 조절되고, 돌아오면 설정된 온도로 즉시 되돌아오는 등의 방안을 생각해볼 수 있겠어.""}}"
21,2024-08-15 0:24:47,update_idea,"{""title"": ""기숙사 내 지능형 에너지 절약 시스템"", ""problem"": ""기숙사에서 학생들이 전기세 걱정 없이 에어컨을 과도하게 사용하거나 외출 시에도 에어컨이나 불을 켜둔 채로 두는 경우가 많아 전력 낭비가 심각함."", ""idea"": ""기존의 아이디어를 발전시켜 학생들의 습관을 크게 변화시키지 않으면서도 에너지 사용을 효율적으로 관리할 수 있는 ‘지능형 에너지 절약 시스템’을 도입합니다. 첫째로, 학생들이 기숙사 출입 시 사용하는 학생증을 기반으로 하는 출입 인식 시스템을 활용하여, 학생이 외출 시 자동으로 에너지 절약 모드로 전환됩니다. 이 모드에서는 에어컨이 절전 모드로 설정되며 조명은 필수적인 곳을 제외하고는 꺼지게 됩니다. 둘째로, 학생들이 돌아올 예정 시간을 미리 설정할 수 있는 옵션을 제공하여, 설정된 시간에 맞춰 에어컨과 조명이 자동으로 원하는 상태로 복귀하도록 합니다. 셋째로, 에너지 사용 실시간 모니터링 시스템을 통해 학생들이 자신의 전력 사용량을 확인할 수 있도록 하여, 스스로 에너지 절약을 실천할 수 있는 동기를 부여합니다. 넷째로, 사용자 피드백을 정기적으로 수집하고 시스템의 오류를 최소화하기 위해 지속적인 업데이트와 유지보수를 실시합니다. 이러한 시스템은 학생들이 느끼는 불편함을 최소화하고, 학생들의 일상 속에 자연스럽게 녹아들도록 설계하였으며, 탄소 배출량을 줄이는 동시에 학생들에게 적극적인 환경 보호 참여의 기회를 제공합니다.""}"
21,2024-08-15 0:27:24,user_feedaback,"{""user_input"": ""여기서 궁금한게 생겼어, 여름에는 특히 빨래를 기숙사에서 말리기도 할것같은데, 이렇게 자동으로 에어컨이 꺼지는 것이 학입장에서는 불편하지 않을까? "", ""category"": [{""sentence"": ""여름에는 특히 빨래를 기숙사에서 말리기도 할것같은데,"", ""categories"": ""Statement"", ""type"": ""Information""}, {""sentence"": ""이렇게 자동으로 에어컨이 꺼지는 것이 학입장에서는 불편하지 않을까?"", ""categories"": ""Question"", ""type"": ""Deep Reasoning""}], ""new_knowledge"": [""Seasonal variations should be considered in design solutions."", ""Considering user comfort is essential when implementing automated systems.""], ""new_actionPlan"": [""Incorporate features that adapt to different seasons, ensuring comfort and energy efficiency year-round."", ""Ensure the automated system maintains user comfort by providing smooth transitions and customizable settings.""], ""new_thinking"": ""계절에 따라 디자인 솔루션을 조정해야겠구나. 자동화 시스템을 도입할 때 사용자 편안함을 고려하는 것이 중요하구나."", ""evaluation"": {""sentences"": [{""sentence"": ""여름에는 특히 빨래를 기숙사에서 말리기도 할것같은데,"", ""categories"": ""Statement"", ""type"": ""Information"", ""knowledge"": ""Students may dry their laundry in the dormitory during summer."", ""evaluation"": {""specificity"": 5, ""justification"": 3, ""active"": 2, ""sentiment"": 0}}, {""sentence"": ""이렇게 자동으로 에어컨이 꺼지는 것이 학입장에서는 불편하지 않을까?"", ""categories"": ""Question"", ""type"": ""Deep Reasoning"", ""knowledge"": ""Automatically turning off the air conditioner might be inconvenient for students."", ""evaluation"": {""timely"": 5, ""relevance"": 5, ""high-level"": 5, ""sentiment"": 0}}]}, ""response"": {""answer"": ""아, 그 부분은 생각해보지 못했네. 학생들이 빨래를 말릴 때는 에어컨 절전 모드가 꺼지지 않도록 예외 설정할 수 있는 기능을 추가해야겠어.""}}"
21,2024-08-15 0:28:11,user_feedaback,"{""user_input"": ""이것도 횟수를 제한을 할 생각이야?"", ""category"": [{""sentence"": ""이것도 횟수를 제한을 할 생각이야?"", ""categories"": ""Question"", ""type"": ""Generate Design""}], ""new_knowledge"": [""Considering user habits and preferences can lead to more effective design solutions.""], ""new_actionPlan"": [""Incorporate user feedback mechanisms to understand and accommodate their habits and preferences in the design.""], ""new_thinking"": ""사용자 습관과 선호도를 고려하면 더 효과적인 디자인 솔루션을 만들 수 있겠어."", ""evaluation"": {""sentences"": [{""sentence"": ""이것도 횟수를 제한을 할 생각이야?"", ""categories"": ""Question"", ""type"": ""Generate Design"", ""knowledge"": ""The mentor is asking if there will be a limit on the number of times the exception setting can be used."", ""evaluation"": {""timely"": 5, ""relevance"": 5, ""high-level"": 4, ""specificity"": 0, ""justification"": 0, ""active"": 0, ""sentiment"": 0}}]}, ""response"": {""answer"": ""예외 설정을 너무 자주 사용하면 에너지 절약 효과가 줄어들 수 있으니, 적당히 제한하는게 좋겠어. 횟수를 제한하면 학생들도 시스템을 더 잘 활용할 거야.""}}"
21,2024-08-15 0:28:47,update_idea,"{""title"": ""기숙사 내 지능형 에너지 절약 시스템"", ""problem"": ""기숙사에서 전기세 부담이 없기 때문에 학생들이 에어컨을 비효율적으로 사용하는 경우가 많습니다. 이로 인해 전력 낭비와 탄소 배출이 증가하고 있습니다. 특히 외출 시에도 에어컨을 종일 켜두는 습관은 에너지 낭비의 주요 원인입니다."", ""idea"": ""기존의 시스템을 업그레이드하여 학생들의 습관을 크게 변화시키지 않으면서도 탄소 배출을 줄일 수 있는 ‘지능형 에너지 절약 시스템’을 구축합니다. 첫째, 학생들이 맞닥뜨릴 수 있는 계절적 변화를 고려하여 에어컨과 난방 시스템을 자동으로 조절합니다. 예를 들어, 여름철에는 빨래를 말릴 수 있도록 에어컨의 절전 모드가 일정 기간 해제되고, 겨울에는 충분한 난방을 제공하여 학생들이 불편함을 느끼지 않도록 합니다. 둘째, 출입 인식 시스템과 연동하여 학생들이 외출 시에는 절전 모드로 자동 전환되고, 복귀 시간에 맞춰 적절한 실내 온도로 조정되도록 합니다. 셋째, 사용자 맞춤 설정을 가능하게 하여, 학생들이 개인의 선호에 따라 에어컨 및 조명의 설정을 조정할 수 있도록 합니다. 넷째, 실시간 모니터링 시스템을 통해 학생들이 자신의 에너지 사용량을 확인하고, 절약실천에 참여할 수 있는 동기를 부여합니다. 다섯째, 정기적인 사용자 피드백을 수집하고 이를 시스템 업데이트에 반영하여, 학생들의 편의성을 높이고 만족도를 증가시키기 위한 개선 작업을 지속합니다. 이 시스템은 학생들이 일상에서 느끼는 불편함을 최소화하면서도 환경 보호에 적극적으로 참여할 수 있는 환경을 조성합니다.""}"
21,2024-08-15 0:30:14,user_feedaback,"{""user_input"": ""잘했어. 다음은 모니터링 시스템 아이디어를 더 구체적으로 설명해볼래?"", ""category"": [{""sentence"": ""잘했어."", ""categories"": ""Statement"", ""type"": ""Evaluation""}, {""sentence"": ""다음은 모니터링 시스템 아이디어를 더 구체적으로 설명해볼래?"", ""categories"": ""Question"", ""type"": ""Generate Design""}], ""new_knowledge"": [""Positive feedback indicates that the current design idea is on the right track."", ""Providing a detailed explanation of system features can enhance user understanding and acceptance.""], ""new_actionPlan"": [""Continue refining the design by addressing any remaining issues and incorporating additional user feedback."", ""Create comprehensive documentation or tutorials that explain how the monitoring system works and its benefits.""], ""new_thinking"": ""현재 디자인 아이디어가 올바른 방향으로 가고 있다는 긍정적인 피드백을 받았어. 시스템 기능을 자세히 설명하면 사용자 이해와 수용이 높아질 수 있겠어."", ""evaluation"": {""sentences"": [{""sentence"": ""잘했어."", ""categories"": ""Statement"", ""type"": ""Evaluation"", ""knowledge"": ""The mentor acknowledges the student's effort."", ""evaluation"": {""specificity"": 1, ""justification"": 1, ""active"": 1, ""sentiment"": 1}}, {""sentence"": ""다음은 모니터링 시스템 아이디어를 더 구체적으로 설명해볼래?"", ""categories"": ""Question"", ""type"": ""Generate Design"", ""knowledge"": ""The mentor asks for a more detailed explanation of the monitoring system idea."", ""evaluation"": {""timely"": 5, ""relevance"": 5, ""high-level"": 5, ""sentiment"": 0}}]}, ""response"": {""answer"": ""실시간 모니터링 시스템은 각 방에 설치된 센서를 통해 에너지 사용량을 측정해, 학생들이 앱이나 웹페이지를 통해 자신의 사용량을 쉽게 확인할 수 있게 해. 이런 방식으로 어느 정도 에너지를 절약했는지, 목표 대비 얼마나 더 절약이 필요한지 보여줌으로써 자연스럽게 절약에 동참하도록 유도할 수 있어.""}}"
21,2024-08-15 0:31:05,user_feedaback,"{""user_input"": ""이런 아이디어는 다른 학생들이나 기업에서 많이 낸 아이디어 아닌가 싶기도하네"", ""category"": [{""sentence"": ""이런 아이디어는 다른 학생들이나 기업에서 많이 낸 아이디어 아닌가 싶기도하네"", ""categories"": ""Statement"", ""type"": ""Evaluation""}], ""new_knowledge"": [""Comparing your design idea with existing solutions can help identify unique value propositions.""], ""new_actionPlan"": [""Research similar energy-saving systems in dormitories or other settings to identify unique features and improvements for your design.""], ""new_thinking"": ""다른 학생들이나 기업에서 이미 내놓은 아이디어와 비교해보면 내 아이디어의 독창성을 더 잘 파악할 수 있겠어."", ""evaluation"": {""sentences"": [{""sentence"": ""이런 아이디어는 다른 학생들이나 기업에서 많이 낸 아이디어 아닌가 싶기도하네"", ""categories"": ""Statement"", ""type"": ""Evaluation"", ""knowledge"": ""The idea may not be unique as it has been proposed by others."", ""evaluation"": {""specificity"": 3, ""justification"": 2, ""active"": 2, ""sentiment"": -1}}]}, ""response"": {""answer"": ""맞아, 비슷한 아이디어들이 많을 거야. 그래서 차별화된 요소를 추가해서 우리 시스템만의 강점을 살려야 해. 예를 들어, 사용자 맞춤 설정 기능이나 정기적인 사용자 피드백 반영 요소를 더 강화해볼 수 있을 것 같아.""}}"
21,2024-08-15 0:31:46,user_feedaback,"{""user_input"": ""사용자 맞춤 설정 기능이나 정기적인 사용자 피드백 반영에 대한 계획도 알려주겠어?"", ""category"": [{""sentence"": ""사용자 맞춤 설정 기능이나 정기적인 사용자 피드백 반영에 대한 계획도 알려주겠어?"", ""categories"": ""Question"", ""type"": ""Low-Level""}], ""new_knowledge"": [""Incorporating user feedback into design can enhance user satisfaction and system effectiveness.""], ""new_actionPlan"": [""Plan to regularly collect and integrate user feedback to continuously improve the system.""], ""new_thinking"": ""사용자 피드백을 반영하면 시스템의 만족도와 효과가 높아질 수 있겠어."", ""evaluation"": {""sentences"": [{""sentence"": ""사용자 맞춤 설정 기능이나 정기적인 사용자 피드백 반영에 대한 계획도 알려주겠어?"", ""categories"": ""Question"", ""type"": ""Low-Level"", ""knowledge"": ""The mentor is asking for more details about the customization and feedback integration plans."", ""evaluation"": {""timely"": 5, ""relevance"": 5, ""high-level"": 1, ""specificity"": 0, ""justification"": 0, ""active"": 0, ""sentiment"": 0}}]}, ""response"": {""answer"": ""사용자 맞춤 설정 기능은 개인별로 에어컨 온도나 설정을 자유롭게 조정할 수 있게 앱을 통해 제공할 계획이야. 사용자 피드백은 주기적으로 온라인 설문을 통해 수집하고, 이를 시스템 업데이트에 반영해서 학생들의 편의성을 개선할 거야.""}}"
21,2024-08-15 0:33:42,user_feedaback,"{""user_input"": ""앱을 통해서 온도 설정을 하는 것보다 좋은 아이디어를 낼 수 있을 것 같은데. 사실 학생들에게 더 편하게 온도 조절을 할 수 있는 것 자체는 에너지 절약에 도움이 될지 모르겠네"", ""category"": [{""sentence"": ""앱을 통해서 온도 설정을 하는 것보다 좋은 아이디어를 낼 수 있을 것 같은데."", ""categories"": ""Statement"", ""type"": ""Evaluation""}, {""sentence"": ""사실 학생들에게 더 편하게 온도 조절을 할 수 있는 것 자체는 에너지 절약에 도움이 될지 모르겠네"", ""categories"": ""Statement"", ""type"": ""Evaluation""}], ""new_knowledge"": [""User-friendly interfaces can significantly enhance the usability of a system."", ""User comfort is a critical factor in the effectiveness of energy-saving systems.""], ""new_actionPlan"": [""Develop an intuitive and user-friendly interface for the app to facilitate easy temperature settings."", ""Ensure that the system provides comfortable temperature control while still achieving energy savings.""], ""new_thinking"": ""사용자 친화적인 인터페이스가 시스템의 사용성을 크게 향상시킬 수 있구나. 사용자 편안함이 에너지 절약 시스템의 효과에 중요한 요소구나."", ""evaluation"": {""sentences"": [{""sentence"": ""앱을 통해서 온도 설정을 하는 것보다 좋은 아이디어를 낼 수 있을 것 같은데."", ""categories"": ""Statement"", ""type"": ""Evaluation"", ""knowledge"": ""There might be a better idea than setting the temperature through an app."", ""evaluation"": {""specificity"": 3, ""justification"": 2, ""active"": 2, ""sentiment"": 0}}, {""sentence"": ""사실 학생들에게 더 편하게 온도 조절을 할 수 있는 것 자체는 에너지 절약에 도움이 될지 모르겠네"", ""categories"": ""Statement"", ""type"": ""Evaluation"", ""knowledge"": ""Making it easier for students to control the temperature might not help with energy saving."", ""evaluation"": {""specificity"": 3, ""justification"": 3, ""active"": 2, ""sentiment"": 0}}]}, ""response"": {""answer"": ""음, 음성 인식이나 자동 감지 기능을 활용하는 게 더 편리할 수도 있어요. 학생들이 입실할 때 원하는 온도를 말하거나, 스스로 최적의 상태를 유지할 수 있는 시스템을 고려해볼 수 있겠네요.""}}"
21,2024-08-15 0:34:34,update_idea,"{""title"": ""기숙사 내 지능형 에너지 절약 시스템"", ""problem"": ""기숙사 내 불필요한 에어컨과 전등 사용으로 인한 에너지 낭비 문제. 학생들은 전기세 부담이 없기 때문에 효율적으로 에너지를 사용하는 것에 소홀히 할 수 있으며, 이로 인해 과도한 에너지 사용이 발생합니다."", ""idea"": ""이 프로젝트는 기숙사에서 에너지 사용을 최적화하고 학생들의 생활에 최소한의 불편을 주면서도 에너지 사용을 줄이기 위한 지능형 에너지 절약 시스템을 구현하는 것을 목표로 합니다. 첫째, 에어컨과 조명 시스템을 자동으로 조절해 각 방의 실시간 에너지 사용 상황에 맞게 최적의 에너지 사용을 가능하게 합니다. 예를 들어, 학생들이 외출 시 자동으로 절전 모드로 전환되며, 돌아올 예정 시간에 맞춰 실내 온도를 점진적으로 조절해 즉각적인 편안함을 제공합니다. 둘째, 학생들이 빨래를 말릴 때를 고려하여 에어컨의 절전 모드가 일시적으로 해제되는 예외 조건을 설정합니다. 이 기능은 앱을 통해 활성화할 수 있으며, 사용 횟수에 제한을 두어 남용을 방지합니다. 셋째, 실시간 에너지 모니터링 시스템을 도입해 학생들이 자신의 에너지 사용량을 확인하고, 절약 목표를 설정할 수 있게 합니다. 이 시스템은 웹과 모바일 앱을 통해 접근할 수 있으며, 사용자 친화적인 인터페이스를 제공합니다. 넷째, 음성 인식과 자동 감지 기능을 통해 사용자가 더욱 편리하게 시스템을 조작할 수 있게 합니다. 예를 들어, 방에 들어설 때 '쾌적한 온도로 맞춰줘'라고 말하면 시스템이 자동으로 설정된 온도에 맞추어 조절합니다. 마지막으로, 정기적으로 사용자 피드백을 수집하고 이를 통해 시스템을 지속적으로 개선합니다. 이 모든 기능을 통해 학생들이 불편함을 느끼지 않고 자연스럽게 에너지 절약에 동참할 수 있는 환경을 조성합니다.""}"
21,2024-08-15 0:35:42,user_feedaback,"{""user_input"": ""셋째, 실시간 에너지 모니터링 시스템을 도입해 학생들이 자신의 에너지 사용량을 확인하고, 절약 목표를 설정할 수 있게 합니다. 이 시스템은 웹과 모바일 앱을 통해 접근할 수 있으며, 사용자 친화적인 인터페이스를 제공합니다"", ""category"": [{""sentence"": ""셋째, 실시간 에너지 모니터링 시스템을 도입해 학생들이 자신의 에너지 사용량을 확인하고, 절약 목표를 설정할 수 있게 합니다."", ""categories"": ""Statement"", ""type"": ""Information""}, {""sentence"": ""이 시스템은 웹과 모바일 앱을 통해 접근할 수 있으며, 사용자 친화적인 인터페이스를 제공합니다."", ""categories"": ""Statement"", ""type"": ""Information""}], ""new_knowledge"": [""Providing real-time monitoring and goal-setting features can empower users to manage their energy consumption effectively."", ""User-friendly interfaces are essential for enhancing system accessibility and usability.""], ""new_actionPlan"": [""Implement a real-time energy monitoring system that allows users to track their consumption and set energy-saving goals."", ""Ensure that the web and mobile app interfaces are intuitive and easy to navigate for all users.""], ""new_thinking"": ""실시간 모니터링과 목표 설정 기능을 제공하면 사용자들이 에너지 소비를 효과적으로 관리할 수 있겠구나. 사용자 친화적인 인터페이스가 시스템 접근성과 사용성을 높이는 데 필수적이구나."", ""evaluation"": {""sentences"": [{""sentence"": ""셋째, 실시간 에너지 모니터링 시스템을 도입해 학생들이 자신의 에너지 사용량을 확인하고, 절약 목표를 설정할 수 있게 합니다."", ""categories"": ""Statement"", ""type"": ""Information"", ""knowledge"": ""The system allows students to monitor their energy usage and set savings goals."", ""evaluation"": {""specificity"": 5, ""justification"": 4, ""active"": 5, ""sentiment"": 1}}, {""sentence"": ""이 시스템은 웹과 모바일 앱을 통해 접근할 수 있으며, 사용자 친화적인 인터페이스를 제공합니다."", ""categories"": ""Statement"", ""type"": ""Information"", ""knowledge"": ""The system is accessible via web and mobile apps with a user-friendly interface."", ""evaluation"": {""specificity"": 5, ""justification"": 4, ""active"": 5, ""sentiment"": 1}}]}, ""response"": {""answer"": ""실시간 에너지 모니터링 시스템을 통해 에너지 사용량을 확인하고 목표를 설정할 수 있게 하는 생각이 좋은데요, 좀 더 구체적으로 학생들이 어떤 방식으로 목표 달성의 동기부여를 받을 수 있을지 고민해봐야 할 것 같아요. 예를 들어, 랭킹 시스템이나 보상 체계를 도입하면 더 효과적일 것 같아요.""}}"
21,2024-08-15 0:36:28,user_feedaback,"{""user_input"": ""방금 준 아이디어도 좋은 것 같아. 한번 디벨롭해서 말해볼래?"", ""category"": [{""sentence"": ""방금 준 아이디어도 좋은 것 같아."", ""categories"": ""Statement"", ""type"": ""Evaluation""}, {""sentence"": ""한번 디벨롭해서 말해볼래?"", ""categories"": ""Question"", ""type"": ""Generate Design""}], ""new_knowledge"": [""Positive feedback indicates that the current design idea is on the right track."", ""Exploring new design opportunities can lead to innovative solutions.""], ""new_actionPlan"": [""Continue refining and developing the current design idea, ensuring it addresses user needs and preferences."", ""Brainstorm and develop additional features or functionalities that can enhance the current design idea.""], ""new_thinking"": ""긍정적인 피드백은 현재 디자인 아이디어가 올바른 방향으로 가고 있다는 신호야. 새로운 디자인 기회를 탐구하면 혁신적인 솔루션을 찾을 수 있어!"", ""evaluation"": {""sentences"": [{""sentence"": ""방금 준 아이디어도 좋은 것 같아."", ""categories"": ""Statement"", ""type"": ""Evaluation"", ""knowledge"": ""The mentor thinks the student's recent idea is good."", ""evaluation"": {""specificity"": 3, ""justification"": 2, ""active"": 1, ""sentiment"": 1}}, {""sentence"": ""한번 디벨롭해서 말해볼래?"", ""categories"": ""Question"", ""type"": ""Generate Design"", ""knowledge"": ""The mentor is asking the student to further develop and explain the idea."", ""evaluation"": {""timely"": 5, ""relevance"": 5, ""high-level"": 4, ""specificity"": 0, ""justification"": 0, ""active"": 0, ""sentiment"": 0}}]}, ""response"": {""answer"": ""랭킹 시스템은 각 방의 에너지 절약 성과를 비교할 수 있게 하고, 월간 에너지 절약 상위 학생들에 대한 소정의 보상을 제공할 수 있게 해요. 보상은 무료 커피 쿠폰, 학교 물품, 에코 포인트 등 학생들이 매력적으로 느낄 만한 것으로 하면 좋겠어요.""}}"
21,2024-08-15 0:37:04,user_feedaback,"{""user_input"": ""웅 좋을 것 같아"", ""category"": [{""sentence"": ""웅 좋을 것 같아"", ""categories"": ""Statement"", ""type"": ""Evaluation""}], ""new_knowledge"": [""Positive feedback indicates that the current design idea is on the right track.""], ""new_actionPlan"": [""Continue refining and developing the current design idea while considering additional improvements.""], ""new_thinking"": ""긍정적인 피드백은 현재 디자인 아이디어가 올바른 방향으로 가고 있다는 것을 의미해."", ""evaluation"": {""sentences"": [{""sentence"": ""웅 좋을 것 같아"", ""categories"": ""Statement"", ""type"": ""Evaluation"", ""knowledge"": ""The mentor agrees with the student's idea."", ""evaluation"": {""specificity"": 1, ""justification"": 1, ""active"": 1, ""sentiment"": 1}}]}, ""response"": {""answer"": ""알겠어요! 어떤 피드백을 주시고 싶으세요?""}}"
21,2024-08-15 0:37:38,user_feedaback,"{""user_input"": ""다음은 전체적인 아이디어가 얼마나 창의적인지 다시 생각을 해봤으면 좋겠네"", ""category"": [{""sentence"": ""다음은 전체적인 아이디어가 얼마나 창의적인지 다시 생각을 해봤으면 좋겠네"", ""categories"": ""Statement"", ""type"": ""Evaluation""}], ""new_knowledge"": [""Reevaluating the overall appeal of an idea can provide new insights for improvement.""], ""new_actionPlan"": [""Reassess the overall attractiveness of the design idea to identify areas for enhancement.""], ""new_thinking"": ""전체적인 아이디어의 매력을 다시 평가해보면 새로운 개선점을 찾을 수 있겠어."", ""evaluation"": {""sentences"": [{""sentence"": ""다음은 전체적인 아이디어가 얼마나 창의적인지 다시 생각을 해봤으면 좋겠네"", ""categories"": ""Statement"", ""type"": ""Evaluation"", ""knowledge"": ""The mentor suggests reconsidering the overall creativity of the idea."", ""evaluation"": {""specificity"": 3, ""justification"": 2, ""active"": 2, ""sentiment"": 0}}]}, ""response"": {""answer"": ""알겠어요. 우리의 아이디어가 기존의 에너지 절약 시스템과 크게 다르지 않다면, 어떻게 더 창의적으로 만들 수 있을까요? 학생들의 UX를 개선할 수 있는 새로운 기능이나 다른 앵글로 접근해볼 방법이 있을까요?""}}"
21,2024-08-15 0:40:05,user_feedaback,"{""user_input"": ""우선 아이디어를 구체화하는 단계에서 창의적인 생각들이 많이 나올 수 있을 것 같아. 지금 너가 제안한 마지막 아이디어가 특히나 조금 추상적으로 느껴지고, 온라인 설문이라는 방식도 너가 제안한 아이디어/시스템이랑 관련성이 떨어지는 것 같아서 이 아이디어를 조금 더 구체화해볼래?"", ""category"": [{""sentence"": ""우선 아이디어를 구체화하는 단계에서 창의적인 생각들이 많이 나올 수 있을 것 같아."", ""categories"": ""Statement"", ""type"": ""Evaluation""}, {""sentence"": ""지금 너가 제안한 마지막 아이디어가 특히나 조금 추상적으로 느껴지고, 온라인 설문이라는 방식도 너가 제안한 아이디어/시스템이랑 관련성이 떨어지는 것 같아서 이 아이디어를 조금 더 구체화해볼래?"", ""categories"": ""Question"", ""type"": ""Generate Design""}], ""new_knowledge"": [""Reevaluating the overall appeal of an idea can provide new insights for improvement."", ""Exploring new design opportunities can lead to innovative solutions.""], ""new_actionPlan"": [""Reevaluate the creativity and uniqueness of the current design idea to identify areas for innovation."", ""Reevaluate the current idea and explore additional features or approaches to make it more innovative and appealing.""], ""new_thinking"": ""아이디어의 전체적인 매력을 다시 평가하면 개선을 위한 새로운 통찰을 얻을 수 있어. 새로운 디자인 기회를 탐색하면 혁신적인 솔루션을 찾을 수 있어!"", ""evaluation"": {""sentences"": [{""sentence"": ""우선 아이디어를 구체화하는 단계에서 창의적인 생각들이 많이 나올 수 있을 것 같아."", ""categories"": ""Statement"", ""type"": ""Evaluation"", ""knowledge"": ""Creative ideas can emerge during the idea concretization phase."", ""evaluation"": {""specificity"": 3, ""justification"": 4, ""active"": 3, ""sentiment"": 1}}, {""sentence"": ""지금 너가 제안한 마지막 아이디어가 특히나 조금 추상적으로 느껴지고, 온라인 설문이라는 방식도 너가 제안한 아이디어/시스템이랑 관련성이 떨어지는 것 같아서 이 아이디어를 조금 더 구체화해볼래?"", ""categories"": ""Question"", ""type"": ""Generate Design"", ""knowledge"": ""The last proposed idea feels abstract and the online survey method seems less relevant to the proposed idea/system."", ""evaluation"": {""timely"": 5, ""relevance"": 5, ""high-level"": 4, ""sentiment"": 0}}]}, ""response"": {""answer"": ""네, 알겠습니다. 온라인 설문이라는 방식이 다소 추상적일 수 있다는 점에 동의해요. 대신 학생들이 더 자주 피드백을 제공할 수 있도록 작은 퀘스트나 미션을 통해 의견을 받는 방식을 고려해볼게요. 예를 들어, '에너지 절약 팁 공유하기'나 '오늘의 에너지 사용 리뷰 작성하기' 같은 일일 미션을 통해 자연스럽게 학생들이 시스템 개선에 참여할 수 있게 하는 거죠.""}}"
21,2024-08-15 0:40:57,user_feedaback,"{""user_input"": ""아니면 음성인식 기능을 넣는다고 했으니까 대화형으로 설문조사를 자연스럽게 진행하는 것은 어때?"", ""category"": [{""sentence"": ""아니면 음성인식 기능을 넣는다고 했으니까 대화형으로 설문조사를 자연스럽게 진행하는 것은 어때?"", ""categories"": ""Question"", ""type"": ""Generate Design""}], ""new_knowledge"": [""Incorporating natural user interactions can enhance user engagement and feedback collection.""], ""new_actionPlan"": [""Consider implementing conversational surveys using voice recognition to gather user feedback more naturally.""], ""new_thinking"": ""자연스러운 사용자 상호작용을 통해 사용자 참여와 피드백 수집을 향상시킬 수 있겠어."", ""evaluation"": {""sentences"": [{""sentence"": ""아니면 음성인식 기능을 넣는다고 했으니까 대화형으로 설문조사를 자연스럽게 진행하는 것은 어때?"", ""categories"": ""Question"", ""type"": ""Generate Design"", ""knowledge"": ""Consider integrating voice recognition for conducting interactive surveys."", ""evaluation"": {""timely"": 6, ""relevance"": 7, ""high-level"": 5, ""specificity"": 0, ""justification"": 0, ""active"": 0, ""sentiment"": 1}}]}, ""response"": {""answer"": ""음성 인식을 통해 대화형 설문조사를 진행하면 학생들이 더 자연스럽게 참여할 수 있을 것 같아요. 음성 명령으로 설문을 진행하면 설문에 대한 피로감도 줄어들고, 사용자의 참여율도 높아질 수 있겠네요.""}}"
21,2024-08-15 0:41:25,user_feedaback,"{""user_input"": ""응 여기서 동건이가 내가 준 의견을 조금 더 구체화해봐"", ""category"": [{""sentence"": ""응 여기서 동건이가 내가 준 의견을 조금 더 구체화해봐"", ""categories"": ""Statement"", ""type"": ""Recommendation""}], ""new_knowledge"": [""Refining and detailing ideas can lead to more effective and innovative solutions.""], ""new_actionPlan"": [""Break down and elaborate on each aspect of the design idea to identify areas for improvement and innovation.""], ""new_thinking"": ""아이디어를 더 구체화하면 더 효과적이고 혁신적인 솔루션을 만들 수 있겠어."", ""evaluation"": {""sentences"": [{""sentence"": ""응 여기서 동건이가 내가 준 의견을 조금 더 구체화해봐"", ""categories"": ""Statement"", ""type"": ""Recommendation"", ""knowledge"": ""The mentor suggests that the student should further elaborate on the given feedback."", ""evaluation"": {""specificity"": 5, ""justification"": 4, ""active"": 5, ""sentiment"": 0}}]}, ""response"": {""answer"": ""아, 음성 인식을 활용해 대화형 설문조사를 진행하는 걸 떠올려봤어. 예를 들어, 학생이 방에 들어왔을 때 '오늘 에너지는 잘 절약되고 있나요?'처럼 간단한 질문을 던져 응답을 유도하는 거지. 이렇게 하면 설문에 대한 부담도 줄고, 실시간으로 피드백을 받을 수 있을 것 같아.""}}"
21,2024-08-15 0:41:57,update_idea,"{""title"": ""기숙사 내 지능형 에너지 절약 시스템"", ""problem"": ""기숙사 내에서 학생들이 전기세 걱정 없이 에어컨을 무분별하게 사용하여 에너지 낭비가 심각한 문제로 자리 잡고 있습니다. 이로 인한 증가하는 탄소 배출량과 비효율적인 에너지 사용을 줄이는 것이 필요합니다."", ""idea"": ""이 프로젝트는 기숙사에서 에너지 사용을 최적화하고 학생들의 생활에 최소한의 불편을 주면서도 에너지 사용을 줄이는 것을 목표로 합니다. 첫째, 에어컨과 조명 시스템을 자동으로 조절하며 실시간 에너지 사용 상황에 맞게 최적의 에너지 사용을 가능하게 합니다. 학생들이 외출 시 자동으로 절전 모드로 전환되며, 돌아올 예정 시간에 맞춰 실내 온도를 점진적으로 조절합니다. 둘째, 학생들이 빨래를 말릴 때를 고려하여 에어컨의 절전 모드가 일시적으로 해제되는 예외 조건을 설정합니다. 이 기능은 앱을 통해 활성화할 수 있으며, 사용 횟수에 제한을 두어 남용을 방지합니다. 셋째, 웹과 모바일 앱을 통해 접근 가능한 사용자 친화적인 인터페이스를 제공하는 실시간 에너지 모니터링 시스템을 도입해 학생들이 자신의 에너지 사용량을 확인하고, 절약 목표를 설정할 수 있습니다. 넷째, 학생들의 의견을 자연스럽게 수집할 수 있는 대화형 음성 인식 기반 설문 조사를 도입해 사용자 피드백을 효과적으로 수집하고 시스템을 지속적으로 개선합니다. 마지막으로, 에너지 절약 성과를 비교할 수 있는 랭킹 시스템을 구현하고, 월간 에너지 절약률이 높은 학생들에게 소정의 보상을 제공하여 동기를 부여합니다. 이러한 기능들을 통해 학생들이 자연스럽게 에너지 절약에 동참할 수 있는 환경을 조성합니다.""}"
21,2024-08-15 0:42:15,finish,