user_id,timestamp,tag,data
22,2024-08-14 0:10:52,start,
22,2024-08-14 0:12:03,user_feedaback,"{""user_input"": ""정말 좋은 아이디어야 저탄소 교통을 지도하는 서비스는 그런데 이 아이디어를 한줄로 요약하면 뭐야? 키워드로"", ""category"": [{""sentence"": ""정말 좋은 아이디어야 저탄소 교통을 지도하는 서비스는"", ""categories"": ""Statement"", ""type"": ""Evaluation""}, {""sentence"": ""그런데 이 아이디어를 한줄로 요약하면 뭐야?"", ""categories"": ""Question"", ""type"": ""Low-Level""}], ""new_knowledge"": [""Design ideas should clearly address the problem they aim to solve."", ""Simplifying complex ideas into concise summaries can enhance clarity and understanding.""], ""new_actionPlan"": [""Ensure that the design idea explicitly addresses the identified problem and provides a clear solution."", ""Condense the design idea into a single, clear sentence that captures its essence.""], ""new_thinking"": ""디자인 아이디어는 해결하려는 문제를 명확히 다루어야 해. 복잡한 아이디어를 간결하게 요약하면 명확성과 이해도가 높아질 수 있어!"", ""evaluation"": {""sentences"": [{""sentence"": ""정말 좋은 아이디어야 저탄소 교통을 지도하는 서비스는"", ""categories"": ""Statement"", ""type"": ""Evaluation"", ""knowledge"": ""The idea of a service that maps low-carbon transportation is good."", ""evaluation"": {""specificity"": 2, ""justification"": 2, ""active"": 1, ""sentiment"": 1}}, {""sentence"": ""그런데 이 아이디어를 한줄로 요약하면 뭐야?"", ""categories"": ""Question"", ""type"": ""Low-Level"", ""knowledge"": ""The mentor is asking for a one-sentence summary of the idea."", ""evaluation"": {""timely"": 3, ""relevance"": 3, ""high-level"": 1, ""sentiment"": 0}}]}, ""response"": {""answer"": ""친환경 교통 경로 제안 시스템.""}}"
22,2024-08-14 0:12:52,user_feedaback,"{""user_input"": ""지도에서 탄소 배출량이 뜨는건 좋은 아이디어인것 같아 그런데 초기에 설정한 타겟 문제가 뭐였지?"", ""category"": [{""sentence"": ""지도에서 탄소 배출량이 뜨는건 좋은 아이디어인것 같아"", ""categories"": ""Statement"", ""type"": ""Evaluation""}, {""sentence"": ""그런데 초기에 설정한 타겟 문제가 뭐였지?"", ""categories"": ""Question"", ""type"": ""Low-Level""}], ""new_knowledge"": [""Providing clear and relevant data can enhance the effectiveness of a design."", ""Identifying initial problems clearly is crucial for effective design.""], ""new_actionPlan"": [""Ensure that the design includes clear and relevant data to emphasize the benefits of the proposed solution."", ""Revisit the initial problem statement to ensure it is clearly defined and addresses the core issues.""], ""new_thinking"": ""명확하고 관련성 있는 데이터를 제공하면 디자인의 효과를 높일 수 있구나. 처음 설정한 문제를 명확히 하는 것이 중요하구나."", ""evaluation"": {""sentences"": [{""sentence"": ""지도에서 탄소 배출량이 뜨는건 좋은 아이디어인것 같아"", ""categories"": ""Statement"", ""type"": ""Evaluation"", ""knowledge"": ""Displaying carbon emissions on the map is a good idea."", ""evaluation"": {""specificity"": 3, ""justification"": 2, ""active"": 2, ""sentiment"": 1}}, {""sentence"": ""그런데 초기에 설정한 타겟 문제가 뭐였지?"", ""categories"": ""Question"", ""type"": ""Low-Level"", ""knowledge"": ""What was the initial target problem?"", ""evaluation"": {""timely"": 3, ""relevance"": 3, ""high-level"": 1, ""sentiment"": 0}}]}, ""response"": {""answer"": ""초기 문제는 사람들이 저탄소 교통 수단을 이용하려는 동기가 약하다는 것이었어요. 특히 기다림과 불쾌감 때문에.""}}"
22,2024-08-14 0:13:24,user_feedaback,"{""user_input"": ""그러면 동기를 부여하기 위해 탄소 배출량을 추가한거구나"", ""category"": [{""sentence"": ""그러면 동기를 부여하기 위해 탄소 배출량을 추가한거구나"", ""categories"": ""Statement"", ""type"": ""Evaluation""}], ""new_knowledge"": [""Quantifying benefits can enhance user motivation.""], ""new_actionPlan"": [""Incorporate additional metrics that highlight the benefits of using low-carbon transportation.""], ""new_thinking"": ""혜택을 수치화하면 사용자 동기를 높일 수 있겠구나."", ""evaluation"": {""sentences"": [{""sentence"": ""그러면 동기를 부여하기 위해 탄소 배출량을 추가한거구나"", ""categories"": ""Statement"", ""type"": ""Evaluation"", ""knowledge"": ""The student added carbon emission data to motivate users."", ""evaluation"": {""specificity"": 5, ""justification"": 4, ""active"": 3, ""sentiment"": 1}}]}, ""response"": {""answer"": ""맞아요. 사람들이 저탄소 교통 수단을 더 많이 이용하도록 유도하려고 추가했어요. 중간에 다른 피드백 주실 수 있을까요?""}}"
22,2024-08-14 0:15:24,user_feedaback,"{""user_input"": ""사람들을 탄소 배출을 유도하는데 있어서 더 다양한 방법을 생각해봐야할것 같아, 예를 들면 절약한 탄소량 뿐만 아니라, 나중에 어떤 가치가 있는지, 아니면 일상에서 사물들이랑 관련있는거로 탄소량을 비유해볼수도 있을것 같아"", ""category"": [{""sentence"": ""사람들을 탄소 배출을 유도하는데 있어서 더 다양한 방법을 생각해봐야할것 같아"", ""categories"": ""Statement"", ""type"": ""Recommendation""}, {""sentence"": ""예를 들면 절약한 탄소량 뿐만 아니라, 나중에 어떤 가치가 있는지, 아니면 일상에서 사물들이랑 관련있는거로 탄소량을 비유해볼수도 있을것 같아"", ""categories"": ""Statement"", ""type"": ""Recommendation""}], ""new_knowledge"": [""Exploring diverse methods can enhance user engagement."", ""Considering additional values or benefits beyond the primary metric can enhance the appeal of a design.""], ""new_actionPlan"": [""Consider additional features or incentives that can further motivate users to choose low-carbon transportation."", ""Explore and incorporate additional benefits or values that users might gain from using the service, beyond just the reduction in carbon emissions.""], ""new_thinking"": ""사용자 참여를 높이기 위해 다양한 방법을 탐구해야겠어. 주요 지표 외에도 추가적인 가치나 혜택을 고려하면 디자인의 매력을 높일 수 있겠어."", ""evaluation"": {""sentences"": [{""sentence"": ""사람들을 탄소 배출을 유도하는데 있어서 더 다양한 방법을 생각해봐야할것 같아"", ""categories"": ""Statement"", ""type"": ""Recommendation"", ""knowledge"": ""Consider more diverse methods to encourage carbon emission reduction."", ""evaluation"": {""specificity"": 4, ""justification"": 3, ""active"": 5, ""sentiment"": 0}}, {""sentence"": ""예를 들면 절약한 탄소량 뿐만 아니라, 나중에 어떤 가치가 있는지, 아니면 일상에서 사물들이랑 관련있는거로 탄소량을 비유해볼수도 있을것 같아"", ""categories"": ""Statement"", ""type"": ""Recommendation"", ""knowledge"": ""Use relatable comparisons or future value to illustrate saved carbon amounts."", ""evaluation"": {""specificity"": 5, ""justification"": 4, ""active"": 5, ""sentiment"": 1}}]}, ""response"": {""answer"": ""절약한 탄소량에 대한 정보뿐만 아니라, 이를 시각적으로 이해하기 쉽게 비유해주는 것도 고려해볼게요. 예를 들어 나무 한 그루 심은 것과 같은 비교, 혹은 장기적인 혜택을 강조하는 방식으로요.""}}"
22,2024-08-14 0:17:04,user_feedaback,"{""user_input"": ""그것도 좋은것 같아, 나무도 있고 아니면 이건 어때? 버스를 타고 간 탄소량이 지구 반대편의 탄소 발생으로 인해 피해를 보는 동물 지표를 활용하는 것도 좋구"", ""category"": [{""sentence"": ""그것도 좋은것 같아,"", ""categories"": ""Statement"", ""type"": ""Evaluation""}, {""sentence"": ""나무도 있고 아니면 이건 어때?"", ""categories"": ""Question"", ""type"": ""Generate Design""}, {""sentence"": ""버스를 타고 간 탄소량이 지구 반대편의 탄소 발생으로 인해 피해를 보는 동물 지표를 활용하는 것도 좋구"", ""categories"": ""Statement"", ""type"": ""Recommendation""}], ""new_knowledge"": [""Positive feedback can validate the direction of a design."", ""Considering alternative visual representations can enhance user understanding."", ""Using visual metaphors can make data more relatable and impactful.""], ""new_actionPlan"": [""Continue refining the current design idea, ensuring it aligns with the positive aspects highlighted."", ""Explore different visual metaphors to represent the benefits of using low-carbon transportation."", ""Incorporate visual metaphors, such as comparing saved carbon emissions to the impact on wildlife, into the design.""], ""new_thinking"": ""긍정적인 피드백은 디자인 방향을 검증할 수 있어. 다양한 시각적 비유를 고려하면 사용자 이해를 높일 수 있겠어. 시각적 비유를 사용하면 데이터를 더 친근하고 강력하게 만들 수 있겠어."", ""evaluation"": {""sentences"": [{""sentence"": ""그것도 좋은것 같아,"", ""categories"": ""Statement"", ""type"": ""Evaluation"", ""knowledge"": ""The idea of using visual comparisons to show carbon savings is good."", ""evaluation"": {""specificity"": 2, ""justification"": 2, ""active"": 1, ""sentiment"": 1}}, {""sentence"": ""나무도 있고 아니면 이건 어때?"", ""categories"": ""Question"", ""type"": ""Generate Design"", ""knowledge"": ""Consider using trees or other visual comparisons for carbon savings."", ""evaluation"": {""timely"": 4, ""relevance"": 5, ""high-level"": 3, ""sentiment"": 1}}, {""sentence"": ""버스를 타고 간 탄소량이 지구 반대편의 탄소 발생으로 인해 피해를 보는 동물 지표를 활용하는 것도 좋구"", ""categories"": ""Statement"", ""type"": ""Recommendation"", ""knowledge"": ""Using animal impact indicators from carbon emissions on the other side of the world is a good idea."", ""evaluation"": {""specificity"": 5, ""justification"": 4, ""active"": 3, ""sentiment"": 1}}]}, ""response"": {""answer"": ""감사합니다! 동물 지표를 활용해서 탄소 절약 효과를 강조하는 아이디어도 매우 흥미롭네요. 이렇게 하면 사용자들이 더 감정적으로 공감할 수 있을 것 같아요.""}}"
22,2024-08-14 0:17:58,user_feedaback,"{""user_input"": ""그리고 동건이가 생각한 타겟의 문제점이 저탄소 교통을 타기 위해 기다리는것이 귀찮음이 메인 문제였던것 같아"", ""category"": [{""sentence"": ""그리고 동건이가 생각한 타겟의 문제점이 저탄소 교통을 타기 위해 기다리는것이 귀찮음이 메인 문제였던것 같아"", ""categories"": ""Statement"", ""type"": ""Evaluation""}], ""new_knowledge"": [""Understanding the main problem is essential for effective design.""], ""new_actionPlan"": [""Revisit and clearly define the main problem to ensure the design addresses it effectively.""], ""new_thinking"": ""주요 문제를 명확히 이해하는 것이 효과적인 디자인의 핵심이구나."", ""evaluation"": {""sentences"": [{""sentence"": ""그리고 동건이가 생각한 타겟의 문제점이 저탄소 교통을 타기 위해 기다리는것이 귀찮음이 메인 문제였던것 같아"", ""categories"": ""Statement"", ""type"": ""Evaluation"", ""knowledge"": ""The main problem identified is the inconvenience of waiting for low-carbon transportation."", ""evaluation"": {""specificity"": 5, ""justification"": 4, ""active"": 3, ""sentiment"": 0}}]}, ""response"": {""answer"": ""네, 맞아요. 사람들이 기다리는 시간이 주된 문제예요. 이 문제를 해결하기 위해서 추가적인 아이디어가 필요하겠네요.""}}"
22,2024-08-14 0:18:27,user_feedaback,"{""user_input"": ""어떻게 하면 기다리는 시간을 즐거운 시간으로 변환할까?"", ""category"": [{""sentence"": ""어떻게 하면 기다리는 시간을 즐거운 시간으로 변환할까?"", ""categories"": ""Question"", ""type"": ""Generate Design""}], ""new_knowledge"": [""Transforming waiting time into enjoyable experiences can enhance user satisfaction.""], ""new_actionPlan"": [""Consider integrating features that make waiting time more enjoyable, such as entertainment or informative content.""], ""new_thinking"": ""기다리는 시간을 즐거운 시간으로 바꾸면 사용자 만족도가 높아질 수 있겠어."", ""evaluation"": {""sentences"": [{""sentence"": ""어떻게 하면 기다리는 시간을 즐거운 시간으로 변환할까?"", ""categories"": ""Question"", ""type"": ""Generate Design"", ""knowledge"": ""Consider ways to make waiting time enjoyable."", ""evaluation"": {""timely"": 6, ""relevance"": 7, ""high-level"": 5, ""specificity"": 0, ""justification"": 0, ""active"": 0, ""sentiment"": 1}}]}, ""response"": {""answer"": ""기다리는 시간을 즐겁게 만들려면 사용자 맞춤형 엔터테인먼트 제공이나, 대기 시간이 실시간으로 감소하는 AR 기능 같은걸 이용할 수 있을 것 같아요. 어떻게 생각해요?""}}"
22,2024-08-14 0:20:17,user_feedaback,"{""user_input"": ""그것도 좋은것 같아, 아니면 기다리는 동안 간단한 엔터테인먼트를 즐기면 좋을듯, 예전에 IDEO에서 횡단보도를 기다리는 시간을 즐겁게 만들어주는 프로젝트가 있었는데 횡단보도의 빨간불이 내 모습에 맞춰서 움직였어, 이런 레퍼런스를 참고 하는것도 좋을것 같아"", ""category"": [{""sentence"": ""그것도 좋은것 같아,"", ""categories"": ""Statement"", ""type"": ""Evaluation""}, {""sentence"": ""아니면 기다리는 동안 간단한 엔터테인먼트를 즐기면 좋을듯,"", ""categories"": ""Statement"", ""type"": ""Recommendation""}, {""sentence"": ""예전에 IDEO에서 횡단보도를 기다리는 시간을 즐겁게 만들어주는 프로젝트가 있었는데 횡단보도의 빨간불이 내 모습에 맞춰서 움직였어,"", ""categories"": ""Statement"", ""type"": ""Information""}, {""sentence"": ""이런 레퍼런스를 참고 하는것도 좋을것 같아"", ""categories"": ""Statement"", ""type"": ""Recommendation""}], ""new_knowledge"": [""Positive feedback can validate the direction of a design."", ""Enhancing user experience during waiting times can increase user satisfaction."", ""Incorporating enjoyable activities during waiting times can enhance user experience."", ""Referencing relevant literature or examples can strengthen a design.""], ""new_actionPlan"": [""Continue developing the current design idea with confidence, incorporating the positive elements highlighted."", ""Incorporate user-friendly entertainment options to make waiting times more enjoyable."", ""Integrate features that make waiting times more enjoyable, such as personalized entertainment or interactive elements."", ""Research and incorporate relevant case studies or literature to support the design idea.""], ""new_thinking"": ""긍정적인 피드백은 내가 가고 있는 방향이 맞다는 것을 확인시켜주는구나. 기다리는 시간을 즐겁게 만드는 것이 사용자 만족도를 높일 수 있겠구나. 기다리는 시간을 즐겁게 만드는 요소를 추가하면 사용자 경험이 향상될 수 있겠구나. 관련 문헌이나 사례를 참고하면 디자인이 더 강력해질 수 있겠어."", ""evaluation"": {""sentences"": [{""sentence"": ""그것도 좋은것 같아,"", ""categories"": ""Statement"", ""type"": ""Evaluation"", ""knowledge"": ""The idea is considered good."", ""evaluation"": {""specificity"": 1, ""justification"": 1, ""active"": 1, ""sentiment"": 1}}, {""sentence"": ""아니면 기다리는 동안 간단한 엔터테인먼트를 즐기면 좋을듯,"", ""categories"": ""Statement"", ""type"": ""Recommendation"", ""knowledge"": ""Providing simple entertainment during waiting times could be beneficial."", ""evaluation"": {""specificity"": 5, ""justification"": 4, ""active"": 5, ""sentiment"": 1}}, {""sentence"": ""예전에 IDEO에서 횡단보도를 기다리는 시간을 즐겁게 만들어주는 프로젝트가 있었는데 횡단보도의 빨간불이 내 모습에 맞춰서 움직였어,"", ""categories"": ""Statement"", ""type"": ""Information"", ""knowledge"": ""IDEO had a project that made waiting at crosswalks enjoyable by making the red light move according to the person's movements."", ""evaluation"": {""specificity"": 6, ""justification"": 5, ""active"": 0, ""sentiment"": 1}}, {""sentence"": ""이런 레퍼런스를 참고 하는것도 좋을것 같아"", ""categories"": ""Statement"", ""type"": ""Recommendation"", ""knowledge"": ""Referencing similar projects could be beneficial."", ""evaluation"": {""specificity"": 4, ""justification"": 4, ""active"": 5, ""sentiment"": 1}}]}, ""response"": {""answer"": ""IDEA의 횡단보도 프로젝트처럼, 버스 정류장에서 대기 시간을 줄이고 재미있게 만드는 방법을 참고할게요. 재미 요소를 더하는 형태로 공개 미술 설치물이나 실시간 대화형 스크린도 생각해볼 수 있겠어요. 고마워요!""}}"
22,2024-08-14 0:20:57,update_idea,"{""title"": ""친환경 교통 경로 제안 및 대기 시간 엔터테인먼트 시스템"", ""problem"": ""대중 교통을 이용하는 과정에서 발생하는 긴 대기 시간과 불편함 때문에 많은 사람들이 저탄소 교통 수단을 기피하고 개인 교통 수단을 선호하는 문제."", ""idea"": ""이 서비스는 사용자에게 저탄소 교통 수단 이용 시, 예상되는 탄소 배출 절감량을 실시간으로 계산하여 제공하며, 이를 나무 심기 등의 비유적 이미지로 시각화합니다. 이렇게 함으로써, 사용자가 저탄소 교통의 긍정적인 영향을 직관적으로 이해할 수 있습니다. 또한, 대기 시간 동안 사용자의 흥미를 끌 수 있는 맞춤형 엔터테인먼트(예: 게임, AR 기능을 포함한 인터랙티브 미디어)를 제공하여, 기다리는 시간을 재미있고 유익한 시간으로 전환시키는 기능을 포함시킵니다. 대기 시간 동안 음악 감상, 단편 영화 시청, 지역 역사에 관한 정보 제공 등 다양한 콘텐츠를 제공하여 사용자가 대기시간을 보다 즐겁게 보낼 수 있도록 합니다.""}"
22,2024-08-14 0:22:29,user_feedaback,"{""user_input"": ""그리고 동건이가 제시한 아이디어는 친환경 교통 수단을 장려하는 시스템이니깐 사용자가 교통수단을  이용해 목적지까지 도달하였을때, 다음번에도 이용 하고 싶게 유도하는 방법이 필요할것 같아"", ""category"": [{""sentence"": ""그리고 동건이가 제시한 아이디어는 친환경 교통 수단을 장려하는 시스템이니깐"", ""categories"": ""Statement"", ""type"": ""Information""}, {""sentence"": ""사용자가 교통수단을 이용해 목적지까지 도달하였을때, 다음번에도 이용 하고 싶게 유도하는 방법이 필요할것 같아"", ""categories"": ""Statement"", ""type"": ""Recommendation""}], ""new_knowledge"": [""Understanding the core idea of a design can help in effectively communicating its purpose."", ""Designs should include features that encourage repeat usage.""], ""new_actionPlan"": [""Ensure that the core idea of the design is clearly articulated and communicated to the users."", ""Incorporate elements that motivate users to repeatedly use the service.""], ""new_thinking"": ""디자인의 핵심 아이디어를 명확히 이해하는 것이 중요하구나. 사용자가 서비스를 반복적으로 이용하도록 유도하는 요소를 포함해야겠어."", ""evaluation"": {""sentences"": [{""sentence"": ""그리고 동건이가 제시한 아이디어는 친환경 교통 수단을 장려하는 시스템이니깐"", ""categories"": ""Statement"", ""type"": ""Information"", ""knowledge"": ""The idea is a system that encourages the use of eco-friendly transportation."", ""evaluation"": {""specificity"": 3, ""justification"": 2, ""active"": 1, ""sentiment"": 1}}, {""sentence"": ""사용자가 교통수단을 이용해 목적지까지 도달하였을때, 다음번에도 이용 하고 싶게 유도하는 방법이 필요할것 같아"", ""categories"": ""Statement"", ""type"": ""Recommendation"", ""knowledge"": ""A method is needed to encourage users to want to use the transportation system again after reaching their destination."", ""evaluation"": {""specificity"": 4, ""justification"": 3, ""active"": 5, ""sentiment"": 1}}]}, ""response"": {""answer"": ""알겠습니다! 예를 들어, 사용자가 친환경 교통 수단을 이용할 때마다 포인트를 적립해서 나중에 다양한 혜택을 받을 수 있게 하면 좋을 것 같아요. 포인트로 커피 쿠폰이나 영화 예매권을 제공해서 자주 이용하도록 유도하는 거죠.""}}"
22,2024-08-14 0:23:42,user_feedaback,"{""user_input"": ""포인트를 제공하는것도 좋지만 그러기엔 나중에 수익 창출이 어렵지 않을까? 아니면 저탄소 레벨을 적용해서 각각의 사용자마다 랭킹을 매길 수 있게 하는건 어때?"", ""category"": [{""sentence"": ""포인트를 제공하는것도 좋지만 그러기엔 나중에 수익 창출이 어렵지 않을까?"", ""categories"": ""Question"", ""type"": ""Deep Reasoning""}, {""sentence"": ""아니면 저탄소 레벨을 적용해서 각각의 사용자마다 랭킹을 매길 수 있게 하는건 어때?"", ""categories"": ""Question"", ""type"": ""Generate Design""}], ""new_knowledge"": [""Incentivizing users with rewards can encourage repeat usage."", ""Incorporating gamification elements can enhance user engagement and motivation.""], ""new_actionPlan"": [""Implement a reward system that offers tangible benefits to users for using the service repeatedly."", ""Consider adding a ranking system or other gamification elements to encourage users to frequently use the service.""], ""new_thinking"": ""사용자에게 보상을 제공하면 반복 사용을 유도할 수 있겠지? 게임화 요소를 추가하면 사용자 참여와 동기부여를 높일 수 있겠어!"", ""evaluation"": {""sentences"": [{""sentence"": ""포인트를 제공하는것도 좋지만 그러기엔 나중에 수익 창출이 어렵지 않을까?"", ""categories"": ""Question"", ""type"": ""Deep Reasoning"", ""knowledge"": ""Providing points might make future revenue generation difficult."", ""evaluation"": {""timely"": 6, ""relevance"": 7, ""high-level"": 5, ""specificity"": 0, ""justification"": 0, ""active"": 0, ""sentiment"": 0}}, {""sentence"": ""아니면 저탄소 레벨을 적용해서 각각의 사용자마다 랭킹을 매길 수 있게 하는건 어때?"", ""categories"": ""Question"", ""type"": ""Generate Design"", ""knowledge"": ""Applying a carbon level ranking system for users could be an alternative."", ""evaluation"": {""timely"": 6, ""relevance"": 7, ""high-level"": 5, ""specificity"": 0, ""justification"": 0, ""active"": 0, ""sentiment"": 1}}]}, ""response"": {""answer"": ""랭킹 시스템을 도입해서 사용자들이 경쟁하며 더욱 저탄소 교통을 이용하도록 유도하는 것도 좋은 방법이에요. 사용자별로 랭킹과 레벨을 부여해 동기 부여를 높일 수 있을 것 같네요. 이렇게 하면 자연스럽게 서비스의 지속 가능성도 높아질거구요.""}}"
22,2024-08-14 0:24:10,update_idea,"{""title"": ""친환경 교통 경로 제안 및 대기 시간 엔터테인먼트 시스템"", ""problem"": ""많은 사람들이 저탄소 교통 수단의 중요성을 인지하고 있지만, 기다리는 시간의 불편함과 대중교통 이용 시의 불쾌한 경험 때문에 개인 교통 수단을 선호하는 경향이 있습니다."", ""idea"": ""이 서비스는 사용자가 친환경 교통 수단을 선택할 때 발생하는 탄소 절감량을 실시간으로 계산하고, 이를 나무 심기 등의 시각적 이미지로 표현하여 탄소 절감의 긍정적 영향을 직관적으로 이해할 수 있도록 합니다. 또한, 대기 시간을 즐겁게 보낼 수 있도록 맞춤형 엔터테인먼트(예: 게임, AR 기능이 포함된 인터랙티브 미디어)를 제공합니다. 특히, 버스 정류장과 같은 대기 공간에 대화형 스크린이나 공공 미술 설치물을 배치하여 기다리는 시간 동안 사용자의 흥미를 유도합니다. 사용자가 지속적으로 서비스를 이용하도록 하기 위해, 저탄소 수단 사용 완료 후 포인트를 적립하는 시스템을 도입합니다. 이 포인트는 다양한 상품이나 서비스에 활용할 수 있습니다. 또한, 사용자별로 랭킹 시스템을 도입하여 저탄소 수단 사용을 경쟁적인 활동으로 만들어 자연스럽게 유저의 참여를 유도하고 서비스의 지속 가능성을 높입니다.""}"
22,2024-08-14 0:26:19,user_feedaback,"{""user_input"": ""그치, 그리고 대기 시간에 아까 AR을 활용한다고 했는데 나는 되게 재밌는것 같아, 예를 들면 버스를 기다리는 동안 버스와 관련한 게임을 모바일로 할 수 있다던지, 아니면 자전거를 찾으러 가는길을 즐겁게 한다던지도 할수 있을것 같아"", ""category"": [{""sentence"": ""그치, 그리고 대기 시간에 아까 AR을 활용한다고 했는데 나는 되게 재밌는것 같아"", ""categories"": ""Statement"", ""type"": ""Evaluation""}, {""sentence"": ""예를 들면 버스를 기다리는 동안 버스와 관련한 게임을 모바일로 할 수 있다던지"", ""categories"": ""Statement"", ""type"": ""Recommendation""}, {""sentence"": ""아니면 자전거를 찾으러 가는길을 즐겁게 한다던지도 할수 있을것 같아"", ""categories"": ""Statement"", ""type"": ""Recommendation""}], ""new_knowledge"": [""Incorporating innovative technologies can make waiting times more engaging."", ""Incorporating mobile games related to the context can enhance user engagement during waiting times."", ""Incorporating enjoyable elements into the user journey can enhance user engagement.""], ""new_actionPlan"": [""Explore and integrate AR or other interactive technologies to enhance user engagement during waiting times."", ""Develop a mobile game that users can play while waiting for public transportation, integrating it with the service to keep users entertained and engaged."", ""Consider adding features that make the journey itself enjoyable, such as interactive elements or gamified experiences.""], ""new_thinking"": ""기다리는 시간을 더 재미있게 만들기 위해 혁신적인 기술을 도입하는 것이 중요하구나. 기다리는 동안 사용자 참여를 높이기 위해 관련된 모바일 게임을 포함할 수 있겠어. 사용자 여정에 재미있는 요소를 추가하면 참여도가 높아질 수 있겠어."", ""evaluation"": {""sentences"": [{""sentence"": ""그치, 그리고 대기 시간에 아까 AR을 활용한다고 했는데 나는 되게 재밌는것 같아"", ""categories"": ""Statement"", ""type"": ""Evaluation"", ""knowledge"": ""Using AR during waiting time is interesting."", ""evaluation"": {""specificity"": 3, ""justification"": 2, ""active"": 2, ""sentiment"": 1}}, {""sentence"": ""예를 들면 버스를 기다리는 동안 버스와 관련한 게임을 모바일로 할 수 있다던지"", ""categories"": ""Statement"", ""type"": ""Recommendation"", ""knowledge"": ""Mobile games related to buses can be played while waiting."", ""evaluation"": {""specificity"": 4, ""justification"": 3, ""active"": 4, ""sentiment"": 1}}, {""sentence"": ""아니면 자전거를 찾으러 가는길을 즐겁게 한다던지도 할수 있을것 같아"", ""categories"": ""Statement"", ""type"": ""Recommendation"", ""knowledge"": ""Making the journey to find a bicycle enjoyable is another option."", ""evaluation"": {""specificity"": 3, ""justification"": 2, ""active"": 3, ""sentiment"": 1}}]}, ""response"": {""answer"": ""감사합니다! AR을 활용한 게임이나 자전거 찾기 활동도 사용자들에게 매력적인 경험을 제공할 수 있을 것 같아요. 이를 통해 대기 시간이 지루하지 않게 느껴질거에요.""}}"
22,2024-08-14 0:26:44,update_idea,"{""title"": ""친환경 교통 경로 제안 및 대기 시간 엔터테인먼트 시스템"", ""problem"": ""많은 사람들이 저탄소 교통 수단의 이용을 꺼리는 가장 큰 이유는 대기 시간 동안의 지루함과 불편함입니다. 또한, 저탄소 교통 수단을 이용했을 때의 긍정적인 효과를 명확하게 인식하지 못하는 문제가 있습니다."", ""idea"": ""이 서비스는 사용자가 저탄소 교통 수단을 이용할 때 발생하는 탄소 절감량을 실시간으로 계산하고 나무 심기, 동물 보호 등의 시각적 이미지로 표현하여 긍정적인 영향을 직관적으로 이해할 수 있게 합니다. 서비스는 대기 시간 동안 사용자의 참여를 유도하고 즐거움을 제공하기 위해 AR 기술을 활용한 게임과 인터랙티브한 콘텐츠를 제공합니다. 예를 들어, 대기 중인 버스 정류장에서는 사용자가 모바일 디바이스를 통해 실시간 AR 게임을 즐기거나, 주변 환경과 상호작용하는 다양한 미디어 콘텐츠를 경험할 수 있습니다. 또한, 사용자가 친환경 교통 수단을 이용하면 포인트를 적립하여 다양한 혜택을 제공받는 시스템을 도입합니다. 사용자의 탄소 절감 노력을 경쟁적으로 표시하고 랭킹을 공유하여 동기를 부여하는 기능도 포함합니다. 이는 교통수단의 선택이 단순히 이동 수단에 그치지 않고, 환경과 사회에 긍정적인 영향을 끼칠 수 있는 즐거운 활동으로 변화하게 만들어 줍니다.""}"
22,2024-08-14 0:27:34,user_feedaback,"{""user_input"": ""그리고 동건이가 생각한 서비스에서 어떻게 수익을 창출해볼지 생각해본적 있어?"", ""category"": [{""sentence"": ""그리고 동건이가 생각한 서비스에서 어떻게 수익을 창출해볼지 생각해본적 있어?"", ""categories"": ""Question"", ""type"": ""Generate Design""}], ""new_knowledge"": [""Designs should consider potential revenue models for sustainability.""], ""new_actionPlan"": [""Explore potential revenue models to ensure the sustainability of the service.""], ""new_thinking"": ""서비스의 지속 가능성을 위해 수익 모델을 고려해야겠어."", ""evaluation"": {""sentences"": [{""sentence"": ""그리고 동건이가 생각한 서비스에서 어떻게 수익을 창출해볼지 생각해본적 있어?"", ""categories"": ""Question"", ""type"": ""Generate Design"", ""knowledge"": ""Consider how to generate revenue from the service."", ""evaluation"": {""timely"": 6, ""relevance"": 7, ""high-level"": 5, ""specificity"": 0, ""justification"": 0, ""active"": 0, ""sentiment"": 0}}]}, ""response"": {""answer"": ""아직 구체적으로 생각해보진 않았어요. 그런데 광고 모델이나 프리미엄 구독 서비스 같은 방법을 고려할 수 있을 것 같아요.""}}"
22,2024-08-14 0:29:29,user_feedaback,"{""user_input"": ""내가 생각할땐, 동건이가 제시하는 서비스는 기존의 대중교통 서비스회사와 서로 교류를 하는 서비스라서 구독 서비스로는 어려울것 같아, 그래서 대중교통 서비스 회사나 주변 지역에서 수익을 발생시킬 방법이 필요해보여"", ""category"": [{""sentence"": ""내가 생각할땐, 동건이가 제시하는 서비스는 기존의 대중교통 서비스회사와 서로 교류를 하는 서비스라서 구독 서비스로는 어려울것 같아"", ""categories"": ""Statement"", ""type"": ""Evaluation""}, {""sentence"": ""그래서 대중교통 서비스 회사나 주변 지역에서 수익을 발생시킬 방법이 필요해보여"", ""categories"": ""Statement"", ""type"": ""Recommendation""}], ""new_knowledge"": [""Considering existing competitors is crucial for evaluating the feasibility of a new service."", ""Designs should consider potential revenue models for sustainability.""], ""new_actionPlan"": [""Conduct a competitive analysis to understand the strengths and weaknesses of existing services in the market."", ""Explore potential partnerships with transportation companies or local businesses to create sustainable revenue streams.""], ""new_thinking"": ""기존 경쟁자들을 고려하는 것이 새로운 서비스의 실현 가능성을 평가하는 데 중요하구나. 디자인이 지속 가능하려면 수익 모델을 고려해야 해."", ""evaluation"": {""sentences"": [{""sentence"": ""내가 생각할땐, 동건이가 제시하는 서비스는 기존의 대중교통 서비스회사와 서로 교류를 하는 서비스라서 구독 서비스로는 어려울것 같아"", ""categories"": ""Statement"", ""type"": ""Evaluation"", ""knowledge"": ""The proposed service may face challenges with a subscription model due to its interaction with existing public transportation services."", ""evaluation"": {""specificity"": 6, ""justification"": 6, ""active"": 4, ""sentiment"": 0}}, {""sentence"": ""그래서 대중교통 서비스 회사나 주변 지역에서 수익을 발생시킬 방법이 필요해보여"", ""categories"": ""Statement"", ""type"": ""Recommendation"", ""knowledge"": ""Alternative revenue generation methods involving public transportation companies or local areas are needed."", ""evaluation"": {""specificity"": 5, ""justification"": 5, ""active"": 6, ""sentiment"": 0}}]}, ""response"": {""answer"": ""맞아요, 구독 서비스는 어려울 가능성이 높아요. 대신 대중교통 회사와 협력해서 광고 수익을 도모하거나, 주변 상점과 제휴하여 쿠폰 혜택을 주는 방안도 생각해볼게요. 고맙습니다!""}}"
22,2024-08-14 0:30:11,update_idea,"{""title"": ""친환경 교통 경로 제안 및 대기 시간 엔터테인먼트 시스템"", ""problem"": ""저탄소 교통을 이용할 때 발생하는 대기 시간과 이로 인한 불편함이 사용자들의 저탄소 교통 이용 의지를 감소시키는 문제점."", ""idea"": ""이 서비스는 저탄소 교통수단 이용 시 대기 시간을 즐겁고 유익하게 보낼 수 있는 엔터테인먼트를 제공하고, 실시간으로 탄소 절감량을 계산하여 나무 심기나 동물 보호 등의 시각적 이미지로 제시함으로써 사용자의 환경 보호에 대한 인식과 참여를 증진시킵니다. 또한, AR 기술을 활용한 게임과 인터랙티브 콘텐츠를 통해 대기 시간 동안 사용자 참여를 유도하며, 저탄소 이동 수단 이용 시 포인트를 적립하여 다양한 혜택을 제공하는 시스템으로 동기를 부여합니다. 이 포인트는 교통수단의 배제 없이 자연스럽게 저탄소 이동을 일상화하고, 사용자 맞춤 경험을 제공하여 꾸준히 이용하도록 유도합니다. 수익 모델로는 대중교통 회사들과의 제휴를 통해 광고 수익을 창출하거나, 지역 상점과 연계한 쿠폰 혜택으로 지역 경제 활성화에 기여할 수 있는 방안을 모색합니다. 또한, 경쟁 서비스 대비 우위를 확보하기 위해 현 시장 내 서비스들의 강점과 약점을 분석하며, 이를 통해 보다 차별화된 가치를 사용자에게 제공합니다.""}"
22,2024-08-14 0:32:08,user_feedaback,"{""user_input"": ""그리고 동건이의 서비스의 목적은 결국 저탄소 교통에 대한 긍정적인 점을 사용자에게 전달하는거니깐, 평소 저탄소 교통만의 장점을 살려도 좋을것같아, 예를 들면 자전거의 경우에는 빠르지는 않지만 시원한 바람을 맞으며 자연을 볼수도 있고, 버스 같은 경우에는 더 천천히 가기 때문에 주변을 구경하기 쉬울것 같아"", ""category"": [{""sentence"": ""그리고 동건이의 서비스의 목적은 결국 저탄소 교통에 대한 긍정적인 점을 사용자에게 전달하는거니깐,"", ""categories"": ""Statement"", ""type"": ""Evaluation""}, {""sentence"": ""평소 저탄소 교통만의 장점을 살려도 좋을것같아,"", ""categories"": ""Statement"", ""type"": ""Recommendation""}, {""sentence"": ""예를 들면 자전거의 경우에는 빠르지는 않지만 시원한 바람을 맞으며 자연을 볼수도 있고,"", ""categories"": ""Statement"", ""type"": ""Information""}, {""sentence"": ""버스 같은 경우에는 더 천천히 가기 때문에 주변을 구경하기 쉬울것 같아"", ""categories"": ""Statement"", ""type"": ""Information""}], ""new_knowledge"": [""Designs should effectively communicate their core purpose to users."", ""Highlighting the strengths of existing solutions can validate the design's direction."", ""Considering the sensory experience can enhance user engagement."", ""Designs should consider the user's experience during slower moments.""], ""new_actionPlan"": [""Ensure that the service clearly conveys its environmental benefits and positive impact to users."", ""Identify and emphasize the strengths of low-carbon transportation in the design."", ""Incorporate elements that engage multiple senses, such as visual and auditory stimuli, to make the waiting time more enjoyable."", ""Enhance the user experience by incorporating elements that make slower moments more enjoyable.""], ""new_thinking"": ""서비스의 핵심 목적을 사용자에게 효과적으로 전달해야 해. 기존 저탄소 교통의 장점을 강조하는 것이 디자인 방향을 검증하는 데 도움이 될 수 있어. 감각적인 경험을 고려하면 사용자 참여를 높일 수 있겠어. 사용자가 느린 순간을 즐겁게 보낼 수 있도록 디자인해야 해."", ""evaluation"": {""sentences"": [{""sentence"": ""그리고 동건이의 서비스의 목적은 결국 저탄소 교통에 대한 긍정적인 점을 사용자에게 전달하는거니깐,"", ""categories"": ""Statement"", ""type"": ""Evaluation"", ""knowledge"": ""The service aims to convey the positive aspects of low-carbon transportation to users."", ""evaluation"": {""specificity"": 5, ""justification"": 4, ""active"": 3, ""sentiment"": 1}}, {""sentence"": ""평소 저탄소 교통만의 장점을 살려도 좋을것같아,"", ""categories"": ""Statement"", ""type"": ""Recommendation"", ""knowledge"": ""Highlighting the unique advantages of low-carbon transportation can be beneficial."", ""evaluation"": {""specificity"": 4, ""justification"": 4, ""active"": 4, ""sentiment"": 1}}, {""sentence"": ""예를 들면 자전거의 경우에는 빠르지는 않지만 시원한 바람을 맞으며 자연을 볼수도 있고,"", ""categories"": ""Statement"", ""type"": ""Information"", ""knowledge"": ""Bicycles offer the experience of enjoying the breeze and nature, despite not being fast."", ""evaluation"": {""specificity"": 5, ""justification"": 4, ""active"": 3, ""sentiment"": 1}}, {""sentence"": ""버스 같은 경우에는 더 천천히 가기 때문에 주변을 구경하기 쉬울것 같아"", ""categories"": ""Statement"", ""type"": ""Information"", ""knowledge"": ""Buses travel slowly, making it easier to sightsee."", ""evaluation"": {""specificity"": 5, ""justification"": 4, ""active"": 3, ""sentiment"": 1}}]}, ""response"": {""answer"": ""알겠어요. 저탄소 교통의 장점을 최대한 살리는 것도 중요한 것 같아요. 자전거를 타면 느낄 수 있는 상쾌한 바람과 자연, 버스를 타면 주변을 구경하는 여유를 강조할게요. 감사합니다!""}}"
22,2024-08-14 0:32:49,user_feedaback,"{""user_input"": ""그래서 예를 들면 여행지나 관광지에서 교통 수단으로 장려하는 플랫폼으로도 성장 시킬 수 있을 것 같아"", ""category"": [{""sentence"": ""그래서 예를 들면 여행지나 관광지에서 교통 수단으로 장려하는 플랫폼으로도 성장 시킬 수 있을 것 같아"", ""categories"": ""Statement"", ""type"": ""Recommendation""}], ""new_knowledge"": [""Considering the context of use can reveal new design opportunities.""], ""new_actionPlan"": [""Explore how the service can be adapted for use in travel destinations or tourist spots to enhance user engagement.""], ""new_thinking"": ""사용 맥락을 고려하면 새로운 디자인 기회를 발견할 수 있겠어."", ""evaluation"": {""sentences"": [{""sentence"": ""그래서 예를 들면 여행지나 관광지에서 교통 수단으로 장려하는 플랫폼으로도 성장 시킬 수 있을 것 같아"", ""categories"": ""Statement"", ""type"": ""Recommendation"", ""knowledge"": ""The service can be expanded to promote transportation in travel destinations or tourist spots."", ""evaluation"": {""specificity"": 5, ""justification"": 4, ""active"": 5, ""sentiment"": 1}}]}, ""response"": {""answer"": ""관광지나 여행지에서 저탄소 교통 수단을 장려하는 플랫폼으로 성장시키면, 현지 경제와도 연계할 수 있을 것 같아요. 예를 들어, 관광지가 제공하는 주요 명소가 포함된 탄소 절감 경로를 제안하거나, 현지 맛집이나 숍과 제휴하여 할인 혜택을 제공하는 방안도 있어요. 이를 통해 환경 보호 효과뿐 아니라 지역 경제 활성화도 도모할 수 있다고 생각해요.""}}"
22,2024-08-14 0:33:20,update_idea,"{""title"": ""친환경 교통 경로 제안 및 대기 시간 엔터테인먼트 시스템"", ""problem"": ""대중교통 사용 시 기다리는 시간의 불편함과 저탄소 교통수단 사용에 대한 동기 부족"", ""idea"": ""이 서비스는 저탄소 교통 수단의 이용을 장려하고, 대기 시간을 보다 즐겁고 유익하게 변화시키기 위해 설계되었습니다. 사용자가 지하철이나 버스와 같은 저탄소 교통 수단을 이용할 때, 실시간 탄소 절감량을 나타내며 이를 시각적이고 감성적인 요소로 표현합니다. 예를 들어, 절약한 탄소량을 나무 한 그루를 심은 효과로 비유하여 보여주고, 특정 동물을 보호하는 행동으로 연결시켜 사용자가 환경에 긍정적인 영향을 준 것을 직관적으로 이해할 수 있습니다.\n\n또한, 대기 시간 동안 사용자의 오감을 자극하는 여러 엔터테인먼트 요소를 도입합니다. AR 게임, 몰입형 비주얼 스토리텔링, 상호작용이 가능한 디지털 설치물을 통해 기다리는 시간을 즐거운 경험으로 전환시킵니다. 이러한 요소들은 버스나 지하철을 기다리는 동안 적극적인 참여를 유도하며, 저탄소 교통 수단에 대한 긍정적인 이미지를 심어줍니다.\n\n또한 본 서비스는 관광지나 여행지에서의 활용 가능성을 검토하여, 사용자들이 저탄소 교통 수단을 이용하면서 관광지의 주요 명소들을 경유하는 경로를 제안하고, 지역 문화와 연계된 할인 혜택이나 정보를 제공함으로써 지역 경제를 활성화하는 데도 기여합니다.\n\n이러한 차별화된 경험 제공을 통해 사용자는 저탄소 교통 이용의 직접적인 혜택과 더불어, 즐거움을 경험하며 환경 보호 활동에 적극적으로 참여하게 될 것입니다.""}"
22,2024-08-14 0:33:20,finish,