user_id,timestamp,tag,data
22,2024-08-14 0:34:08,start,
22,2024-08-14 0:34:56,user_feedaback,"{""user_input"": ""좋은 아이디어인것 같아 그러면 이 아이디어는 아이들을 위한 필터링 서비스 인거지?"", ""category"": [{""sentence"": ""좋은 아이디어인것 같아"", ""categories"": ""Statement"", ""type"": ""Evaluation""}, {""sentence"": ""그러면 이 아이디어는 아이들을 위한 필터링 서비스 인거지?"", ""categories"": ""Question"", ""type"": ""Verification""}], ""new_knowledge"": [""Receiving positive feedback indicates that the core idea is strong and has potential."", ""Design ideas should clearly define their target audience to ensure the solution meets their specific needs.""], ""new_actionPlan"": [""Continue refining and developing the core idea while addressing any potential weaknesses."", ""Clarify and specify the target audience for the design idea to ensure the solution is tailored to their needs.""], ""new_thinking"": ""긍정적인 피드백을 받았으니 핵심 아이디어가 강하고 잠재력이 있다는 뜻이구나. 내 아이디어가 아이들을 위한 필터링 서비스인지 명확히 해야겠어."", ""evaluation"": {""sentences"": [{""sentence"": ""좋은 아이디어인것 같아"", ""categories"": ""Statement"", ""type"": ""Evaluation"", ""knowledge"": ""The idea is perceived positively."", ""evaluation"": {""specificity"": 2, ""justification"": 1, ""active"": 1, ""sentiment"": 1}}, {""sentence"": ""그러면 이 아이디어는 아이들을 위한 필터링 서비스 인거지?"", ""categories"": ""Question"", ""type"": ""Verification"", ""knowledge"": ""The idea is a filtering service for children."", ""evaluation"": {""timely"": 5, ""relevance"": 5, ""high-level"": 3, ""sentiment"": 0}}]}, ""response"": {""answer"": ""네 맞아요. Safeview는 아이들의 안전한 콘텐츠 이용을 위한 필터링 익스텐션이에요.""}}"
22,2024-08-14 0:35:44,user_feedaback,"{""user_input"": ""그렇다면 아이들이 시청하는 콘텐츠를 관리 할 수 있는 수단이 필요하다는 거구나"", ""category"": [{""sentence"": ""그렇다면 아이들이 시청하는 콘텐츠를 관리 할 수 있는 수단이 필요하다는 거구나"", ""categories"": ""Statement"", ""type"": ""Evaluation""}], ""new_knowledge"": [""Effective design solutions should include mechanisms for managing and controlling content consumption.""], ""new_actionPlan"": [""Ensure that the design includes features that allow parents to manage and control the content their children consume.""], ""new_thinking"": ""효과적인 디자인 솔루션은 콘텐츠 소비를 관리하고 제어할 수 있는 메커니즘을 포함해야 해."", ""evaluation"": {""sentences"": [{""sentence"": ""그렇다면 아이들이 시청하는 콘텐츠를 관리 할 수 있는 수단이 필요하다는 거구나"", ""categories"": ""Statement"", ""type"": ""Evaluation"", ""knowledge"": ""There is a need for a means to manage the content that children watch."", ""evaluation"": {""specificity"": 4, ""justification"": 3, ""active"": 2, ""sentiment"": 1}}]}, ""response"": {""answer"": ""네, 맞아요. 부모가 아이들이 보는 콘텐츠를 더욱 안전하게 관리할 수 있도록 도와주는 거예요.""}}"
22,2024-08-14 0:37:21,user_feedaback,"{""user_input"": ""동건이가 제시한 아이디어에서는 지금은 적절한 콘텐츠만 노출 시키고 나머지는 차단되는 아이디어인데 관리를 하는 측면에서 보면 보상이나 다른부분도 적용하면 좋을것 같아, 예를 들면 특정 시간에는 학습 관련한 영상이 나오고 쉬는 시간에는 만화가 나온다던지"", ""category"": [{""sentence"": ""동건이가 제시한 아이디어에서는 지금은 적절한 콘텐츠만 노출 시키고 나머지는 차단되는 아이디어인데"", ""categories"": ""Statement"", ""type"": ""Evaluation""}, {""sentence"": ""관리를 하는 측면에서 보면 보상이나 다른부분도 적용하면 좋을것 같아,"", ""categories"": ""Statement"", ""type"": ""Recommendation""}, {""sentence"": ""예를 들면 특정 시간에는 학습 관련한 영상이 나오고 쉬는 시간에는 만화가 나온다던지"", ""categories"": ""Statement"", ""type"": ""Recommendation""}], ""new_knowledge"": [""Evaluating the current design idea helps identify its strengths and weaknesses."", ""Design solutions should consider applying their core functionality to additional related areas for broader impact."", ""Design solutions should consider context-specific content recommendations to enhance user experience.""], ""new_actionPlan"": [""Assess the current design to identify areas that are working well and those that need improvement."", ""Explore opportunities to extend the core functionality of the design to other related areas or features."", ""Incorporate context-aware content recommendations to improve the relevance and appropriateness of the filtered content.""], ""new_thinking"": ""현재 디자인 아이디어를 평가하는 것이 강점과 약점을 파악하는 데 도움이 되는구나. 핵심 기능을 다른 관련 영역에도 적용하면 더 넓은 영향을 미칠 수 있겠구나. 사용자 경험을 향상시키기 위해 상황에 맞는 콘텐츠 추천을 고려해야겠어."", ""evaluation"": {""sentences"": [{""sentence"": ""동건이가 제시한 아이디어에서는 지금은 적절한 콘텐츠만 노출 시키고 나머지는 차단되는 아이디어인데"", ""categories"": ""Statement"", ""type"": ""Evaluation"", ""knowledge"": ""The current idea filters out inappropriate content and only shows suitable content."", ""evaluation"": {""specificity"": 5, ""justification"": 4, ""active"": 3, ""sentiment"": 0}}, {""sentence"": ""관리를 하는 측면에서 보면 보상이나 다른부분도 적용하면 좋을것 같아,"", ""categories"": ""Statement"", ""type"": ""Recommendation"", ""knowledge"": ""Adding rewards or other aspects could improve content management."", ""evaluation"": {""specificity"": 4, ""justification"": 4, ""active"": 5, ""sentiment"": 1}}, {""sentence"": ""예를 들면 특정 시간에는 학습 관련한 영상이 나오고 쉬는 시간에는 만화가 나온다던지"", ""categories"": ""Statement"", ""type"": ""Recommendation"", ""knowledge"": ""Scheduling educational videos during specific times and cartoons during breaks could be beneficial."", ""evaluation"": {""specificity"": 5, ""justification"": 5, ""active"": 5, ""sentiment"": 1}}]}, ""response"": {""answer"": ""아, 잘 이해했어요. Safeview에다 특정 시간대에 따라 학습 영상과 쉬는 시간 영상이 구분되게 설정하면 아이들의 균형 잡힌 콘텐츠 소비를 돕겠네요.""}}"
22,2024-08-14 0:37:22,student_question,"{""question"": ""보상이나 다른 부분을 적용할 때, 프로그램이 너무 복잡해지지 않도록 하기 위해 어떤 점을 유의해야 할까요?""}"
22,2024-08-14 0:40:05,user_feedaback,"{""user_input"": ""내가 생각할때는 이 서비스를 실질적으로 사용하는 유저는 부모님이기 때문에, 필터링 서비스를 제어하는 앱 같은 경우에는 부모님을 대상으로 디자인 되어야할것 같아, 그리고 그에 맞는 적절한 UI가 필요하고, 보상이나 다른 부분을 적용할때는 예를 들면 방학때 우리 원형 계획표 짰던것 처럼 해보면 어떨까?"", ""category"": [{""sentence"": ""내가 생각할때는 이 서비스를 실질적으로 사용하는 유저는 부모님이기 때문에, 필터링 서비스를 제어하는 앱 같은 경우에는 부모님을 대상으로 디자인 되어야할것 같아"", ""categories"": ""Statement"", ""type"": ""Recommendation""}, {""sentence"": ""그리고 그에 맞는 적절한 UI가 필요하고"", ""categories"": ""Statement"", ""type"": ""Recommendation""}, {""sentence"": ""보상이나 다른 부분을 적용할때는 예를 들면 방학때 우리 원형 계획표 짰던것 처럼 해보면 어떨까?"", ""categories"": ""Statement"", ""type"": ""Recommendation""}], ""new_knowledge"": [""Design solutions should be tailored to the primary users' needs and contexts."", ""User interfaces should be designed to be intuitive and user-friendly."", ""Design solutions should incorporate reward mechanisms to enhance user engagement.""], ""new_actionPlan"": [""Ensure that the design of the filtering service is specifically tailored to meet the needs and contexts of parents as the primary users."", ""Ensure the user interface of the extension is simple and easy to navigate for both parents and children."", ""Integrate a reward system in the design to encourage balanced content consumption for children.""], ""new_thinking"": ""Safeview는 부모님들이 주 사용자이기 때문에, 부모님들의 필요와 상황에 맞춘 디자인이 중요하구나. 사용자 인터페이스는 직관적이고 사용하기 쉬워야 해. 보상 메커니즘을 포함하면 사용자 참여를 높일 수 있겠구나."", ""evaluation"": {""sentences"": [{""sentence"": ""내가 생각할때는 이 서비스를 실질적으로 사용하는 유저는 부모님이기 때문에, 필터링 서비스를 제어하는 앱 같은 경우에는 부모님을 대상으로 디자인 되어야할것 같아"", ""categories"": ""Statement"", ""type"": ""Recommendation"", ""knowledge"": ""The filtering service should be designed for parents as they are the primary users."", ""evaluation"": {""specificity"": 6, ""justification"": 6, ""active"": 5, ""sentiment"": 1}}, {""sentence"": ""그리고 그에 맞는 적절한 UI가 필요하고"", ""categories"": ""Statement"", ""type"": ""Recommendation"", ""knowledge"": ""An appropriate UI is needed for the filtering service."", ""evaluation"": {""specificity"": 4, ""justification"": 5, ""active"": 4, ""sentiment"": 1}}, {""sentence"": ""보상이나 다른 부분을 적용할때는 예를 들면 방학때 우리 원형 계획표 짰던것 처럼 해보면 어떨까?"", ""categories"": ""Statement"", ""type"": ""Recommendation"", ""knowledge"": ""Consider using a circular schedule similar to the one used during vacations for implementing rewards or other features."", ""evaluation"": {""specificity"": 5, ""justification"": 5, ""active"": 5, ""sentiment"": 1}}]}, ""response"": {""answer"": ""앱 UI는 부모님을 주 사용자로 고려해 디자인해야 해요. 방학 때 원형 계획표 같이 직관적인 방식으로 보상 시스템을 적용하면 좋겠네요.""}}"
22,2024-08-14 0:41:26,user_feedaback,"{""user_input"": ""그리고 ai 기반으로 필터링 한다고 했으니깐 어떤 컨텐츠를 아이들에게 노출 시킬건지에 대한 선택사항에서 아이들이 어떤걸 좋아하는지, 그리고 부모님은 어떤걸 제공하고 싶은지에 대해 카테고리가 있으면 좋을것 같아"", ""category"": [{""sentence"": ""어떤 컨텐츠를 아이들에게 노출 시킬건지에 대한 선택사항에서 아이들이 어떤걸 좋아하는지, 그리고 부모님은 어떤걸 제공하고 싶은지에 대해 카테고리가 있으면 좋을것 같아"", ""categories"": ""Statement"", ""type"": ""Recommendation""}], ""new_knowledge"": [""Understanding user preferences and needs is crucial for effective content selection.""], ""new_actionPlan"": [""Conduct user research to gather insights on children's content preferences and parents' content provision goals.""], ""new_thinking"": ""사용자 선호도와 필요를 이해하는 것이 효과적인 콘텐츠 선택에 중요하구나."", ""evaluation"": {""sentences"": [{""sentence"": ""어떤 컨텐츠를 아이들에게 노출 시킬건지에 대한 선택사항에서 아이들이 어떤걸 좋아하는지, 그리고 부모님은 어떤걸 제공하고 싶은지에 대해 카테고리가 있으면 좋을것 같아"", ""categories"": ""Statement"", ""type"": ""Recommendation"", ""knowledge"": ""Include categories for children's preferences and parents' choices in content selection."", ""evaluation"": {""specificity"": 6, ""justification"": 5, ""active"": 6, ""sentiment"": 1}}]}, ""response"": {""answer"": ""알겠습니다. Safeview에서는 AI 기반으로 콘텐츠를 필터링할 때, 카테고리를 추가해 아이들이 좋아하는 콘텐츠와 부모님이 선호하는 콘텐츠를 구분할 수 있는 선택사항을 제공하는 것이 좋겠네요. ""}}"
22,2024-08-14 0:41:27,student_question,"{""question"": ""Safeview에 부모님이 사용하는 UI를 직관적으로 만들려면 어떤 요소들을 고려해야 할까요?""}"
22,2024-08-14 0:43:05,user_feedaback,"{""user_input"": ""UI를 직관적으로 만드려면 부모님은 시력이 안좋을수도 , 때문에 폰트의 사이즈, ui 색상을 고려해야해, 그러려면 부모님들이 사용하는 어플들을 조사할 필요가 있을거야. 아니면 구글에서 제공하는 ui 가이드 라인을 참고하면 좋아. "", ""category"": [{""sentence"": ""UI를 직관적으로 만드려면 부모님은 시력이 안좋을수도 , 때문에 폰트의 사이즈, ui 색상을 고려해야해"", ""categories"": ""Statement"", ""type"": ""Recommendation""}, {""sentence"": ""그러려면 부모님들이 사용하는 어플들을 조사할 필요가 있을거야."", ""categories"": ""Statement"", ""type"": ""Recommendation""}, {""sentence"": ""아니면 구글에서 제공하는 ui 가이드 라인을 참고하면 좋아."", ""categories"": ""Statement"", ""type"": ""Recommendation""}], ""new_knowledge"": [""User interfaces should be designed to be visually appealing and appropriately sized for the target audience."", ""Design solutions should include monitoring tools for primary users to track usage effectively."", ""Referencing established UI guidelines can enhance design quality.""], ""new_actionPlan"": [""Ensure the UI design is visually appealing and appropriately sized for parents to enhance usability."", ""Incorporate monitoring tools in Safeview to allow parents to track and manage their children's content consumption."", ""Review and incorporate Google's UI guidelines to improve the design of the Safeview extension.""], ""new_thinking"": ""UI를 직관적으로 만들려면 부모님이 사용하기 편리한 크기와 색상을 고려해야겠어. 부모님들이 사용하는 앱에 모니터링 도구를 포함해야겠어. 구글의 UI 가이드라인을 참고하면 디자인 품질을 높일 수 있겠어."", ""evaluation"": {""sentences"": [{""sentence"": ""UI를 직관적으로 만드려면 부모님은 시력이 안좋을수도 , 때문에 폰트의 사이즈, ui 색상을 고려해야해"", ""categories"": ""Statement"", ""type"": ""Recommendation"", ""knowledge"": ""UI 디자인 시 부모님의 시력을 고려하여 폰트 크기와 색상을 조정해야 한다."", ""evaluation"": {""specificity"": 6, ""justification"": 5, ""active"": 6, ""sentiment"": 1}}, {""sentence"": ""그러려면 부모님들이 사용하는 어플들을 조사할 필요가 있을거야."", ""categories"": ""Statement"", ""type"": ""Recommendation"", ""knowledge"": ""부모님들이 사용하는 앱을 조사하여 UI 디자인에 반영해야 한다."", ""evaluation"": {""specificity"": 5, ""justification"": 5, ""active"": 6, ""sentiment"": 1}}, {""sentence"": ""아니면 구글에서 제공하는 ui 가이드 라인을 참고하면 좋아."", ""categories"": ""Statement"", ""type"": ""Recommendation"", ""knowledge"": ""구글의 UI 가이드라인을 참고하여 디자인할 수 있다."", ""evaluation"": {""specificity"": 5, ""justification"": 5, ""active"": 6, ""sentiment"": 1}}]}, ""response"": {""answer"": ""폰트 크기와 UI 색상 신경 써야겠네요. 부모님들이 주로 쓰는 앱 조사나 구글 UI 가이드라인 참고해볼게요.""}}"
22,2024-08-14 0:43:42,update_idea,"{""title"": ""Safeview - 아동 안전 콘텐츠 필터링 익스텐션"", ""problem"": ""현대 사회에서 어린이들이 접하게 되는 다양한 디지털 콘텐츠 중 부적합한 것들을 걸러내고, 부모가 아이들의 콘텐츠 소비를 효과적으로 관리할 수 있는 툴이 부족합니다. 부모가 바쁠 때 아이들이 무분별하게 콘텐츠를 소비하거나, 학습과 휴식의 균형을 맞추지 못하는 문제가 발생할 수 있습니다."", ""idea"": ""Safeview는 유튜브, 넷플릭스 등의 스트리밍 플랫폼에 적용 가능한 브라우저 익스텐션으로, 부모가 자녀의 콘텐츠 소비를 관리하고 필터링할 수 있도록 설계되었습니다. 이 익스텐션은 AI 기술을 통해 실시간으로 콘텐츠를 분석하고, 부모가 설정한 기준에 맞지 않는 콘텐츠는 차단합니다. 부모는 아이의 연령과 선호를 고려하여 적절한 콘텐츠 카테고리를 선택할 수 있으며, 특정 시간에 맞춰 교육적인 콘텐츠 또는 엔터테인먼트 콘텐츠가 제공되도록 설정할 수 있습니다. 또한, 아이들의 콘텐츠 소비 패턴을 부모가 모니터링할 수 있는 도구가 포함되어 있어, 균형 잡힌 콘텐츠 섭취를 장려하고, 학습과 쉬는 시간을 조절할 수 있습니다. UI는 부모의 사용 편의성을 고려하여 직관적인 디자인으로 구성되며, 시력이 좋지 않은 부모님들도 쉽게 사용할 수 있도록 큰 폰트와 명확한 색상 대비를 사용합니다. 이와 함께 Google의 UI 가이드라인을 참고하여 설계되었습니다.""}"
22,2024-08-14 0:45:08,user_feedaback,"{""user_input"": ""좋아좋아, 그리고 혼자 아이들이 있는 경우에 컨텐츠를 소비하는 경우가 많을것 같은데 이런 아이들을 위해서도 좋은 서비스가 될것 같아"", ""category"": [{""sentence"": ""그리고 혼자 아이들이 있는 경우에 컨텐츠를 소비하는 경우가 많을것 같은데"", ""categories"": ""Statement"", ""type"": ""Information""}, {""sentence"": ""이런 아이들을 위해서도 좋은 서비스가 될것 같아"", ""categories"": ""Statement"", ""type"": ""Evaluation""}], ""new_knowledge"": [""Design solutions should consider scenarios where users might be consuming content alone."", ""Positive feedback indicates that the design idea has potential and is on the right track.""], ""new_actionPlan"": [""Ensure the design includes features that address the needs of children consuming content without parental supervision."", ""Continue refining and developing the design idea, ensuring it addresses the identified problem effectively.""], ""new_thinking"": ""혼자 있는 아이들이 콘텐츠를 소비하는 경우도 고려해야겠구나. 긍정적인 피드백은 내 디자인 아이디어가 잠재력이 있고 올바른 방향으로 가고 있다는 것을 의미해."", ""evaluation"": {""sentences"": [{""sentence"": ""그리고 혼자 아이들이 있는 경우에 컨텐츠를 소비하는 경우가 많을것 같은데"", ""categories"": ""Statement"", ""type"": ""Information"", ""knowledge"": ""Children often consume content alone."", ""evaluation"": {""specificity"": 4, ""justification"": 3, ""active"": 2, ""sentiment"": 0}}, {""sentence"": ""이런 아이들을 위해서도 좋은 서비스가 될것 같아"", ""categories"": ""Statement"", ""type"": ""Evaluation"", ""knowledge"": ""The service would be beneficial for children who consume content alone."", ""evaluation"": {""specificity"": 3, ""justification"": 3, ""active"": 2, ""sentiment"": 1}}]}, ""response"": {""answer"": ""혼자 있는 아이들이 안전하게 콘텐츠를 소비할 수 있다면 더 유용할 것 같네요. Safeview가 특히 혼자 있는 아이들에게 더 도움이 될 것 같아요.""}}"
22,2024-08-14 0:45:10,student_question,"{""question"": ""Safeview에서 부모님의 이용 패턴을 모니터링할 때, 어떤 요소를 중점적으로 고려하면 좋을까요?""}"
22,2024-08-14 0:46:53,user_feedaback,"{""user_input"": ""아이들이 시청하는 컨텐츠에서 사용하는 용어, 그리고 댓글, 화면에서 드러나는 폭력성은 어떤지, 혹은 교육적인 정보는 얼마나 담고 있는지가 중요할것 같아. 아이들이 시청하는데 동영상에서 욕을 하거나 그러면 안좋잖아"", ""category"": [{""sentence"": ""아이들이 시청하는 컨텐츠에서 사용하는 용어, 그리고 댓글, 화면에서 드러나는 폭력성은 어떤지, 혹은 교육적인 정보는 얼마나 담고 있는지가 중요할것 같아."", ""categories"": ""Statement"", ""type"": ""Recommendation""}, {""sentence"": ""아이들이 시청하는데 동영상에서 욕을 하거나 그러면 안좋잖아"", ""categories"": ""Statement"", ""type"": ""Evaluation""}], ""new_knowledge"": [""Understanding the specific content elements that need filtering is crucial for effective content management."", ""Design solutions should ensure that content is appropriate and safe for the target audience.""], ""new_actionPlan"": [""Analyze the types of language, comments, and screen elements that should be filtered or highlighted for educational value."", ""Implement robust content filtering mechanisms to ensure that inappropriate content is not accessible to the target audience.""], ""new_thinking"": ""어떤 언어, 댓글, 화면 요소를 필터링해야 하는지 분석하는 것이 중요하구나. 디자인 솔루션은 대상 사용자에게 적절하고 안전한 콘텐츠를 보장해야 해."", ""evaluation"": {""sentences"": [{""sentence"": ""아이들이 시청하는 컨텐츠에서 사용하는 용어, 그리고 댓글, 화면에서 드러나는 폭력성은 어떤지, 혹은 교육적인 정보는 얼마나 담고 있는지가 중요할것 같아."", ""categories"": ""Statement"", ""type"": ""Recommendation"", ""knowledge"": ""Content should be evaluated for language, comments, violence, and educational value."", ""evaluation"": {""specificity"": 6, ""justification"": 5, ""active"": 5, ""sentiment"": 0}}, {""sentence"": ""아이들이 시청하는데 동영상에서 욕을 하거나 그러면 안좋잖아"", ""categories"": ""Statement"", ""type"": ""Evaluation"", ""knowledge"": ""Videos with inappropriate language are not suitable for children."", ""evaluation"": {""specificity"": 4, ""justification"": 4, ""active"": 3, ""sentiment"": -1}}]}, ""response"": {""answer"": ""맞아요. 아이들이 콘텐츠에서 접하는 용어, 댓글의 내용, 그리고 영상의 폭력성 수준을 포함해 필터링해야겠어요. 교육적인 정보 비율도 체크해 콘텐츠를 고르도록 할게요.""}}"
22,2024-08-14 0:47:22,user_feedaback,"{""user_input"": ""그리고 또 물어볼거 있을까?"", ""category"": [{""sentence"": ""그리고 또 물어볼거 있을까?"", ""categories"": ""Question"", ""type"": ""Low-Level""}], ""new_knowledge"": [""Asking questions can help clarify and deepen understanding of design requirements.""], ""new_actionPlan"": [""Ask specific questions to clarify any uncertainties about the design requirements and user needs.""], ""new_thinking"": ""질문을 통해 디자인 요구사항을 더 명확히 이해할 수 있겠구나."", ""evaluation"": {""sentences"": [{""sentence"": ""그리고 또 물어볼거 있을까?"", ""categories"": ""Question"", ""type"": ""Low-Level"", ""knowledge"": ""The mentor is asking if the student has any more questions."", ""evaluation"": {""timely"": 3, ""relevance"": 2, ""high-level"": 1, ""specificity"": 0, ""justification"": 0, ""active"": 0, ""sentiment"": 0}}]}, ""response"": {""answer"": ""Safeview 아이디어를 더욱 발전시키기 위해 어떤 기술적인 구현 방법을 고려해야 할까요?""}}"
22,2024-08-14 0:48:21,user_feedaback,"{""user_input"": ""내 생각에는 어플리케이션을 통해 해당 컨텐츠를 제어하는 기술이 필요하고, 영상 컨텐츠를 읽는 ai 모델이 필요할것 같아"", ""category"": [{""sentence"": ""내 생각에는 어플리케이션을 통해 해당 컨텐츠를 제어하는 기술이 필요하고,"", ""categories"": ""Statement"", ""type"": ""Recommendation""}, {""sentence"": ""영상 컨텐츠를 읽는 ai 모델이 필요할것 같아"", ""categories"": ""Statement"", ""type"": ""Recommendation""}], ""new_knowledge"": [""Effective content control requires appropriate application technology."", ""AI models are essential for reading and analyzing video content effectively.""], ""new_actionPlan"": [""Research and implement suitable application technologies for content control."", ""Research and integrate AI models capable of analyzing video content for inappropriate elements.""], ""new_thinking"": ""효과적인 콘텐츠 제어를 위해 적절한 애플리케이션 기술이 필요하구나. AI 모델이 영상 콘텐츠를 읽고 분석하는 데 필수적이구나."", ""evaluation"": {""sentences"": [{""sentence"": ""내 생각에는 어플리케이션을 통해 해당 컨텐츠를 제어하는 기술이 필요하고,"", ""categories"": ""Statement"", ""type"": ""Recommendation"", ""knowledge"": ""An application-based technology is needed to control the content."", ""evaluation"": {""specificity"": 5, ""justification"": 4, ""active"": 5, ""sentiment"": 1}}, {""sentence"": ""영상 컨텐츠를 읽는 ai 모델이 필요할것 같아"", ""categories"": ""Statement"", ""type"": ""Recommendation"", ""knowledge"": ""An AI model is needed to read video content."", ""evaluation"": {""specificity"": 4, ""justification"": 4, ""active"": 5, ""sentiment"": 1}}]}, ""response"": {""answer"": ""AI 모델을 사용해 영상 콘텐츠를 분석하고, 부모님이 설정한 기준에 맞춰 차단하는 기술이 필요하겠네요. 또한, 어플리케이션을 통해 콘텐츠를 제어할 수 있는 기능도 구현해야겠어요.""}}"
22,2024-08-14 0:49:40,user_feedaback,"{""user_input"": ""그리고 필터링 된 영상 컨텐츠들을 제공한다면 부모님이 보여주고 싶은 컨텐츠들이 자주 나오기 때문에 영상 컨텐츠를 볼 수 있도록 장려하는것도 있으면 좋을것 같아"", ""category"": [{""sentence"": ""그리고 필터링 된 영상 컨텐츠들을 제공한다면 부모님이 보여주고 싶은 컨텐츠들이 자주 나오기 때문에"", ""categories"": ""Statement"", ""type"": ""Information""}, {""sentence"": ""영상 컨텐츠를 볼 수 있도록 장려하는것도 있으면 좋을것 같아"", ""categories"": ""Statement"", ""type"": ""Recommendation""}], ""new_knowledge"": [""Providing filtered content that aligns with user preferences enhances user satisfaction."", ""Design solutions should consider providing access to appropriate video content.""], ""new_actionPlan"": [""Ensure that the content filtering system prioritizes and frequently displays content that matches the preferences set by the primary users."", ""Ensure that the design includes mechanisms to allow access to suitable video content for the target audience.""], ""new_thinking"": ""사용자 선호에 맞춘 필터링된 콘텐츠를 제공하면 만족도가 높아지겠구나. 적절한 영상 콘텐츠에 접근할 수 있는 기능도 고려해야겠어."", ""evaluation"": {""sentences"": [{""sentence"": ""그리고 필터링 된 영상 컨텐츠들을 제공한다면 부모님이 보여주고 싶은 컨텐츠들이 자주 나오기 때문에"", ""categories"": ""Statement"", ""type"": ""Information"", ""knowledge"": ""Filtered video content should frequently include content that parents want to show."", ""evaluation"": {""specificity"": 5, ""justification"": 4, ""active"": 3, ""sentiment"": 1}}, {""sentence"": ""영상 컨텐츠를 볼 수 있도록 장려하는것도 있으면 좋을것 같아"", ""categories"": ""Statement"", ""type"": ""Recommendation"", ""knowledge"": ""Encouraging the viewing of video content would be beneficial."", ""evaluation"": {""specificity"": 3, ""justification"": 3, ""active"": 4, ""sentiment"": 1}}]}, ""response"": {""answer"": ""부모님이 보여주고 싶은 콘텐츠를 더 자주 보게 하도록 장려하는 기능도 추가하는 게 좋겠네요. 이를 통해 부모님의 선호도에 맞는 콘텐츠를 더 많이 제공할 수 있겠어요.""}}"
22,2024-08-14 0:49:41,student_question,"{""question"": ""Safeview가 학부모의 사용 편의성을 높이기 위해 어떤 UI 상호작용을 적용하면 좋을까요?""}"
22,2024-08-14 0:52:17,user_feedaback,"{""user_input"": ""부모님의 사용편의성을 높이기 위해서는 먼저 부모님이 어떤 컨텐츠인지 알아야 필터링을 할 수 있을것 같아 그래서 필터링을 하기 전에 간략한 정보 그리고 대표하는 이미지를 제공해야할것 같아. 간단하게 스와이핑해서 골라내는 인터렉션도 좋을것 같네. 컨텐츠 유형을 먼저 제공하고, 해당 유형에서 골라내는 방식이 좋을것 같아"", ""category"": [{""sentence"": ""부모님의 사용편의성을 높이기 위해서는 먼저 부모님이 어떤 컨텐츠인지 알아야 필터링을 할 수 있을것 같아"", ""categories"": ""Statement"", ""type"": ""Recommendation""}, {""sentence"": ""그래서 필터링을 하기 전에 간략한 정보 그리고 대표하는 이미지를 제공해야할것 같아."", ""categories"": ""Statement"", ""type"": ""Recommendation""}, {""sentence"": ""간단하게 스와이핑해서 골라내는 인터렉션도 좋을것 같네."", ""categories"": ""Statement"", ""type"": ""Recommendation""}, {""sentence"": ""컨텐츠 유형을 먼저 제공하고, 해당 유형에서 골라내는 방식이 좋을것 같아"", ""categories"": ""Statement"", ""type"": ""Recommendation""}], ""new_knowledge"": [""Understanding user preferences is essential for effective content filtering."", ""Providing clear and representative information before filtering is essential for user understanding."", ""Simple and engaging interactions can enhance user experience."", ""Providing content types first and then filtering within those types can enhance user experience.""], ""new_actionPlan"": [""Conduct research to identify the types of content parents prefer for their children."", ""Ensure that the design includes a step where users are given clear and representative information about the filtering process before it begins."", ""Incorporate simple and engaging interactions in the UI design to improve user experience."", ""Implement a system that first categorizes content types and then applies filtering within those categories.""], ""new_thinking"": ""부모님이 어떤 콘텐츠를 선호하는지 알아야 필터링을 효과적으로 할 수 있겠구나. 필터링을 하기 전에 간단한 정보와 이미지를 제공해야겠어. 간단하게 스와이핑해서 골라내는 인터랙션도 좋을것 같네. 콘텐츠 유형을 먼저 제공하고, 해당 유형에서 골라내는 방식이 좋을 것 같아."", ""evaluation"": {""sentences"": [{""sentence"": ""부모님의 사용편의성을 높이기 위해서는 먼저 부모님이 어떤 컨텐츠인지 알아야 필터링을 할 수 있을것 같아"", ""categories"": ""Statement"", ""type"": ""Recommendation"", ""knowledge"": ""Parents need to know the content to filter it effectively."", ""evaluation"": {""specificity"": 5, ""justification"": 4, ""active"": 5, ""sentiment"": 1}}, {""sentence"": ""그래서 필터링을 하기 전에 간략한 정보 그리고 대표하는 이미지를 제공해야할것 같아."", ""categories"": ""Statement"", ""type"": ""Recommendation"", ""knowledge"": ""Providing brief information and representative images before filtering is necessary."", ""evaluation"": {""specificity"": 5, ""justification"": 5, ""active"": 5, ""sentiment"": 1}}, {""sentence"": ""간단하게 스와이핑해서 골라내는 인터렉션도 좋을것 같네."", ""categories"": ""Statement"", ""type"": ""Recommendation"", ""knowledge"": ""Swiping interactions can be effective for selection."", ""evaluation"": {""specificity"": 4, ""justification"": 4, ""active"": 5, ""sentiment"": 1}}, {""sentence"": ""컨텐츠 유형을 먼저 제공하고, 해당 유형에서 골라내는 방식이 좋을것 같아"", ""categories"": ""Statement"", ""type"": ""Recommendation"", ""knowledge"": ""Providing content types first and then allowing selection from those types is effective."", ""evaluation"": {""specificity"": 5, ""justification"": 5, ""active"": 5, ""sentiment"": 1}}]}, ""response"": {""answer"": ""부모님이 콘텐츠를 쉽게 판단할 수 있도록 간략한 정보와 이미지를 제공하는 게 중요해요. 스와이핑 인터랙션으로 간편하게 필터링할 수 있는 방식도 좋을 것 같아요. 콘텐츠 유형을 먼저 제시하고, 그 안에서 선택하게 하는 구조가 적합해 보여요.""}}"
22,2024-08-14 0:52:18,student_question,"{""question"": ""UI가 직관적으로 보이도록 보상 시스템을 추가하면서도 복잡해지지 않게 하려면 어떤 요소를 고려해야 할까요?""}"
22,2024-08-14 0:54:18,user_feedaback,"{""user_input"": ""보상 시스템의 경우에는 다수를 차지 하지는 않을것 같아. 때문에 일일 목표하는 컨텐츠를 소비하였거나 부모님이 원하는 대로 되었을 경우에 보상 시스템을 클릭하면 되는 게 좋을것 같아. 팝업 방식?"", ""category"": [{""sentence"": ""보상 시스템의 경우에는 다수를 차지 하지는 않을것 같아."", ""categories"": ""Statement"", ""type"": ""Evaluation""}, {""sentence"": ""때문에 일일 목표하는 컨텐츠를 소비하였거나 부모님이 원하는 대로 되었을 경우에 보상 시스템을 클릭하면 되는 게 좋을것 같아."", ""categories"": ""Statement"", ""type"": ""Recommendation""}, {""sentence"": ""팝업 방식?"", ""categories"": ""Question"", ""type"": ""Generate Design""}], ""new_knowledge"": [""Reward systems should be designed to avoid overwhelming users with too many options."", ""Incorporating a reward system can enhance user engagement and satisfaction."", ""Exploring different presentation methods can uncover new design opportunities.""], ""new_actionPlan"": [""Ensure the reward system in the design is simple and does not overwhelm users with too many choices."", ""Integrate a reward system that activates when users consume content that aligns with their preferences or goals."", ""Investigate various ways to present content filtering options to enhance user engagement.""], ""new_thinking"": ""보상 시스템은 너무 많은 선택지를 제공하지 않도록 단순하게 설계해야겠어. 보상 시스템을 도입하면 사용자 참여와 만족도가 높아질 수 있겠어. 다양한 콘텐츠 필터링 옵션을 제시하는 방법을 탐구해봐야겠어."", ""evaluation"": {""sentences"": [{""sentence"": ""보상 시스템의 경우에는 다수를 차지 하지는 않을것 같아."", ""categories"": ""Statement"", ""type"": ""Evaluation"", ""knowledge"": ""The reward system is not likely to be a major component."", ""evaluation"": {""specificity"": 3, ""justification"": 2, ""active"": 2, ""sentiment"": 0}}, {""sentence"": ""때문에 일일 목표하는 컨텐츠를 소비하였거나 부모님이 원하는 대로 되었을 경우에 보상 시스템을 클릭하면 되는 게 좋을것 같아."", ""categories"": ""Statement"", ""type"": ""Recommendation"", ""knowledge"": ""A reward system should be activated when daily content goals are met or when parents' preferences are followed."", ""evaluation"": {""specificity"": 4, ""justification"": 3, ""active"": 4, ""sentiment"": 1}}, {""sentence"": ""팝업 방식?"", ""categories"": ""Question"", ""type"": ""Generate Design"", ""knowledge"": ""A popup method could be considered."", ""evaluation"": {""timely"": 3, ""relevance"": 3, ""high-level"": 2, ""sentiment"": 0}}]}, ""response"": {""answer"": ""보상 시스템이 다소 제한적일 수 있으니 팝업 방식으로 일일 목표 달성 시 보상을 클릭하는 게 좋겠네요. 사용자가 혼동하지 않도록 직관적으로 설계해야겠어요.""}}"
22,2024-08-14 0:54:57,update_idea,"{""title"": ""Safeview - 아동 안전 콘텐츠 필터링 익스텐션"", ""problem"": ""현대 가정에서 유튜브, 넷플릭스와 같은 스트리밍 서비스의 보편화로 아동이 적합하지 않은 콘텐츠에 무방비로 노출될 위험이 증가하고 있습니다. 부모가 항상 감시하기 어려우며, 이는 아동의 심리적, 정서적 안정성에 악영향을 미칠 수 있습니다. 따라서, 안전한 콘텐츠 소비를 지원하고 관리할 수 있는 효율적인 도구가 필요합니다."", ""idea"": ""Safeview는 유튜브, 넷플릭스 등의 스트리밍 플랫폼에 사용할 수 있는 브라우저 익스텐션으로, AI 기술을 활용하여 콘텐츠를 분석하고 필터링합니다. 이 시스템은 부적합한 언어, 댓글, 폭력적 요소를 자동으로 감지하여 필터링하며, 교육적 가치가 있는 콘텐츠를 강조합니다. 부모는 아이의 연령과 선호에 맞게 필터링 기준을 설정할 수 있으며, 이를 통해 균형 잡힌 콘텐츠 섭취가 가능하도록 돕습니다. UI는 직관적이며, 스와이프 동작을 통해 간편하게 콘텐츠를 선택하거나 필터링할 수 있습니다. 또한, 부모가 설정한 목표에 따른 보상 시스템을 통해 아동이 건강한 습관을 형성할 수 있도록 돕는 기능도 포함되어 있습니다. 이 익스텐션은 부모님이 효과적으로 자녀의 미디어 사용을 관리하고, 혼자 있는 시간에도 아이들이 안전하게 콘텐츠를 소비할 수 있는 환경을 제공합니다.""}"
22,2024-08-14 0:56:02,user_feedaback,"{""user_input"": ""좋아좋아, 그리고 나중에 부모님이 해당 컨텐츠를 통해서 아이들과 소통 할 수 있는 기회도 있으면 좋겠네"", ""category"": [{""sentence"": ""그리고 나중에 부모님이 해당 컨텐츠를 통해서 아이들과 소통 할 수 있는 기회도 있으면 좋겠네"", ""categories"": ""Statement"", ""type"": ""Recommendation""}], ""new_knowledge"": [""Design solutions should facilitate communication between primary users and secondary users.""], ""new_actionPlan"": [""Incorporate features that allow primary users to communicate with secondary users through the design solution.""], ""new_thinking"": ""디자인 솔루션은 주 사용자와 부 사용자 간의 소통을 촉진해야 해."", ""evaluation"": {""sentences"": [{""sentence"": ""그리고 나중에 부모님이 해당 컨텐츠를 통해서 아이들과 소통 할 수 있는 기회도 있으면 좋겠네"", ""categories"": ""Statement"", ""type"": ""Recommendation"", ""knowledge"": ""Providing opportunities for parents to communicate with their children through the content would be beneficial."", ""evaluation"": {""specificity"": 5, ""justification"": 4, ""active"": 5, ""sentiment"": 1}}]}, ""response"": {""answer"": ""아이들과 부모님 사이의 소통 기회를 늘리는 기능을 추가하는 것도 좋은 아이디어네요. Safeview를 통해 시청한 콘텐츠에 대해 부모와 아이가 대화를 나눌 수 있는 피드백 기능이나, 콘텐츠 추천 기능을 생각해볼게요.""}}"
22,2024-08-14 0:57:00,update_idea,"{""title"": ""Safeview - 아동 안전 콘텐츠 필터링 익스텐션"", ""problem"": ""현대 가정에서 유튜브, 넷플릭스 등 다양한 스트리밍 서비스를 통해 콘텐츠를 소비하는 것은 일상적입니다. 그러나 이러한 플랫폼들은 성인용 콘텐츠도 포함하고 있어 아이들이 적절하지 않은 콘텐츠에 무방비로 노출될 위험이 있습니다. 부모님들이 콘텐츠를 완벽하게 관리하는 것이 어렵고, 아이들이 부적절한 콘텐츠에 노출될 경우 심리적, 정서적 문제를 일으킬 수 있습니다. 본 프로젝트는 아이들이 안전하게 콘텐츠를 소비할 수 있도록 돕는 효과적인 필터링 도구를 제공합니다."", ""idea"": ""Safeview는 유튜브, 넷플릭스 등의 스트리밍 플랫폼에 사용할 수 있는 브라우저 익스텐션이며, AI 기술을 활용하여 콘텐츠를 분석하고 필터링합니다. 이 시스템은 부적합한 언어, 댓글, 폭력적 요소를 자동으로 감지하여 필터링하며, 교육적 가치가 있는 콘텐츠를 강조합니다. 부모는 아이의 연령과 선호에 맞게 필터링 기준을 설정할 수 있으며, 스와이프 동작을 통해 간편하게 콘텐츠를 선택하거나 필터링할 수 있습니다. 특히, 부모와 아동 사이의 소통을 증진하기 위해 부모가 아동과 시청한 콘텐츠에 대해 대화를 나눌 수 있는 피드백과 콘텐츠 추천 기능을 도입합니다. 또한, 콘텐츠 소비에 따른 보상 시스템을 통해 아동이 건강한 습관을 형성할 수 있도록 돕습니다.""}"
22,2024-08-14 0:57:29,finish,