user_id,timestamp,tag,data
23,2024-08-15 4:35:58,start,
23,2024-08-15 4:38:23,user_feedaback,"{""user_input"": ""안녕하세요, 멘토 정훈입니다. Petit 프로그램에 대한 설명 잘 읽었습니다. 다만 걱정되는 점은, 전문 상담사와의 인터뷰나 정기 방문 등은 상당히 많은 비용을 필요로 할 것 같아요. 이 비용 부담은 누가 하게 되나요?"", ""category"": [{""sentence"": ""다만 걱정되는 점은, 전문 상담사와의 인터뷰나 정기 방문 등은 상당히 많은 비용을 필요로 할 것 같아요."", ""categories"": ""Statement"", ""type"": ""Evaluation""}, {""sentence"": ""이 비용 부담은 누가 하게 되나요?"", ""categories"": ""Question"", ""type"": ""Low-Level""}], ""new_knowledge"": [""Consider the cost implications of implementing certain features in your design."", ""Understanding who bears the costs is crucial for the feasibility of the design.""], ""new_actionPlan"": [""Evaluate the financial feasibility of including professional consultations and regular visits in the platform."", ""Identify and clearly define the stakeholders responsible for various costs in the design.""], ""new_thinking"": ""특정 기능을 구현하는 데 드는 비용을 고려해야겠어. 비용 부담이 누구에게 있는지 명확히 이해하는 것이 중요하구나."", ""evaluation"": {""sentences"": [{""sentence"": ""다만 걱정되는 점은, 전문 상담사와의 인터뷰나 정기 방문 등은 상당히 많은 비용을 필요로 할 것 같아요."", ""categories"": ""Statement"", ""type"": ""Evaluation"", ""knowledge"": ""Interviews and regular visits with professional counselors may require significant costs."", ""evaluation"": {""specificity"": 6, ""justification"": 5, ""active"": 4, ""sentiment"": 0}}, {""sentence"": ""이 비용 부담은 누가 하게 되나요?"", ""categories"": ""Question"", ""type"": ""Low-Level"", ""knowledge"": ""The cost burden of the services needs to be clarified."", ""evaluation"": {""timely"": 5, ""relevance"": 5, ""high-level"": 2, ""specificity"": 0, ""justification"": 0, ""active"": 0, ""sentiment"": 0}}]}, ""response"": {""answer"": ""반려동물 입양 센터나 관련 기관에서 일부 지원을 받을 수 있도록 제안하거나, 입양자들이 부담하는 쪽으로 방향을 잡는 방안도 고려하고 있습니다. 비용 문제는 중요한 부분이라서, 무료 온라인 교육 자원이나 자원봉사자 활용도 생각해 보고 있습니다.""}}"
23,2024-08-15 4:40:12,user_feedaback,"{""user_input"": ""입양자들이 비용을 부담해야한다면, 입양자들의 입장에서 Petit을 사용하도록 하는 동기는 무엇이 될까요? 굳이 추가적인 돈을 들여가면서 플랫폼을 사용하고 싶을까요?"", ""category"": [{""sentence"": ""입양자들이 비용을 부담해야한다면, 입양자들의 입장에서 Petit을 사용하도록 하는 동기는 무엇이 될까요?"", ""categories"": ""Question"", ""type"": ""Deep Reasoning""}, {""sentence"": ""굳이 추가적인 돈을 들여가면서 플랫폼을 사용하고 싶을까요?"", ""categories"": ""Question"", ""type"": ""Deep Reasoning""}], ""new_knowledge"": [""Consider the user perspective when determining who bears the costs."", ""Consider the financial sustainability of your design features.""], ""new_actionPlan"": [""Evaluate how the cost burden on users might affect their willingness to use the service and explore ways to mitigate any negative impact."", ""Evaluate the long-term financial impact of each feature and explore cost-effective alternatives.""], ""new_thinking"": ""사용자 입장에서 비용 부담이 서비스 이용 의사에 어떤 영향을 미칠지 고려해야겠어. 디자인 기능의 재정적 지속 가능성을 고려해야겠어."", ""evaluation"": {""sentences"": [{""sentence"": ""입양자들이 비용을 부담해야한다면, 입양자들의 입장에서 Petit을 사용하도록 하는 동기는 무엇이 될까요?"", ""categories"": ""Question"", ""type"": ""Deep Reasoning"", ""knowledge"": ""The mentor is questioning the motivation for adopters to use the platform if they have to bear the costs."", ""evaluation"": {""timely"": 6, ""relevance"": 7, ""high-level"": 5, ""specificity"": 0, ""justification"": 0, ""active"": 0, ""sentiment"": 0}}, {""sentence"": ""굳이 추가적인 돈을 들여가면서 플랫폼을 사용하고 싶을까요?"", ""categories"": ""Question"", ""type"": ""Deep Reasoning"", ""knowledge"": ""The mentor is questioning whether adopters would want to spend extra money to use the platform."", ""evaluation"": {""timely"": 6, ""relevance"": 7, ""high-level"": 5, ""specificity"": 0, ""justification"": 0, ""active"": 0, ""sentiment"": 0}}]}, ""response"": {""answer"": ""좋은 질문입니다. Petit을 통해 입양 과정에서의 안정성과 신뢰성을 제공해 준다는 점이 큰 장점이라고 생각합니다. 또한 입양 후 지원과 교육을 통해 반려동물의 건강과 행복을 지킬 수 있다는 것도 중요한 동기부여가 될 수 있습니다.""}}"
23,2024-08-15 4:42:51,user_feedaback,"{""user_input"": ""구체적인 사항에 대해 궁금한 점이 있어요. 입양자가 계약을 위반하는 경우에는 어떻게 처리하나요?"", ""category"": [{""sentence"": ""구체적인 사항에 대해 궁금한 점이 있어요."", ""categories"": ""Statement"", ""type"": ""Evaluation""}, {""sentence"": ""입양자가 계약을 위반하는 경우에는 어떻게 처리하나요?"", ""categories"": ""Question"", ""type"": ""Deep Reasoning""}], ""new_knowledge"": [""Understanding the overall structure and key aspects of your design is essential."", ""Consider how to handle violations of agreements in your design.""], ""new_actionPlan"": [""Review and ensure that all critical components of your design are well-defined and cohesive."", ""Develop a clear protocol for addressing violations of agreements by users.""], ""new_thinking"": ""디자인의 전체적인 구조와 주요 측면을 이해하는 것이 중요하구나. 계약 위반 시 어떻게 처리할지 명확한 프로토콜을 마련해야겠어."", ""evaluation"": {""sentences"": [{""sentence"": ""구체적인 사항에 대해 궁금한 점이 있어요."", ""categories"": ""Statement"", ""type"": ""Evaluation"", ""knowledge"": ""The mentor is curious about specific details of the design idea."", ""evaluation"": {""specificity"": 4, ""justification"": 3, ""active"": 3, ""sentiment"": 0}}, {""sentence"": ""입양자가 계약을 위반하는 경우에는 어떻게 처리하나요?"", ""categories"": ""Question"", ""type"": ""Deep Reasoning"", ""knowledge"": ""The mentor is asking about the consequences of contract violations by adopters."", ""evaluation"": {""timely"": 5, ""relevance"": 5, ""high-level"": 5, ""sentiment"": 0}}]}, ""response"": {""answer"": ""계약 위반 시 입양 동물 보호 센터와 협력하여 반려동물을 회수하거나 입양자의 책임을 강화하는 방안을 고려하고 있습니다. 이와 함께 기존 입양자의 관리 및 지원 프로그램을 통해 문제를 예방하려고 합니다.""}}"
23,2024-08-15 4:42:53,student_question,"{""question"": ""계약 위반 처리 방안 관련해서, 입양자 측의 부담을 최소화하면서도 실효성 있는 방안을 마련하려면 어떤 요소들을 고려해야 할까요?""}"
23,2024-08-15 4:45:42,user_feedaback,"{""user_input"": ""과도하게 엄격한 관리는 입양자 측에게 스트레스를 주고 반려동물에 대한 반감을 만들 것 같아요. 입양자가 솔직한 고민을 털어놓을 수 있도록, 엄격한 관리감독 대신 정기적인 상담을 진행하는 것은 어떨까요?"", ""category"": [{""sentence"": ""과도하게 엄격한 관리는 입양자 측에게 스트레스를 주고 반려동물에 대한 반감을 만들 것 같아요."", ""categories"": ""Statement"", ""type"": ""Evaluation""}, {""sentence"": ""입양자가 솔직한 고민을 털어놓을 수 있도록, 엄격한 관리감독 대신 정기적인 상담을 진행하는 것은 어떨까요?"", ""categories"": ""Statement"", ""type"": ""Recommendation""}], ""new_knowledge"": [""Managing the stress on users is crucial for the success of a design."", ""Consider alternative methods to manage and monitor users without imposing heavy supervision.""], ""new_actionPlan"": [""Evaluate the stress points in the current design and find ways to minimize them for users."", ""Explore regular consultations as a less intrusive way to ensure users are meeting their responsibilities.""], ""new_thinking"": ""사용자에게 과도한 스트레스를 주지 않는 것이 디자인 성공의 핵심이구나. 과도한 관리 대신 정기적인 상담을 통해 사용자들이 책임을 다하고 있는지 확인하는 방법을 고려해야겠어."", ""evaluation"": {""sentences"": [{""sentence"": ""과도하게 엄격한 관리는 입양자 측에게 스트레스를 주고 반려동물에 대한 반감을 만들 것 같아요."", ""categories"": ""Statement"", ""type"": ""Evaluation"", ""knowledge"": ""Strict management may cause stress and resentment towards pets."", ""evaluation"": {""specificity"": 5, ""justification"": 4, ""active"": 3, ""sentiment"": -1}}, {""sentence"": ""입양자가 솔직한 고민을 털어놓을 수 있도록, 엄격한 관리감독 대신 정기적인 상담을 진행하는 것은 어떨까요?"", ""categories"": ""Statement"", ""type"": ""Recommendation"", ""knowledge"": ""Regular counseling instead of strict supervision may encourage adopters to share their concerns."", ""evaluation"": {""specificity"": 5, ""justification"": 5, ""active"": 5, ""sentiment"": 1}}]}, ""response"": {""answer"": ""정기적인 상담을 통해 입양자가 솔직한 이야기를 나눌 수 있는 환경을 만드는 것이 좋을 것 같아요. 스트레스 받지 않도록 유도하면서 책임감을 유지할 수 있게 해야겠어요.""}}"
23,2024-08-15 4:46:16,update_idea,"{""title"": ""Petit - 책임감 있는 반려동물 입양 플랫폼 업데이트"", ""problem"": ""반려동물 입양 후 책임감 부족으로 인해 유기동물이 되는 사례가 빈번하며, 이를 방지하기 위해 입양 과정 중 충분한 교육과 지속적인 지원이 필요합니다."", ""idea"": ""Petit 플랫폼은 반려동물 입양 전후의 지원을 강화하고, 입양자의 책임 의식을 높이기 위한 다양한 서비스를 통합한 솔루션을 제공합니다. 첫 번째로, 온라인 교육 프로그램은 무료로 제공되며 기본적인 동물 돌봄, 건강 관리 및 훈련 방법 등을 교육합니다. 교육 완료 후 퀴즈 및 평가를 통해 입양 희망자의 이해도를 확인하고 교육 이수증을 부여합니다. 또한, 입양 전 상담은 자원봉사자 상담사를 활용하여 비용을 절감하고, 비대면 방식으로 적절성 검사를 진행합니다. 가상 입양 체험을 통해서는 운영 비용 절감과 동시에 입양자의 실제 돌봄 능력을 평가할 수 있습니다. 계약서에는 반려동물 돌봄에 관한 명확한 기준과 입양자의 의무가 강조되며, 계약 위반 시 단계별 대처 프로토콜이 마련되어 있습니다. 이 프로토콜은 정기적 상담을 포함하여 입양자의 부담을 최소화하면서도 효과적인 관리를 가능하게 합니다. 정기적인 온라인 체크인은 입양자로 하여금 자신의 경험을 공유하고 필요시 적극적인 조치를 취할 수 있도록 돕습니다. 이러한 종합적인 접근 방식은 입양자와 반려동물 모두에게 긍정적인 결과를 가져다 줄 것입니다.""}"
23,2024-08-15 4:49:46,user_feedaback,"{""user_input"": ""아이디어가 많이 개선된 것 같아요. 입양을 준비하는 동물의 보호, 장기 미입양 동물에 대한 처분도 플랫폼에서 관리하나요?"", ""category"": [{""sentence"": ""아이디어가 많이 개선된 것 같아요."", ""categories"": ""Statement"", ""type"": ""Evaluation""}, {""sentence"": ""입양을 준비하는 동물의 보호, 장기 미입양 동물에 대한 처분도 플랫폼에서 관리하나요?"", ""categories"": ""Question"", ""type"": ""Low-Level""}], ""new_knowledge"": [""Positive feedback indicates that the design is on the right track."", ""Consider the management of animals that are not immediately adopted.""], ""new_actionPlan"": [""Continue refining and enhancing the design based on the positive aspects highlighted."", ""Develop a plan for the care and management of animals that are not adopted immediately.""], ""new_thinking"": ""긍정적인 피드백은 디자인이 올바른 방향으로 가고 있다는 신호구나. 입양되지 않은 동물들을 어떻게 관리할지 계획을 세워야겠어."", ""evaluation"": {""sentences"": [{""sentence"": ""아이디어가 많이 개선된 것 같아요."", ""categories"": ""Statement"", ""type"": ""Evaluation"", ""knowledge"": ""The idea has improved significantly."", ""evaluation"": {""specificity"": 2, ""justification"": 2, ""active"": 1, ""sentiment"": 1}}, {""sentence"": ""입양을 준비하는 동물의 보호, 장기 미입양 동물에 대한 처분도 플랫폼에서 관리하나요?"", ""categories"": ""Question"", ""type"": ""Low-Level"", ""knowledge"": ""The platform's management of animals awaiting adoption and long-term unadopted animals is questioned."", ""evaluation"": {""timely"": 3, ""relevance"": 4, ""high-level"": 1, ""sentiment"": 0}}]}, ""response"": {""answer"": ""죄송해요, 그 부분은 아직 생각해 보지 않았어요. 보호와 처분 관련 요소도 고려해 봐야겠네요.""}}"
23,2024-08-15 4:51:13,user_feedaback,"{""user_input"": ""제 생각에는 플랫폼에서 모든 인프라를 구축하기 보다, 기존 시설과의 연계를 통해 각 시설들을 연결하는 역할을 맡는 것이 효율적일 것 같아요. 동물 보호소, 동물 병원, 훈련 시설 등과 연계하는 것에 대해서도 고민해보면 좋을 것 같아요."", ""category"": [{""sentence"": ""제 생각에는 플랫폼에서 모든 인프라를 구축하기 보다, 기존 시설과의 연계를 통해 각 시설들을 연결하는 역할을 맡는 것이 효율적일 것 같아요."", ""categories"": ""Statement"", ""type"": ""Recommendation""}, {""sentence"": ""동물 보호소, 동물 병원, 훈련 시설 등과 연계하는 것에 대해서도 고민해보면 좋을 것 같아요."", ""categories"": ""Statement"", ""type"": ""Recommendation""}], ""new_knowledge"": [""Integrating existing infrastructure can enhance the efficiency of your design."", ""Consider collaborating with relevant institutions to enhance the effectiveness of your design.""], ""new_actionPlan"": [""Identify and leverage existing infrastructures to connect and enhance the efficiency of your platform."", ""Explore potential partnerships with animal shelters, veterinary clinics, and training facilities to strengthen the support system in your design.""], ""new_thinking"": ""기존 인프라를 활용하면 디자인의 효율성을 높일 수 있겠구나. 관련 기관과 협력하는 것도 좋은 방법이겠어."", ""evaluation"": {""sentences"": [{""sentence"": ""제 생각에는 플랫폼에서 모든 인프라를 구축하기 보다, 기존 시설과의 연계를 통해 각 시설들을 연결하는 역할을 맡는 것이 효율적일 것 같아요."", ""categories"": ""Statement"", ""type"": ""Recommendation"", ""knowledge"": ""연계된 시설을 통해 효율성을 높일 수 있다."", ""evaluation"": {""specificity"": 6, ""justification"": 5, ""active"": 6, ""sentiment"": 1}}, {""sentence"": ""동물 보호소, 동물 병원, 훈련 시설 등과 연계하는 것에 대해서도 고민해보면 좋을 것 같아요."", ""categories"": ""Statement"", ""type"": ""Recommendation"", ""knowledge"": ""다양한 동물 관련 시설과의 연계가 필요하다."", ""evaluation"": {""specificity"": 5, ""justification"": 5, ""active"": 6, ""sentiment"": 1}}]}, ""response"": {""answer"": ""네, 멘토님. 말씀하신 대로 기존 시설과의 연계를 통한 협력 방안을 고민해 보겠습니다. 동물 보호소, 동물 병원, 훈련 시설 등과 네트워크를 구축해서 보다 효율적인 서비스 제공이 가능하도록 할게요.""}}"
23,2024-08-15 4:51:14,student_question,"{""question"": ""동물 보호소, 동물 병원, 훈련 시설 등과 네트워크를 구축할 때, 어떤 요소들을 고려해야 효과적인 협력이 가능할까요?""}"
23,2024-08-15 4:52:28,user_feedaback,"{""user_input"": ""우선은 각자의 니즈에 대한 깊은 이해도가 필요하다고 생각해요. 다양한 이해관계자와 인터뷰를 가지면서 그들이 어떻게 일하고 있고, 어떤 지원이 필요한지 알아보는 것이 좋을 것 같아요."", ""category"": [{""sentence"": ""우선은 각자의 니즈에 대한 깊은 이해도가 필요하다고 생각해요."", ""categories"": ""Statement"", ""type"": ""Evaluation""}, {""sentence"": ""다양한 이해관계자와 인터뷰를 가지면서 그들이 어떻게 일하고 있고, 어떤 지원이 필요한지 알아보는 것이 좋을 것 같아요."", ""categories"": ""Statement"", ""type"": ""Recommendation""}], ""new_knowledge"": [""Understanding the needs and perspectives of all stakeholders is crucial for a successful design."", ""Understanding the roles and needs of various stakeholders is crucial for effective design.""], ""new_actionPlan"": [""Conduct thorough research to understand the needs and perspectives of all stakeholders involved in the design."", ""Identify and analyze the roles and needs of all stakeholders involved in the design to ensure comprehensive support.""], ""new_thinking"": ""모든 이해관계자의 필요와 관점을 깊이 이해하는 것이 중요하구나. 다양한 이해관계자의 역할과 필요를 이해하는 것이 효과적인 디자인에 중요하구나."", ""evaluation"": {""sentences"": [{""sentence"": ""우선은 각자의 니즈에 대한 깊은 이해도가 필요하다고 생각해요."", ""categories"": ""Statement"", ""type"": ""Evaluation"", ""knowledge"": ""Understanding the needs of each stakeholder is crucial."", ""evaluation"": {""specificity"": 3, ""justification"": 2, ""active"": 2, ""sentiment"": 0}}, {""sentence"": ""다양한 이해관계자와 인터뷰를 가지면서 그들이 어떻게 일하고 있고, 어떤 지원이 필요한지 알아보는 것이 좋을 것 같아요."", ""categories"": ""Statement"", ""type"": ""Recommendation"", ""knowledge"": ""Conducting interviews with various stakeholders to understand their work and support needs is beneficial."", ""evaluation"": {""specificity"": 4, ""justification"": 3, ""active"": 4, ""sentiment"": 1}}]}, ""response"": {""answer"": ""각 이해관계자의 요구를 이해하는 것이 중요한 것 같아요. 인터뷰를 통해 그들이 어떤 방식으로 일하고, 어떤 지원이 필요한지 파악하는 게 효과적인 협력의 첫 걸음이 될 것 같네요.""}}"
23,2024-08-15 4:53:46,user_feedaback,"{""user_input"": ""아주 좋아요! 입양자들만이 활용하는 플랫폼이 아닌, 각 시설의 다양한 이해관계자가 함께 활용하는 플랫폼이 되도록 디자인하면 좋을 것 같아요."", ""category"": [{""sentence"": ""아주 좋아요!"", ""categories"": ""Statement"", ""type"": ""Evaluation""}, {""sentence"": ""입양자들만이 활용하는 플랫폼이 아닌, 각 시설의 다양한 이해관계자가 함께 활용하는 플랫폼이 되도록 디자인하면 좋을 것 같아요."", ""categories"": ""Statement"", ""type"": ""Recommendation""}], ""new_knowledge"": [""Positive feedback indicates that the design is on the right track."", ""Designing a platform that involves various stakeholders can enhance its effectiveness.""], ""new_actionPlan"": [""Continue refining and developing the current design while considering additional improvements."", ""Identify and integrate various stakeholders into the platform to improve its functionality and reach.""], ""new_thinking"": ""긍정적인 피드백은 내가 올바른 방향으로 가고 있다는 신호구나. 다양한 이해관계자가 함께 활용할 수 있는 플랫폼을 설계하면 효과가 더 좋아질 거야."", ""evaluation"": {""sentences"": [{""sentence"": ""아주 좋아요!"", ""categories"": ""Statement"", ""type"": ""Evaluation"", ""knowledge"": ""The mentor approves of the student's idea."", ""evaluation"": {""specificity"": 1, ""justification"": 1, ""active"": 1, ""sentiment"": 1}}, {""sentence"": ""입양자들만이 활용하는 플랫폼이 아닌, 각 시설의 다양한 이해관계자가 함께 활용하는 플랫폼이 되도록 디자인하면 좋을 것 같아요."", ""categories"": ""Statement"", ""type"": ""Recommendation"", ""knowledge"": ""The platform should be designed to be used by various stakeholders, not just adopters."", ""evaluation"": {""specificity"": 5, ""justification"": 5, ""active"": 5, ""sentiment"": 1}}]}, ""response"": {""answer"": ""네, 감사합니다! 각 시설의 이해관계자가 모두 활용할 수 있도록 플랫폼을 디자인하려고 합니다. 다양한 니즈와 지원을 고려하여 통합적인 시스템을 만들어 볼게요.""}}"
23,2024-08-15 4:53:48,student_question,"{""question"": ""입양자들이 계약 위반 시 받을 수 있는 페널티는 어떤 점들을 고려해야 하며, 어떤 형태로 제공하면 좋을까요?""}"
23,2024-08-15 4:55:27,user_feedaback,"{""user_input"": ""저는 페널티를 주는 방식은 갈등을 악화시키고 반려동물을 짐으로 생각하도록 하는 좋지 못한 방법이라고 생각이 들어요. 계약 위반을 잘못이라고 생각하기보다 학습이 필요한 미숙한 상태라고 생각하고, 이를 개선할 수 있도록 상담을 제공하는 방향은 어떨까요?"", ""category"": [{""sentence"": ""저는 페널티를 주는 방식은 갈등을 악화시키고 반려동물을 짐으로 생각하도록 하는 좋지 못한 방법이라고 생각이 들어요."", ""categories"": ""Statement"", ""type"": ""Evaluation""}, {""sentence"": ""계약 위반을 잘못이라고 생각하기보다 학습이 필요한 미숙한 상태라고 생각하고, 이를 개선할 수 있도록 상담을 제공하는 방향은 어떨까요?"", ""categories"": ""Statement"", ""type"": ""Recommendation""}], ""new_knowledge"": [""Consider the psychological impact of penalties on users."", ""Consider providing support and guidance rather than just penalizing users for mistakes.""], ""new_actionPlan"": [""Reevaluate the penalty system to ensure it does not negatively affect users' perception of the service."", ""Develop a support system that offers guidance and learning opportunities for users to improve their responsibilities.""], ""new_thinking"": ""페널티가 사용자에게 심리적으로 부정적인 영향을 미칠 수 있다는 점을 고려해야겠어. 사용자에게 단순히 페널티를 부과하기보다는 지원과 지도를 제공하는 것이 중요하구나."", ""evaluation"": {""sentences"": [{""sentence"": ""저는 페널티를 주는 방식은 갈등을 악화시키고 반려동물을 짐으로 생각하도록 하는 좋지 못한 방법이라고 생각이 들어요."", ""categories"": ""Statement"", ""type"": ""Evaluation"", ""knowledge"": ""Penalties can worsen conflicts and make pets seem like burdens."", ""evaluation"": {""specificity"": 6, ""justification"": 6, ""active"": 4, ""sentiment"": -1}}, {""sentence"": ""계약 위반을 잘못이라고 생각하기보다 학습이 필요한 미숙한 상태라고 생각하고, 이를 개선할 수 있도록 상담을 제공하는 방향은 어떨까요?"", ""categories"": ""Statement"", ""type"": ""Recommendation"", ""knowledge"": ""Consider providing counseling to improve immature behavior rather than viewing contract violations as faults."", ""evaluation"": {""specificity"": 5, ""justification"": 5, ""active"": 6, ""sentiment"": 1}}]}, ""response"": {""answer"": ""계약 위반을 처벌하는 대신, 입양 과정을 학습 경험으로 전환하는 건 좋은 아이디어인 것 같아요. 상담을 통해 문제를 해결하고, 추가 교육 프로그램을 제공하는 방향으로 개선하면 입양자 입장에서 스트레스가 덜할 것 같아요. 입양자와 반려동물 모두에게 긍정적일 것 같네요.""}}"
23,2024-08-15 4:56:45,update_idea,"{""title"": ""Petit - 책임감 있는 반려동물 입양 플랫폼 업데이트"", ""problem"": ""반려동물 입양자들이 애완동물을 제대로 돌볼 준비가 되지 않아 생기는 문제를 해결하기 위해 입양 전후 지속적인 지원과 교육이 필요합니다."", ""idea"": ""Petit 플랫폼은 반려동물 입양 과정에서부터 입양 후 관리까지 종합적인 지원을 제공하여 입양자와 반려동물 모두에게 긍정적인 결과를 가져다주의 목표를 가지고 있습니다. 첫째, 온라인 무료 교육 프로그램을 통해 기본적인 동물 돌봄과 건강 관리, 훈련 방법을 교육하고 교육 이수 후 입양 절차를 진행합니다. 둘째, 다양한 기관과의 연계를 통해 보호소, 동물 병원, 훈련 시설과 협력하여 입양 미정 동물의 관리와 서비스 효율성을 높입니다. 셋째, 입양자의 계약 위반 시 페널티 대신 지속적인 상담과 추가 교육을 통해 해결책을 제공하여 입양자와 반려동물이 서로 유익한 관계를 유지할 수 있도록 추진합니다. 이를 통해 Petit 플랫폼은 더욱 포괄적이고 실질적인 도움을 제공할 수 있는 서비스로 발전할 것입니다.""}"
23,2024-08-15 4:57:33,user_feedaback,"{""user_input"": ""아주 잘했어요! 아이디어가 많이 발전했네요, 고생하셨습니다!"", ""category"": [{""sentence"": ""아주 잘했어요!"", ""categories"": ""Statement"", ""type"": ""Evaluation""}, {""sentence"": ""아이디어가 많이 발전했네요,"", ""categories"": ""Statement"", ""type"": ""Evaluation""}], ""new_knowledge"": [""Positive feedback indicates that the design is on the right track."", ""Positive feedback indicates that the design is on the right track.""], ""new_actionPlan"": [""Continue refining the design while maintaining the current direction."", ""Continue refining the design while considering additional feedback to ensure it remains on the right track.""], ""new_thinking"": ""긍정적인 피드백은 내가 올바른 방향으로 가고 있다는 신호구나. 긍정적인 피드백은 디자인이 올바른 방향으로 가고 있다는 신호구나."", ""evaluation"": {""sentences"": [{""sentence"": ""아주 잘했어요!"", ""categories"": ""Statement"", ""type"": ""Evaluation"", ""knowledge"": ""The mentor believes the student has done a good job."", ""evaluation"": {""specificity"": 1, ""justification"": 1, ""active"": 1, ""sentiment"": 1}}, {""sentence"": ""아이디어가 많이 발전했네요,"", ""categories"": ""Statement"", ""type"": ""Evaluation"", ""knowledge"": ""The mentor acknowledges that the student's idea has significantly improved."", ""evaluation"": {""specificity"": 1, ""justification"": 1, ""active"": 1, ""sentiment"": 1}}]}, ""response"": {""answer"": ""정말 감사합니다! 다양한 측면에서 많이 배웠어요. 앞으로도 더욱 노력할게요.""}}"
23,2024-08-15 4:57:35,student_question,"{""question"": ""동건입니다. Petit 플랫폼의 입양 전 단계에서 사용자에게 필요한 충분한 정보와 교육을 제공하기 위해 어떤 방법들을 고려하면 좋을까요? 추가적으로, 온라인 교육 프로그램을 효과적으로 설계하기 위해 어떤 요소들을 포함해야 할까요?""}"
23,2024-08-15 4:57:51,finish,