user_id,timestamp,tag,data
24,2024-08-13 6:11:41,start,
24,2024-08-13 6:14:22,user_feedaback,"{""user_input"": ""아이디어를 요약하자면 아동학대로부터 아동을 보호해주는 팔찌인가요?"", ""category"": [{""sentence"": ""아이디어를 요약하자면 아동학대로부터 아동을 보호해주는 팔찌인가요?"", ""categories"": ""Question"", ""type"": ""Verification""}], ""new_knowledge"": [""It's important to verify if the design idea effectively addresses the core problem it aims to solve.""], ""new_actionPlan"": [""Reevaluate the design to ensure it effectively addresses the issue of child abuse and neglect, especially in indoor settings.""], ""new_thinking"": ""내 아이디어가 아동 학대와 방치 문제를 효과적으로 해결하는지 다시 평가해야겠어."", ""evaluation"": {""sentences"": [{""sentence"": ""아이디어를 요약하자면 아동학대로부터 아동을 보호해주는 팔찌인가요?"", ""categories"": ""Question"", ""type"": ""Verification"", ""knowledge"": ""The feedback is verifying if the idea is a bracelet that protects children from abuse."", ""evaluation"": {""timely"": 5, ""relevance"": 5, ""high-level"": 3, ""specificity"": 0, ""justification"": 0, ""active"": 0, ""sentiment"": 0}}]}, ""response"": {""answer"": ""네 맞습니다! 팔찌를 통해 아동의 위치와 상태를 실시간으로 모니터링할 수 있도록 하는 것이 목표에요.""}}"
24,2024-08-13 6:14:50,user_feedaback,"{""user_input"": ""왜 팔찌 형태가 적절하다고 생각했나요?"", ""category"": [{""sentence"": ""왜 팔찌 형태가 적절하다고 생각했나요?"", ""categories"": ""Question"", ""type"": ""Deep Reasoning""}], ""new_knowledge"": [""Consider the appropriateness of the chosen form factor for the design solution.""], ""new_actionPlan"": [""Evaluate if the wearable bracelet is the most suitable form factor for the intended functionality and user group.""], ""new_thinking"": ""팔찌 형태가 정말 적절한지 다시 생각해봐야겠어."", ""evaluation"": {""sentences"": [{""sentence"": ""왜 팔찌 형태가 적절하다고 생각했나요?"", ""categories"": ""Question"", ""type"": ""Deep Reasoning"", ""knowledge"": ""The mentor is asking for the rationale behind choosing a bracelet form for the wearable device."", ""evaluation"": {""timely"": 6, ""relevance"": 7, ""high-level"": 5, ""specificity"": 0, ""justification"": 0, ""active"": 0, ""sentiment"": 0}}]}, ""response"": {""answer"": ""팔찌는 아동이 쉽게 착용할 수 있고, 일상 생활에서 불편함 없이 사용할 수 있기 때문입니다. 또 팔찌 형태는 잃어버릴 가능성이 적어 실용적이에요.""}}"
24,2024-08-13 6:15:41,user_feedaback,"{""user_input"": ""이 아이디어와 유사한, 현재 시중에 존재하는 기성 제품이 있나요?"", ""category"": [{""sentence"": ""이 아이디어와 유사한, 현재 시중에 존재하는 기성 제품이 있나요?"", ""categories"": ""Question"", ""type"": ""Low-Level""}], ""new_knowledge"": [""It's crucial to research existing solutions to understand the market landscape and identify unique value propositions.""], ""new_actionPlan"": [""Conduct a market analysis to identify existing products and their features to ensure your design offers a unique solution.""], ""new_thinking"": ""현재 시장에 어떤 유사한 제품이 있는지 조사하는 것이 중요하구나."", ""evaluation"": {""sentences"": [{""sentence"": ""이 아이디어와 유사한, 현재 시중에 존재하는 기성 제품이 있나요?"", ""categories"": ""Question"", ""type"": ""Low-Level"", ""knowledge"": ""The mentor is asking if there are existing products similar to the student's idea."", ""evaluation"": {""timely"": 5, ""relevance"": 5, ""high-level"": 1, ""specificity"": 0, ""justification"": 0, ""active"": 0, ""sentiment"": 0}}]}, ""response"": {""answer"": ""죄송해요, 잘 모르겠어요. 하지만 비슷한 기능을 가진 스마트 워치나 웨어러블 기기는 있을 것 같아요.""}}"
24,2024-08-13 6:16:04,user_feedaback,"{""user_input"": ""그럼 스마트워치와 비교해서 이 아이디어의 특장점은 뭐라고 생각하나요?"", ""category"": [{""sentence"": ""그럼 스마트워치와 비교해서 이 아이디어의 특장점은 뭐라고 생각하나요?"", ""categories"": ""Question"", ""type"": ""Comparison""}], ""new_knowledge"": [""Understanding the unique value proposition of your design compared to existing solutions is crucial.""], ""new_actionPlan"": [""Identify and articulate the unique features and benefits of your design compared to similar products on the market.""], ""new_thinking"": ""기존 제품과 비교했을 때 내 디자인의 차별화된 가치는 무엇일까?"", ""evaluation"": {""sentences"": [{""sentence"": ""그럼 스마트워치와 비교해서 이 아이디어의 특장점은 뭐라고 생각하나요?"", ""categories"": ""Question"", ""type"": ""Comparison"", ""knowledge"": ""The mentor is asking the student to compare their idea with existing smartwatches to identify unique advantages."", ""evaluation"": {""timely"": 6, ""relevance"": 7, ""high-level"": 5, ""specificity"": 0, ""justification"": 0, ""active"": 0, ""sentiment"": 0}}]}, ""response"": {""answer"": ""스마트워치와 비교하면, 이 팔찌는 더 어린 아동들이 착용하기 쉽게 디자인되었습니다. 더 직관적인 응급 호출 버튼과 필수적인 기능만 포함해 복잡성을 줄였습니다.""}}"
24,2024-08-13 6:16:33,user_feedaback,"{""user_input"": ""이 제품이 타겟으로 하는 아동의 연령대가 구체적으로 몇살인가요?"", ""category"": [{""sentence"": ""이 제품이 타겟으로 하는 아동의 연령대가 구체적으로 몇살인가요?"", ""categories"": ""Question"", ""type"": ""Concept Completion""}], ""new_knowledge"": [""Understanding the target age group for your design is crucial for ensuring its effectiveness.""], ""new_actionPlan"": [""Clearly define the target age group for the wearable device to ensure it meets their specific needs and capabilities.""], ""new_thinking"": ""내 디자인의 목표 연령대를 명확히 정의하는 것이 중요하구나."", ""evaluation"": {""sentences"": [{""sentence"": ""이 제품이 타겟으로 하는 아동의 연령대가 구체적으로 몇살인가요?"", ""categories"": ""Question"", ""type"": ""Concept Completion"", ""knowledge"": ""The feedback asks for the specific age range of the target children."", ""evaluation"": {""timely"": 6, ""relevance"": 7, ""high-level"": 5, ""specificity"": 0, ""justification"": 0, ""active"": 0, ""sentiment"": 0}}]}, ""response"": {""answer"": ""4세에서 10세 사이의 아동을 타겟으로 하고 있어요. 이 나이대 아동들이 쉽게 사용할 수 있도록 디자인했어요.""}}"
24,2024-08-13 6:18:09,user_feedaback,"{""user_input"": ""현재 이 아이디어 말고 아동학대를 막을 수 있는 다른 제품을 조사해 봤나요?"", ""category"": [{""sentence"": ""현재 이 아이디어 말고 아동학대를 막을 수 있는 다른 제품을 조사해 봤나요?"", ""categories"": ""Question"", ""type"": ""Generate Design""}], ""new_knowledge"": [""Researching existing products can reveal potential gaps and opportunities for innovation.""], ""new_actionPlan"": [""Conduct a thorough market analysis to identify existing products that address similar problems and find areas where your design can offer unique value.""], ""new_thinking"": ""기존 제품을 조사하면 혁신의 기회를 발견할 수 있겠구나!"", ""evaluation"": {""sentences"": [{""sentence"": ""현재 이 아이디어 말고 아동학대를 막을 수 있는 다른 제품을 조사해 봤나요?"", ""categories"": ""Question"", ""type"": ""Generate Design"", ""knowledge"": ""Investigate other products that prevent child abuse."", ""evaluation"": {""timely"": 6, ""relevance"": 6, ""high-level"": 5, ""specificity"": 0, ""justification"": 0, ""active"": 0, ""sentiment"": 0}}]}, ""response"": {""answer"": ""아직 다른 제품은 조사하지 못했어요. 시간 내서 분석해볼게요.""}}"
24,2024-08-13 6:18:34,user_feedaback,"{""user_input"": ""일단 시장조사를 좀 해야 할 것 같네"", ""category"": [{""sentence"": ""일단 시장조사를 좀 해야 할 것 같네"", ""categories"": ""Statement"", ""type"": ""Recommendation""}], ""new_knowledge"": [""Conducting market research is essential to understand existing solutions and identify opportunities for innovation.""], ""new_actionPlan"": [""Research existing products and solutions in the market to identify gaps and opportunities for your design.""], ""new_thinking"": ""시장에서 기존 제품과 솔루션을 조사하는 것이 중요하구나."", ""evaluation"": {""sentences"": [{""sentence"": ""일단 시장조사를 좀 해야 할 것 같네"", ""categories"": ""Statement"", ""type"": ""Recommendation"", ""knowledge"": ""The student should conduct market research."", ""evaluation"": {""specificity"": 5, ""justification"": 4, ""active"": 5, ""sentiment"": 0}}]}, ""response"": {""answer"": ""네, 시장 조사부터 시작해야겠어요. 비슷한 제품들을 분석하면서 우리 팔찌의 차별점을 더 명확히 할 수 있을 것 같아요.""}}"
24,2024-08-13 6:19:15,user_feedaback,"{""user_input"": ""ㅇㅇ그렇게 해보고, 그럼 스마트워치 말고 그냥 휴대폰이랑 비교해서 특장점은 뭐임?"", ""category"": [{""sentence"": ""그럼 스마트워치 말고 그냥 휴대폰이랑 비교해서 특장점은 뭐임?"", ""categories"": ""Question"", ""type"": ""Low-Level""}], ""new_knowledge"": [""Understanding the unique value proposition of your design compared to existing solutions is crucial.""], ""new_actionPlan"": [""Identify and articulate the unique features and benefits of your design compared to existing solutions.""], ""new_thinking"": ""우리 디자인의 고유한 가치를 명확히 이해하고 설명하는 것이 중요하구나."", ""evaluation"": {""sentences"": [{""sentence"": ""그럼 스마트워치 말고 그냥 휴대폰이랑 비교해서 특장점은 뭐임?"", ""categories"": ""Question"", ""type"": ""Low-Level"", ""knowledge"": ""Comparison with smartphones is needed to identify unique features."", ""evaluation"": {""timely"": 5, ""relevance"": 4, ""high-level"": 1, ""specificity"": 0, ""justification"": 0, ""active"": 0, ""sentiment"": 0}}]}, ""response"": {""answer"": ""휴대폰과 비교하면, 팔찌는 착용이 간편하고, 아이들이 잃어버릴 가능성이 적어요. 또, 팔찌는 지속적으로 심박수 모니터링이 가능해, 응급 상황을 더 빨리 감지할 수 있어요.""}}"
24,2024-08-13 6:20:25,user_feedaback,"{""user_input"": ""선제적으로 아이의 상태를 알면 좋다는 건 알겠는데, 구체적으로 심박수가 어떤 상태면 아동이 어떤 상태인 건데?"", ""category"": [{""sentence"": ""선제적으로 아이의 상태를 알면 좋다는 건 알겠는데,"", ""categories"": ""Statement"", ""type"": ""Evaluation""}, {""sentence"": ""구체적으로 심박수가 어떤 상태면 아동이 어떤 상태인 건데?"", ""categories"": ""Question"", ""type"": ""Low-Level""}], ""new_knowledge"": [""Understanding the user's state is crucial for the effectiveness of the design."", ""Understanding the specific conditions under which a feature operates is crucial for its effectiveness.""], ""new_actionPlan"": [""Ensure that the design includes reliable methods to monitor and understand the user's state in real-time."", ""Investigate and define the specific conditions under which the heart rate monitoring feature will trigger alerts.""], ""new_thinking"": ""사용자의 상태를 이해하는 것이 디자인의 효과를 위해 중요하구나. 심박수가 어떤 상태면 아동이 어떤 상태인 건데?"", ""evaluation"": {""sentences"": [{""sentence"": ""선제적으로 아이의 상태를 알면 좋다는 건 알겠는데,"", ""categories"": ""Statement"", ""type"": ""Evaluation"", ""knowledge"": ""Understanding the child's condition in advance is beneficial."", ""evaluation"": {""specificity"": 3, ""justification"": 2, ""active"": 2, ""sentiment"": 0}}, {""sentence"": ""구체적으로 심박수가 어떤 상태면 아동이 어떤 상태인 건데?"", ""categories"": ""Question"", ""type"": ""Low-Level"", ""knowledge"": ""What specific heart rate conditions indicate the child's state?"", ""evaluation"": {""timely"": 4, ""relevance"": 5, ""high-level"": 1, ""sentiment"": 0}}]}, ""response"": {""answer"": ""심박수가 비정상적으로 높으면 스트레스나 겁을 먹은 상태일 수 있어요. 비정상적으로 낮으면 무의식 상태일 가능성이 있고요.""}}"
24,2024-08-13 6:21:00,user_feedaback,"{""user_input"": ""그럼 이 데이터를 실시간으로 모니터링하는 '주변인'은 누군데?"", ""category"": [{""sentence"": ""그럼 이 데이터를 실시간으로 모니터링하는 '주변인'은 누군데?"", ""categories"": ""Question"", ""type"": ""Low-Level""}], ""new_knowledge"": [""Identifying the stakeholders who will interact with the design is crucial for its effectiveness.""], ""new_actionPlan"": [""Identify and analyze the stakeholders who will interact with the design to ensure it meets their needs.""], ""new_thinking"": ""이 데이터를 실시간으로 모니터링하는 '주변인'은 누구일까?"", ""evaluation"": {""sentences"": [{""sentence"": ""그럼 이 데이터를 실시간으로 모니터링하는 '주변인'은 누군데?"", ""categories"": ""Question"", ""type"": ""Low-Level"", ""knowledge"": ""The feedback asks who will monitor the data in real-time."", ""evaluation"": {""timely"": 5, ""relevance"": 5, ""high-level"": 1, ""specificity"": 0, ""justification"": 0, ""active"": 0, ""sentiment"": 0}}]}, ""response"": {""answer"": ""이 데이터를 실시간 모니터링하는 사람은 부모님이나 보호자, 또는 아동 보호 관련 기관의 담당자들이에요. 스마트폰 앱을 통해 실시간으로 확인할 수 있게 하고 싶어요.""}}"
24,2024-08-13 6:21:43,user_feedaback,"{""user_input"": ""예를 들면 아이가 어떤 곳에 갈 때 이 팔찌를 착용해서 보내는 건데?"", ""category"": [{""sentence"": ""예를 들면 아이가 어떤 곳에 갈 때 이 팔찌를 착용해서 보내는 건데?"", ""categories"": ""Question"", ""type"": ""Scenario Creation""}], ""new_knowledge"": [""Understanding the practical use cases of your design helps in refining its features and functionality.""], ""new_actionPlan"": [""Identify and analyze various scenarios where the design will be used to ensure it meets practical needs.""], ""new_thinking"": ""이 디자인이 실제로 사용될 상황을 이해하는 것이 중요하구나."", ""evaluation"": {""sentences"": [{""sentence"": ""예를 들면 아이가 어떤 곳에 갈 때 이 팔찌를 착용해서 보내는 건데?"", ""categories"": ""Question"", ""type"": ""Scenario Creation"", ""knowledge"": ""The feedback is asking about the practical use case of the wearable device."", ""evaluation"": {""timely"": 6, ""relevance"": 7, ""high-level"": 5, ""specificity"": 0, ""justification"": 0, ""active"": 0, ""sentiment"": 0}}]}, ""response"": {""answer"": ""네, 맞아요. 아이가 외출할 때 항상 착용하도록 구성했어요.""}}"
24,2024-08-13 6:22:00,user_feedaback,"{""user_input"": ""어린이집이나 유치원 이런 곳?"", ""category"": [{""sentence"": ""어린이집이나 유치원 이런 곳?"", ""categories"": ""Question"", ""type"": ""Concept Completion""}], ""new_knowledge"": [""Identifying specific environments where the design will be used is crucial for its effectiveness.""], ""new_actionPlan"": [""Identify and list specific environments where the design will be used to ensure its features are tailored to those settings.""], ""new_thinking"": ""디자인이 사용될 특정 환경을 파악하는 것이 중요하구나."", ""evaluation"": {""sentences"": [{""sentence"": ""어린이집이나 유치원 이런 곳?"", ""categories"": ""Question"", ""type"": ""Concept Completion"", ""knowledge"": ""The mentor is asking if the wearable device is intended for use in places like daycare centers or kindergartens."", ""evaluation"": {""timely"": 5, ""relevance"": 5, ""high-level"": 3, ""specificity"": 0, ""justification"": 0, ""active"": 0, ""sentiment"": 0}}]}, ""response"": {""answer"": ""네, 맞아요. 어린이집이나 유치원에서도 유용하게 사용될 수 있도록 고려했어요.""}}"
24,2024-08-13 6:22:26,user_feedaback,"{""user_input"": ""그럼 예를 들어 어린이집에 보낼 때 부모님이 아이한테 이 팔찌를 채워서 보낸다는 거네?"", ""category"": [{""sentence"": ""그럼 예를 들어 어린이집에 보낼 때 부모님이 아이한테 이 팔찌를 채워서 보낸다는 거네?"", ""categories"": ""Question"", ""type"": ""Scenario Creation""}], ""new_knowledge"": [""Understanding the practical use cases of your design helps in refining its features and functionality.""], ""new_actionPlan"": [""Identify specific scenarios where the design will be used to ensure it meets the needs of those situations.""], ""new_thinking"": ""디자인이 실제로 사용될 상황을 이해하면 기능과 특징을 더 잘 다듬을 수 있겠어."", ""evaluation"": {""sentences"": [{""sentence"": ""그럼 예를 들어 어린이집에 보낼 때 부모님이 아이한테 이 팔찌를 채워서 보낸다는 거네?"", ""categories"": ""Question"", ""type"": ""Scenario Creation"", ""knowledge"": ""The wearable device is intended to be used by parents when sending their child to places like daycare."", ""evaluation"": {""timely"": 6, ""relevance"": 6, ""high-level"": 5, ""specificity"": 0, ""justification"": 0, ""active"": 0, ""sentiment"": 0}}]}, ""response"": {""answer"": ""네, 맞아요! 어린이집에 갈 때나 외출할 때 부모님이 아이에게 이 팔찌를 채워주는 방식이에요.""}}"
24,2024-08-13 6:25:22,user_feedaback,"{""user_input"": ""아이가 차는 팔찌면 굉장히 컴팩트한 크기여야할 것 같은데 (착용성을 고려해서라도), 니가 의도한 기능을 다 넣으면서 잘 만들 수 있어?"", ""category"": [{""sentence"": ""아이가 차는 팔찌면 굉장히 컴팩트한 크기여야할 것 같은데 (착용성을 고려해서라도)"", ""categories"": ""Statement"", ""type"": ""Evaluation""}, {""sentence"": ""니가 의도한 기능을 다 넣으면서 잘 만들 수 있어?"", ""categories"": ""Question"", ""type"": ""Generate Design""}], ""new_knowledge"": [""Considering the physical size and comfort of wearable devices is crucial for user adoption."", ""Balancing multiple features in a design is crucial for its effectiveness.""], ""new_actionPlan"": [""Evaluate and optimize the size and comfort of the wearable device to ensure it is suitable for the target users."", ""Evaluate the necessity and integration of each feature to ensure the design remains user-friendly and effective.""], ""new_thinking"": ""웨어러블 기기의 크기와 착용감을 고려하는 것이 중요하구나. 여러 기능을 균형 있게 통합하는 것이 중요하구나."", ""evaluation"": {""sentences"": [{""sentence"": ""아이가 차는 팔찌면 굉장히 컴팩트한 크기여야할 것 같은데 (착용성을 고려해서라도)"", ""categories"": ""Statement"", ""type"": ""Evaluation"", ""knowledge"": ""The wearable device should be compact for children to wear comfortably."", ""evaluation"": {""specificity"": 6, ""justification"": 5, ""active"": 4, ""sentiment"": 0}}, {""sentence"": ""니가 의도한 기능을 다 넣으면서 잘 만들 수 있어?"", ""categories"": ""Question"", ""type"": ""Generate Design"", ""knowledge"": ""The feasibility of integrating all intended features into the compact design is questioned."", ""evaluation"": {""timely"": 5, ""relevance"": 6, ""high-level"": 4, ""sentiment"": 0}}]}, ""response"": {""answer"": ""네, 팔찌가 컴팩트해야 하니까 크기와 기능의 균형을 맞추는 게 중요해요. GPS, 마이크, 심박수 센서, 응급 호출 버튼 같은 필요한 기능만 포함하면서도 아이들이 불편 없이 착용할 수 있도록 디자인할 거에요.""}}"
24,2024-08-13 6:26:00,user_feedaback,"{""user_input"": ""그럼 이 제품의 구매자는 부모님인거지? 다시 확인할게"", ""category"": [{""sentence"": ""그럼 이 제품의 구매자는 부모님인거지?"", ""categories"": ""Question"", ""type"": ""Low-Level""}], ""new_knowledge"": [""Identifying the primary purchaser of the product is crucial for targeted marketing and design considerations.""], ""new_actionPlan"": [""Identify and analyze the primary purchasers of the product to tailor the design and marketing strategies accordingly.""], ""new_thinking"": ""이 제품의 주요 구매자가 누구인지 파악하는 것이 중요하구나."", ""evaluation"": {""sentences"": [{""sentence"": ""그럼 이 제품의 구매자는 부모님인거지?"", ""categories"": ""Question"", ""type"": ""Low-Level"", ""knowledge"": ""The product's purchaser is the parent."", ""evaluation"": {""timely"": 5, ""relevance"": 5, ""high-level"": 1, ""specificity"": 0, ""justification"": 0, ""active"": 0, ""sentiment"": 0}}]}, ""response"": {""answer"": ""네, 맞아요. 이 제품의 구매자는 주로 부모님이 될 거에요. 부모님들이 아동의 안전을 위해 구매할 것으로 기대해요.""}}"
24,2024-08-13 6:26:24,user_feedaback,"{""user_input"": ""난 처음에 가정에서 일어나는 아동학대를 방지하는 목적인 줄 알았어"", ""category"": [{""sentence"": ""난 처음에 가정에서 일어나는 아동학대를 방지하는 목적인 줄 알았어"", ""categories"": ""Statement"", ""type"": ""Evaluation""}], ""new_knowledge"": [""Understanding the initial context and environment where a problem occurs is crucial for designing effective solutions.""], ""new_actionPlan"": [""Analyze the initial context and environment where the problem occurs to ensure the design effectively addresses the core issue.""], ""new_thinking"": ""문제가 발생하는 초기 환경과 상황을 이해하는 것이 효과적인 솔루션을 설계하는 데 중요하구나."", ""evaluation"": {""sentences"": [{""sentence"": ""난 처음에 가정에서 일어나는 아동학대를 방지하는 목적인 줄 알았어"", ""categories"": ""Statement"", ""type"": ""Evaluation"", ""knowledge"": ""The mentor initially thought the purpose was to prevent child abuse occurring at home."", ""evaluation"": {""specificity"": 5, ""justification"": 4, ""active"": 3, ""sentiment"": 0}}]}, ""response"": {""answer"": ""아, 가정에서 일어나는 아동학대 방지가 주요 목적이 맞아요. 아동이 집안에서도 착용할 수 있도록 디자인했어요. 집 밖에서도 유용하게 쓰일 수 있도록 하구요.""}}"
24,2024-08-13 6:26:41,user_feedaback,"{""user_input"": ""?"", ""category"": [{""sentence"": ""난 처음에 가정에서 일어나는 아동학대를 방지하는 목적인 줄 알았어"", ""categories"": ""Statement"", ""type"": ""Evaluation""}], ""new_knowledge"": [""Clarifying the primary context and environment where a problem occurs is crucial for designing effective solutions.""], ""new_actionPlan"": [""Ensure the design solution addresses the primary context and environment where the problem occurs, such as home settings for child abuse prevention.""], ""new_thinking"": ""문제가 발생하는 주요 환경과 맥락을 명확히 하는 것이 효과적인 솔루션을 설계하는 데 중요하구나."", ""evaluation"": {""sentences"": [{""sentence"": ""난 처음에 가정에서 일어나는 아동학대를 방지하는 목적인 줄 알았어"", ""categories"": ""Statement"", ""type"": ""Evaluation"", ""knowledge"": ""The mentor initially thought the primary purpose was to prevent child abuse at home."", ""evaluation"": {""specificity"": 5, ""justification"": 4, ""active"": 3, ""sentiment"": 0}}]}, ""response"": {""answer"": ""감사합니다, 어떤 피드백이든 환영입니다! 혹시 더 궁금한 점이 있으신가요?""}}"
24,2024-08-13 6:27:21,user_feedaback,"{""user_input"": ""예를 들어 가정에서 일어나는 아동학대 방지가 목적이면, 이 팔찌는 아이한테 누가 사주는데?"", ""category"": [{""sentence"": ""예를 들어 가정에서 일어나는 아동학대 방지가 목적이면,"", ""categories"": ""Question"", ""type"": ""Deep Reasoning""}, {""sentence"": ""이 팔찌는 아이한테 누가 사주는데?"", ""categories"": ""Question"", ""type"": ""Concept Completion""}], ""new_knowledge"": [""Understanding the primary context and environment where a problem occurs is crucial for designing effective solutions."", ""Identifying the primary purchaser of the product is crucial for targeted marketing and design considerations.""], ""new_actionPlan"": [""Clarify the primary context and environment where the problem occurs to ensure the design effectively addresses it."", ""Clearly define the primary purchaser of the product to tailor marketing strategies and design features accordingly.""], ""new_thinking"": ""문제가 발생하는 주요 환경과 상황을 명확히 이해하는 것이 효과적인 솔루션을 설계하는 데 중요하구나. 이 제품의 주요 구매자가 누구인지 명확히 정의해야 해."", ""evaluation"": {""sentences"": [{""sentence"": ""예를 들어 가정에서 일어나는 아동학대 방지가 목적이면,"", ""categories"": ""Question"", ""type"": ""Deep Reasoning"", ""knowledge"": ""The feedback questions the primary purpose of the wearable device in preventing child abuse at home."", ""evaluation"": {""timely"": 6, ""relevance"": 7, ""high-level"": 5, ""specificity"": 0, ""justification"": 0, ""active"": 0, ""sentiment"": 0}}, {""sentence"": ""이 팔찌는 아이한테 누가 사주는데?"", ""categories"": ""Question"", ""type"": ""Concept Completion"", ""knowledge"": ""The feedback questions who the purchaser of the wearable device for the child would be."", ""evaluation"": {""timely"": 6, ""relevance"": 7, ""high-level"": 4, ""specificity"": 0, ""justification"": 0, ""active"": 0, ""sentiment"": 0}}]}, ""response"": {""answer"": ""부모님이나 보호자가 주로 이 팔찌를 아이에게 사줄 거에요. 특히 아동복지 관련 기관에서도 지원할 수 있지 않을까요?""}}"
24,2024-08-13 6:27:59,user_feedaback,"{""user_input"": ""그 상황에서는 부모가 아동학대의 가해자가 될 수도 있는데 부모가 이 팔찌를 직접 사준다고?"", ""category"": [{""sentence"": ""그 상황에서는 부모가 아동학대의 가해자가 될 수도 있는데 부모가 이 팔찌를 직접 사준다고?"", ""categories"": ""Question"", ""type"": ""Deep Reasoning""}], ""new_knowledge"": [""Consider the potential conflict of interest when the purchaser of a product could also be the source of the problem it aims to solve.""], ""new_actionPlan"": [""Investigate alternative purchasing channels or stakeholders who can provide the product to ensure it reaches the intended users without conflict of interest.""], ""new_thinking"": ""제품을 구매하는 사람이 문제의 원인이 될 수도 있다는 점을 고려해야겠어."", ""evaluation"": {""sentences"": [{""sentence"": ""그 상황에서는 부모가 아동학대의 가해자가 될 수도 있는데 부모가 이 팔찌를 직접 사준다고?"", ""categories"": ""Question"", ""type"": ""Deep Reasoning"", ""knowledge"": ""The feedback questions the feasibility of parents, who could be abusers, buying the wearable device for their children."", ""evaluation"": {""timely"": 6, ""relevance"": 7, ""high-level"": 5, ""specificity"": 0, ""justification"": 0, ""active"": 0, ""sentiment"": 0}}]}, ""response"": {""answer"": ""아, 그렇군요. 그러면 부모가 아닌 제3자인 아동복지기관이나 학교가 직접 팔찌를 제공하는 방안도 고려해볼 수 있겠네요.""}}"
24,2024-08-13 6:29:56,user_feedaback,"{""user_input"": ""일단 너 시장조사를 좀 더 해. 이 아이디어의 핵심은 단순히 어떤 기능을 구현해서 아이에게 부착시킬 것이냐가 아니라, 어떤 시스템으로 돌아가느냐가 중요해. 이 제품을 아이가 어떤 경로로 얻게 되어서, 그 제품을 통해 얻는 데이터를 누가 모니터링 할 것이며, 이런 시스템적인 고민을 더 해야 돼. 알겠어?"", ""category"": [{""sentence"": ""일단 너 시장조사를 좀 더 해."", ""categories"": ""Statement"", ""type"": ""Recommendation""}, {""sentence"": ""이 아이디어의 핵심은 단순히 어떤 기능을 구현해서 아이에게 부착시킬 것이냐가 아니라, 어떤 시스템으로 돌아가느냐가 중요해."", ""categories"": ""Statement"", ""type"": ""Evaluation""}, {""sentence"": ""이 제품을 아이가 어떤 경로로 얻게 되어서, 그 제품을 통해 얻는 데이터를 누가 모니터링 할 것이며, 이런 시스템적인 고민을 더 해야 돼."", ""categories"": ""Statement"", ""type"": ""Recommendation""}, {""sentence"": ""알겠어?"", ""categories"": ""Question"", ""type"": ""Verification""}], ""new_knowledge"": [""Conducting thorough market research is essential to understand existing solutions and identify opportunities for innovation."", ""Understanding the core functionality and the system it operates within is crucial for the effectiveness of a design."", ""Understanding the data flow and monitoring responsibilities is crucial for the effectiveness of the design."", ""Verifying the core problem your design aims to solve is essential for its effectiveness.""], ""new_actionPlan"": [""Start by researching existing products and services in the market to identify gaps and opportunities for your design."", ""Evaluate how the design integrates with existing systems and ensure it addresses the core functionality effectively."", ""Identify and define the roles of individuals or entities responsible for monitoring the data collected by the product."", ""Reevaluate the core problem your design aims to solve and ensure your solution effectively addresses it.""], ""new_thinking"": ""시장에서 기존 제품과 서비스를 철저히 조사하는 것이 중요하구나. 이 아이디어의 핵심은 단순히 어떤 기능을 구현해서 아이에게 부착시킬 것이 아니라, 어떤 시스템으로 돌아가느냐가 중요해. 이 제품을 통해 수집된 데이터를 누가 모니터링할지 명확히 정의해야 해. 내 디자인이 해결하려는 핵심 문제를 다시 검토해야겠어."", ""evaluation"": {""sentences"": [{""sentence"": ""일단 너 시장조사를 좀 더 해."", ""categories"": ""Statement"", ""type"": ""Recommendation"", ""knowledge"": ""The student should conduct more market research."", ""evaluation"": {""specificity"": 3, ""justification"": 4, ""active"": 5, ""sentiment"": 0}}, {""sentence"": ""이 아이디어의 핵심은 단순히 어떤 기능을 구현해서 아이에게 부착시킬 것이냐가 아니라, 어떤 시스템으로 돌아가느냐가 중요해."", ""categories"": ""Statement"", ""type"": ""Evaluation"", ""knowledge"": ""The core of the idea is not just about implementing functions but about how the system operates."", ""evaluation"": {""specificity"": 4, ""justification"": 5, ""active"": 3, ""sentiment"": 0}}, {""sentence"": ""이 제품을 아이가 어떤 경로로 얻게 되어서, 그 제품을 통해 얻는 데이터를 누가 모니터링 할 것이며, 이런 시스템적인 고민을 더 해야 돼."", ""categories"": ""Statement"", ""type"": ""Recommendation"", ""knowledge"": ""The student needs to consider the system, including how the product is obtained and who monitors the data."", ""evaluation"": {""specificity"": 4, ""justification"": 5, ""active"": 5, ""sentiment"": 0}}, {""sentence"": ""알겠어?"", ""categories"": ""Question"", ""type"": ""Verification"", ""knowledge"": ""The mentor is asking for confirmation of understanding."", ""evaluation"": {""timely"": 3, ""relevance"": 4, ""high-level"": 2, ""sentiment"": 0}}]}, ""response"": {""answer"": ""네, 알겠어요. 시장조사를 통해 제품의 유통 경로와 데이터 모니터링 시스템까지 상세히 고민해볼게요. 어떻게 돌아가는지 구조를 더 명확히 해야겠네요.""}}"
24,2024-08-13 6:30:33,user_feedaback,"{""user_input"": ""ㅇㅇ보통 이 아동학대라는 문제를 다른 제품에서는 어떤 디자인 해결책으로 다루고 있는지를 일단 폭넓게 조사할 필요가 있다는 말임"", ""category"": [{""sentence"": ""ㅇㅇ보통 이 아동학대라는 문제를 다른 제품에서는 어떤 디자인 해결책으로 다루고 있는지를 일단 폭넓게 조사할 필요가 있다는 말임"", ""categories"": ""Statement"", ""type"": ""Recommendation""}], ""new_knowledge"": [""Conducting thorough research on how other products address similar problems is essential for identifying unique design solutions.""], ""new_actionPlan"": [""Research existing products that address similar problems to understand their design solutions and identify opportunities for innovation.""], ""new_thinking"": ""다른 제품들이 유사한 문제를 어떻게 해결하는지 철저히 조사하는 것이 중요하구나."", ""evaluation"": {""sentences"": [{""sentence"": ""ㅇㅇ보통 이 아동학대라는 문제를 다른 제품에서는 어떤 디자인 해결책으로 다루고 있는지를 일단 폭넓게 조사할 필요가 있다는 말임"", ""categories"": ""Statement"", ""type"": ""Recommendation"", ""knowledge"": ""It is necessary to broadly investigate how other products address the issue of child abuse."", ""evaluation"": {""specificity"": 5, ""justification"": 6, ""active"": 6, ""sentiment"": 0}}]}, ""response"": {""answer"": ""네, 더 폭넓게 조사해볼게요. 다양한 디자인 해결책들을 참고해서 우리 팔찌만의 차별점을 더 만들어 가야겠어요.""}}"
24,2024-08-13 6:31:06,user_feedaback,"{""user_input"": ""팔찌도 좋은데, 팔찌가 최선이 아닐수도 있어. 아니면 이미 나와있는 더 좋은 팔찌 형태의 제품이 있을 수도 있고."", ""category"": [{""sentence"": ""팔찌도 좋은데,"", ""categories"": ""Statement"", ""type"": ""Evaluation""}, {""sentence"": ""팔찌가 최선이 아닐수도 있어."", ""categories"": ""Statement"", ""type"": ""Evaluation""}, {""sentence"": ""아니면 이미 나와있는 더 좋은 팔찌 형태의 제품이 있을 수도 있고."", ""categories"": ""Statement"", ""type"": ""Recommendation""}], ""new_knowledge"": [""Evaluating the form factor of a design is crucial for its effectiveness."", ""Consider alternative form factors if the current one may not be optimal."", ""Exploring existing products can reveal better design solutions.""], ""new_actionPlan"": [""Reassess the form factor of the wearable device to ensure it is the most effective solution for the problem."", ""Explore different form factors for the wearable device to ensure it is the most effective and practical solution."", ""Conduct a thorough analysis of existing wearable devices to identify superior design elements.""], ""new_thinking"": ""디자인의 형태를 평가하는 것이 중요하구나. 팔찌가 최선이 아닐 수도 있다니 다른 형태도 고려해봐야겠어. 이미 나와있는 더 좋은 디자인 솔루션이 있을 수 있겠구나."", ""evaluation"": {""sentences"": [{""sentence"": ""팔찌도 좋은데,"", ""categories"": ""Statement"", ""type"": ""Evaluation"", ""knowledge"": ""The bracelet is a good idea."", ""evaluation"": {""specificity"": 2, ""justification"": 1, ""active"": 1, ""sentiment"": 1}}, {""sentence"": ""팔찌가 최선이 아닐수도 있어."", ""categories"": ""Statement"", ""type"": ""Evaluation"", ""knowledge"": ""The bracelet may not be the best solution."", ""evaluation"": {""specificity"": 2, ""justification"": 2, ""active"": 2, ""sentiment"": 0}}, {""sentence"": ""아니면 이미 나와있는 더 좋은 팔찌 형태의 제품이 있을 수도 있고."", ""categories"": ""Statement"", ""type"": ""Recommendation"", ""knowledge"": ""There may already be better bracelet products available."", ""evaluation"": {""specificity"": 3, ""justification"": 3, ""active"": 3, ""sentiment"": 0}}]}, ""response"": {""answer"": ""알겠습니다. 다른 형태나 제품도 고려해볼게요. 팔찌 이외에 어떤 형태가 좋을까요?""}}"
24,2024-08-13 6:32:10,user_feedaback,"{""user_input"": ""그건 나도 모르지 ㅋㅋ 일단 시장 조사를 더 해봐. 지금 나와있는 해결책들은 어떤 것들이 있는지, 각 해결책의 장단점은 무엇인지, 그것과 비교해서 니 아이디어는 무엇이 더 좋은지 이런 것들을 생각해보라고."", ""category"": [{""sentence"": ""일단 시장 조사를 더 해봐."", ""categories"": ""Statement"", ""type"": ""Recommendation""}, {""sentence"": ""지금 나와있는 해결책들은 어떤 것들이 있는지, 각 해결책의 장단점은 무엇인지, 그것과 비교해서 니 아이디어는 무엇이 더 좋은지 이런 것들을 생각해보라고."", ""categories"": ""Statement"", ""type"": ""Recommendation""}], ""new_knowledge"": [""Conducting thorough market research is essential to understand existing solutions and identify opportunities for innovation."", ""Comparing your design with existing solutions helps identify unique advantages.""], ""new_actionPlan"": [""Conduct a comprehensive market research to analyze existing products and identify gaps and opportunities for your design."", ""Conduct a comparative analysis of existing solutions to highlight the unique advantages of your design.""], ""new_thinking"": ""시장에서 이미 존재하는 제품들을 철저히 조사하는 것이 중요하구나. 기존의 해결책들과 비교해보면 내 디자인의 독특한 장점을 더 잘 알 수 있겠어."", ""evaluation"": {""sentences"": [{""sentence"": ""일단 시장 조사를 더 해봐."", ""categories"": ""Statement"", ""type"": ""Recommendation"", ""knowledge"": ""The student should conduct more market research."", ""evaluation"": {""specificity"": 2, ""justification"": 3, ""active"": 4, ""sentiment"": 0}}, {""sentence"": ""지금 나와있는 해결책들은 어떤 것들이 있는지, 각 해결책의 장단점은 무엇인지, 그것과 비교해서 니 아이디어는 무엇이 더 좋은지 이런 것들을 생각해보라고."", ""categories"": ""Statement"", ""type"": ""Recommendation"", ""knowledge"": ""The student should compare existing solutions, their pros and cons, and identify what makes their idea better."", ""evaluation"": {""specificity"": 5, ""justification"": 4, ""active"": 5, ""sentiment"": 0}}]}, ""response"": {""answer"": ""시장 조사부터 해볼게요. 있는 해결책들을 알아보고 우리 팔찌랑 비교해보겠어요. 많이 배워야 할 것 같아요.""}}"
24,2024-08-13 6:32:55,update_idea,"{""title"": ""아동의 안전을 위한 웨어러블 기기의 효율적 개선"", ""problem"": ""아동학대 및 방치 문제를 해결하는 것이 주요 목표입니다. 특히 가정 내에서 발생할 수 있는 아동학대 상황에서도 아동이 안전하게 보호받을 수 있도록 설계하는 것이 중요합니다. 또한, 아동의 위치와 건강 상태를 실시간으로 모니터링하여 아동이 위험한 상황에 처했을 때 즉시 대응할 수 있어야 합니다."", ""idea"": ""이 제품은 아동의 손목에 착용하는 웨어러블 기기로써, GPS 위치 추적, 심박수 모니터링, 응급 호출 버튼 및 환경 소음 감지 마이크를 통합한 것입니다. 이 기기의 목적은 아동이 어떤 상황에 처해 있는지를 보호자나 담당 기관이 실시간으로 인식하여 적절히 대응할 수 있게 하는 것입니다. 특히, 심박수 모니터는 아동의 스트레스 또는 위급 상태를 징후로 사용하여 아동학대 가능성을 조기에 감지할 수 있습니다. 제품은 4세에서 10세 아동을 대상으로 하며, 편안하고 자연스러운 착용감을 제공하기 위해 가볍고, 알레르기 반응을 최소화하는 재료를 사용하였습니다. 또한, 부모뿐만 아니라 아동복지기관이나 학교에서도 아동에게 제공할 수 있도록 다양한 제공 경로를 고려하였습니다. 이는 가정에서 발생할 수 있는 아동학대 상황에서 부모가 가해자일 가능성을 완화시킬 수 있는 중요한 접근 방식입니다. 시장 조사를 통해 유사 제품과의 차별점을 더욱 명확히 하고, 아동을 위한 최적의 보호 수단을 제공하기 위해 지속적으로 개선할 예정입니다.""}"
24,2024-08-13 6:33:25,finish,