user_id,timestamp,tag,data
24,2024-08-13 6:34:50,start,
24,2024-08-13 6:37:24,user_feedaback,"{""user_input"": ""너 몇학년이니"", ""category"": [{""sentence"": ""너 몇학년이니"", ""categories"": ""Question"", ""type"": ""Concept Completion""}], ""new_knowledge"": [""Understanding the target audience's behavior and needs is crucial for designing effective solutions.""], ""new_actionPlan"": [""Conduct surveys or interviews to gather insights on students' behavior and needs regarding energy usage in dormitories.""], ""new_thinking"": ""타겟 사용자들의 행동과 필요를 이해하는 것이 효과적인 솔루션을 설계하는 데 중요하구나."", ""evaluation"": {""sentences"": [{""sentence"": ""너 몇학년이니"", ""categories"": ""Question"", ""type"": ""Concept Completion"", ""knowledge"": ""The mentor is asking about the student's academic year."", ""evaluation"": {""timely"": 1, ""relevance"": 1, ""high-level"": 1, ""specificity"": 0, ""justification"": 0, ""active"": 0, ""sentiment"": 0}}]}, ""response"": {""answer"": ""저는 1학년이에요. 지금 기숙사 탄소배출 줄이는 시스템 아이디어 생각하고 있어요.""}}"
24,2024-08-13 6:37:41,user_feedaback,"{""user_input"": ""학교 기숙사에 살아본 적 있니?"", ""category"": [{""sentence"": ""학교 기숙사에 살아본 적 있니?"", ""categories"": ""Question"", ""type"": ""Low-Level""}], ""new_knowledge"": [""Understanding the user's environment and experiences can provide valuable insights for design improvements.""], ""new_actionPlan"": [""Conduct surveys or interviews with dormitory residents to gather insights about their experiences and behaviors related to energy usage.""], ""new_thinking"": ""사용자의 환경과 경험을 이해하면 디자인 개선에 유용한 통찰을 얻을 수 있구나."", ""evaluation"": {""sentences"": [{""sentence"": ""학교 기숙사에 살아본 적 있니?"", ""categories"": ""Question"", ""type"": ""Low-Level"", ""knowledge"": ""The mentor is asking if the student has experience living in a school dormitory."", ""evaluation"": {""timely"": 3, ""relevance"": 2, ""high-level"": 1, ""specificity"": 0, ""justification"": 0, ""active"": 0, ""sentiment"": 0}}]}, ""response"": {""answer"": ""네, 학교 기숙사에 살아본 적 있어요. 그래서 이런 문제를 자주 겪었어요.""}}"
24,2024-08-13 6:38:31,user_feedaback,"{""user_input"": ""이건 사실 니가 불편한 문제는 아닌데, 어떻게 이런 아이디어를 떠올리게 되었니?"", ""category"": [{""sentence"": ""이건 사실 니가 불편한 문제는 아닌데,"", ""categories"": ""Statement"", ""type"": ""Evaluation""}, {""sentence"": ""어떻게 이런 아이디어를 떠올리게 되었니?"", ""categories"": ""Question"", ""type"": ""Deep Reasoning""}], ""new_knowledge"": [""Understanding the problem from multiple perspectives can reveal different aspects of the issue."", ""Understanding the origin and development of an idea can provide insights into its strengths and weaknesses.""], ""new_actionPlan"": [""Consider gathering feedback from other students to understand their experiences and perspectives on the problem."", ""Reflect on the initial inspiration and development process of the design idea to identify areas for improvement.""], ""new_thinking"": ""문제를 여러 관점에서 이해하면 다양한 측면을 발견할 수 있구나. 아이디어가 어떻게 발전했는지 이해하면 강점과 약점을 파악할 수 있겠구나."", ""evaluation"": {""sentences"": [{""sentence"": ""이건 사실 니가 불편한 문제는 아닌데,"", ""categories"": ""Statement"", ""type"": ""Evaluation"", ""knowledge"": ""The problem addressed may not be personally inconvenient for the student."", ""evaluation"": {""specificity"": 3, ""justification"": 2, ""active"": 1, ""sentiment"": -1}}, {""sentence"": ""어떻게 이런 아이디어를 떠올리게 되었니?"", ""categories"": ""Question"", ""type"": ""Deep Reasoning"", ""knowledge"": ""The mentor is inquiring about the origin of the student's idea."", ""evaluation"": {""timely"": 5, ""relevance"": 4, ""high-level"": 5, ""sentiment"": 0}}]}, ""response"": {""answer"": ""제가 기숙사에서 겪었던 불편함을 바탕으로 고민하다 보니까 자연스럽게 이런 아이디어가 떠오르게 되었어요.""}}"
24,2024-08-13 6:39:49,user_feedaback,"{""user_input"": ""그니까 내 말은 에어컨을 막 펑펑 쓴다고 해서 니가 불편한 건 아니잖아. 평소 환경에 관심이 많아서 이런 아이디어가 생각난거니?"", ""category"": [{""sentence"": ""그니까 내 말은 에어컨을 막 펑펑 쓴다고 해서 니가 불편한 건 아니잖아."", ""categories"": ""Statement"", ""type"": ""Evaluation""}, {""sentence"": ""평소 환경에 관심이 많아서 이런 아이디어가 생각난거니?"", ""categories"": ""Question"", ""type"": ""Deep Reasoning""}], ""new_knowledge"": [""Understanding the user's actual pain points is essential for creating relevant solutions."", ""Understanding the motivations behind an idea can help refine and strengthen the design.""], ""new_actionPlan"": [""Conduct surveys or interviews to identify the real pain points of users regarding energy consumption in dormitories."", ""Reflect on the motivations behind your design idea to identify areas for improvement and ensure it aligns with the target audience's needs.""], ""new_thinking"": ""사용자의 실제 불편함을 이해하는 것이 중요하구나. 내 아이디어의 동기를 이해하면 디자인을 더 잘 다듬고 강화할 수 있겠구나."", ""evaluation"": {""sentences"": [{""sentence"": ""그니까 내 말은 에어컨을 막 펑펑 쓴다고 해서 니가 불편한 건 아니잖아."", ""categories"": ""Statement"", ""type"": ""Evaluation"", ""knowledge"": ""The student is not directly inconvenienced by excessive air conditioner use."", ""evaluation"": {""specificity"": 4, ""justification"": 3, ""active"": 2, ""sentiment"": -1}}, {""sentence"": ""평소 환경에 관심이 많아서 이런 아이디어가 생각난거니?"", ""categories"": ""Question"", ""type"": ""Deep Reasoning"", ""knowledge"": ""The mentor is inquiring about the student's interest in environmental issues."", ""evaluation"": {""timely"": 5, ""relevance"": 5, ""high-level"": 4, ""sentiment"": 1}}]}, ""response"": {""answer"": ""네, 맞아요. 평소에 환경 문제에 관심이 많아서 자연스럽게 이런 아이디어가 떠올랐어요.""}}"
24,2024-08-13 6:39:50,student_question,"{""question"": ""평소 환경 문제가 아닌 다른 디자인 프로젝트에선 학생들이 불편해하는 부분 어떻게 찾아낼까요?""}"
24,2024-08-13 6:40:34,user_feedaback,"{""user_input"": ""뭐 자기의 경험일 수도 있고 리서치를 해서 찾을 수도 있지"", ""category"": [{""sentence"": ""뭐 자기의 경험일 수도 있고"", ""categories"": ""Statement"", ""type"": ""Evaluation""}, {""sentence"": ""리서치를 해서 찾을 수도 있지"", ""categories"": ""Statement"", ""type"": ""Evaluation""}], ""new_knowledge"": [""Personal experiences can provide valuable insights for identifying design problems."", ""Researching existing solutions can provide valuable insights and inspiration for your design.""], ""new_actionPlan"": [""Reflect on your own experiences and observations to identify potential issues and areas for improvement in your design."", ""Investigate current systems and technologies that address similar problems to enhance your design idea.""], ""new_thinking"": ""내 경험이 디자인 문제를 찾는 데 중요한 통찰을 줄 수 있구나. 기존의 솔루션을 조사하면 내 디자인에 영감을 줄 수 있겠어."", ""evaluation"": {""sentences"": [{""sentence"": ""뭐 자기의 경험일 수도 있고"", ""categories"": ""Statement"", ""type"": ""Evaluation"", ""knowledge"": ""The idea could be based on personal experience."", ""evaluation"": {""specificity"": 3, ""justification"": 2, ""active"": 1, ""sentiment"": 0}}, {""sentence"": ""리서치를 해서 찾을 수도 있지"", ""categories"": ""Statement"", ""type"": ""Evaluation"", ""knowledge"": ""Research can be used to identify problems."", ""evaluation"": {""specificity"": 3, ""justification"": 3, ""active"": 4, ""sentiment"": 1}}]}, ""response"": {""answer"": ""넵, 맞아요! 저의 경험도 중요하지만, 리서치를 통해서도 학생들이 불편해하는 부분을 찾아낼 수 있죠. 다른 학생들의 의견을 조사하거나 설문조사를 통해 자료를 모으는 것도 좋은 방법인 것 같아요.""}}"
24,2024-08-13 6:41:21,user_feedaback,"{""user_input"": ""그래 앞으로 그렇게 하고, 이 아이디어로 다시 돌아와보자면, 지금 큰 문제가 하나 있는데, 니 아이디어는 이미 존재한다는 거야"", ""category"": [{""sentence"": ""니 아이디어는 이미 존재한다는 거야"", ""categories"": ""Statement"", ""type"": ""Evaluation""}], ""new_knowledge"": [""Existing solutions should be reviewed to ensure the proposed idea is unique and necessary.""], ""new_actionPlan"": [""Conduct a thorough review of existing solutions to identify gaps and ensure the uniqueness of the proposed design.""], ""new_thinking"": ""기존에 유사한 아이디어가 이미 존재하는지 확인해야겠어."", ""evaluation"": {""sentences"": [{""sentence"": ""니 아이디어는 이미 존재한다는 거야"", ""categories"": ""Statement"", ""type"": ""Evaluation"", ""knowledge"": ""The idea already exists."", ""evaluation"": {""specificity"": 2, ""justification"": 1, ""active"": 1, ""sentiment"": -1}}]}, ""response"": {""answer"": ""이미 존재하는 시스템이군요... 그러면 기존 시스템을 개선할 수 있는 방법이나 새로운 기능들을 추가해보는 건 어떨까요?""}}"
24,2024-08-13 6:41:44,user_feedaback,"{""user_input"": ""너 시장조사 안 했어?"", ""category"": [{""sentence"": ""너 시장조사 안 했어?"", ""categories"": ""Question"", ""type"": ""Low-Level""}], ""new_knowledge"": [""Conducting market research is essential to understand the existing solutions and identify gaps.""], ""new_actionPlan"": [""Conduct a thorough market research to identify existing solutions and find areas for improvement.""], ""new_thinking"": ""시장에서 이미 존재하는 솔루션을 이해하고 개선할 부분을 찾는 것이 중요하구나."", ""evaluation"": {""sentences"": [{""sentence"": ""너 시장조사 안 했어?"", ""categories"": ""Question"", ""type"": ""Low-Level"", ""knowledge"": ""The mentor is questioning whether the student conducted market research."", ""evaluation"": {""timely"": 3, ""relevance"": 4, ""high-level"": 1, ""specificity"": 0, ""justification"": 0, ""active"": 0, ""sentiment"": -1}}]}, ""response"": {""answer"": ""시장조사는 해봤는데, 경쟁 제품이나 시스템의 세부 사항까진 못 찾았어요. 알려주실 수 있나요?""}}"
24,2024-08-13 6:42:44,user_feedaback,"{""user_input"": ""나도 안 해봤으니까 모르지 ㅋㅋ 근데 일단 카이스트 기숙사가 니가 제안한 아이디어 그대로 사용하고 있어. 이런 기존 시스템에서 더 개선할 점을 찾아보고 싶은거니 그럼?"", ""category"": [{""sentence"": ""근데 일단 카이스트 기숙사가 니가 제안한 아이디어 그대로 사용하고 있어."", ""categories"": ""Statement"", ""type"": ""Information""}, {""sentence"": ""이런 기존 시스템에서 더 개선할 점을 찾아보고 싶은거니 그럼?"", ""categories"": ""Question"", ""type"": ""Generate Design""}], ""new_knowledge"": [""Understanding existing solutions in the market is crucial to ensure your idea is unique and necessary."", ""Identifying areas for improvement in existing solutions can lead to innovative design opportunities.""], ""new_actionPlan"": [""Conduct a thorough market analysis to identify existing solutions and determine how your idea can offer a unique value proposition."", ""Analyze the current system to identify specific areas where improvements can be made or new features can be added.""], ""new_thinking"": ""기존 시장에 존재하는 솔루션을 이해하는 것이 내 아이디어가 독창적이고 필요한지 확인하는 데 중요하구나. 기존 시스템에서 개선할 점을 찾으면 혁신적인 디자인 기회를 만들 수 있겠어."", ""evaluation"": {""sentences"": [{""sentence"": ""근데 일단 카이스트 기숙사가 니가 제안한 아이디어 그대로 사용하고 있어."", ""categories"": ""Statement"", ""type"": ""Information"", ""knowledge"": ""The proposed idea is already implemented in KAIST dormitories."", ""evaluation"": {""specificity"": 6, ""justification"": 5, ""active"": 2, ""sentiment"": 0}}, {""sentence"": ""이런 기존 시스템에서 더 개선할 점을 찾아보고 싶은거니 그럼?"", ""categories"": ""Question"", ""type"": ""Generate Design"", ""knowledge"": ""The mentor is asking if the student wants to find improvements in the existing system."", ""evaluation"": {""timely"": 6, ""relevance"": 6, ""high-level"": 5, ""sentiment"": 0}}]}, ""response"": {""answer"": ""네, 맞아요. 기존 시스템을 더 개선할 수 있는 방법이나 새로운 기능들을 추가해보고 싶어요. 카이스트 기숙사를 참고하면 좋겠네요. 감사합니다!""}}"
24,2024-08-13 6:42:45,student_question,"{""question"": ""카이스트 기숙사의 기존 시스템과 비교했을 때, 저의 아이디어를 더 개선하거나 차별화할 수 있는 방향에 대해 조언해 주실 수 있을까요?""}"
24,2024-08-13 6:44:16,user_feedaback,"{""user_input"": ""지금 카이스트 기숙사는 기숙사의 전등이나 에어컨이 켜져있어도 학생이 퇴실 시 학생증을 찍으면 방의 전원이 차단되는 시스템이잖아. 여기서 뭘 더 개선할 수 있다고 생각하니? 에너지 절약을 위해서?"", ""category"": [{""sentence"": ""지금 카이스트 기숙사는 기숙사의 전등이나 에어컨이 켜져있어도 학생이 퇴실 시 학생증을 찍으면 방의 전원이 차단되는 시스템이잖아."", ""categories"": ""Statement"", ""type"": ""Information""}, {""sentence"": ""여기서 뭘 더 개선할 수 있다고 생각하니?"", ""categories"": ""Question"", ""type"": ""Generate Design""}, {""sentence"": ""에너지 절약을 위해서?"", ""categories"": ""Question"", ""type"": ""Generate Design""}], ""new_knowledge"": [""Existing solutions in the market may already address the problem you are trying to solve."", ""Identifying areas for improvement in existing solutions can lead to innovative design opportunities."", ""Considering energy-saving features can enhance the design's impact.""], ""new_actionPlan"": [""Conduct a detailed analysis of existing solutions to identify unique features or gaps that your design can address."", ""Analyze the current system in detail to identify specific areas where improvements or new features can be added."", ""Explore additional energy-saving features that can be integrated into the current design idea.""], ""new_thinking"": ""기존 시장의 솔루션이 내가 해결하려는 문제를 이미 해결하고 있을 수 있구나. 기존 시스템에서 개선할 수 있는 부분을 찾아내는 것이 혁신적인 디자인 기회를 제공할 수 있겠구나. 에너지 절약 기능을 추가하면 디자인의 효과를 높일 수 있겠어."", ""evaluation"": {""sentences"": [{""sentence"": ""지금 카이스트 기숙사는 기숙사의 전등이나 에어컨이 켜져있어도 학생이 퇴실 시 학생증을 찍으면 방의 전원이 차단되는 시스템이잖아."", ""categories"": ""Statement"", ""type"": ""Information"", ""knowledge"": ""KAIST dormitories already have a system that cuts off power when students leave."", ""evaluation"": {""specificity"": 6, ""justification"": 5, ""active"": 3, ""sentiment"": 0}}, {""sentence"": ""여기서 뭘 더 개선할 수 있다고 생각하니?"", ""categories"": ""Question"", ""type"": ""Generate Design"", ""knowledge"": ""The mentor is asking for potential improvements to the existing system."", ""evaluation"": {""timely"": 6, ""relevance"": 6, ""high-level"": 5, ""specificity"": 0, ""justification"": 0, ""active"": 0, ""sentiment"": 0}}, {""sentence"": ""에너지 절약을 위해서?"", ""categories"": ""Question"", ""type"": ""Generate Design"", ""knowledge"": ""The mentor is asking if the improvements are aimed at energy saving."", ""evaluation"": {""timely"": 5, ""relevance"": 6, ""high-level"": 4, ""specificity"": 0, ""justification"": 0, ""active"": 0, ""sentiment"": 0}}]}, ""response"": {""answer"": ""음, 여러 방면으로 개선할 수 있을 것 같은데, 예를 들어 기숙사 내 각 방의 온도나 전력 사용량을 실시간으로 모니터링하고 사용자에게 피드백을 주는 어플리케이션을 추가하는 것도 좋을 것 같아요. 에너지 절약을 생활습관으로 자리 잡게 도와줄 수 있을 거예요.""}}"
24,2024-08-13 6:45:28,user_feedaback,"{""user_input"": ""그거 좋은 아이디어같은데? 아예 그런 방향으로 틀어보는 건 어때?"", ""category"": [{""sentence"": ""그거 좋은 아이디어같은데?"", ""categories"": ""Statement"", ""type"": ""Evaluation""}, {""sentence"": ""아예 그런 방향으로 틀어보는 건 어때?"", ""categories"": ""Question"", ""type"": ""Generate Design""}], ""new_knowledge"": [""Evaluating the feasibility and potential impact of an idea is crucial before further development."", ""Exploring new directions can lead to innovative design solutions.""], ""new_actionPlan"": [""Conduct a feasibility study and impact analysis to determine the practicality and benefits of the design idea."", ""Brainstorm alternative approaches to address the problem and identify unique features that can differentiate the design.""], ""new_thinking"": ""아이디어의 실현 가능성과 잠재적 영향을 평가하는 것이 중요하구나. 새로운 방향을 탐색하면 혁신적인 디자인 솔루션을 찾을 수 있어!"", ""evaluation"": {""sentences"": [{""sentence"": ""그거 좋은 아이디어같은데?"", ""categories"": ""Statement"", ""type"": ""Evaluation"", ""knowledge"": ""The mentor thinks the student's idea is good."", ""evaluation"": {""specificity"": 2, ""justification"": 1, ""active"": 1, ""sentiment"": 1}}, {""sentence"": ""아예 그런 방향으로 틀어보는 건 어때?"", ""categories"": ""Question"", ""type"": ""Generate Design"", ""knowledge"": ""The mentor suggests considering a different direction for the idea."", ""evaluation"": {""timely"": 5, ""relevance"": 5, ""high-level"": 4, ""sentiment"": 1}}]}, ""response"": {""answer"": ""좋은 아이디어가 있습니다. 아마 사용자들이 실시간으로 에너지 사용량을 모니터링하고 피드백을 받을 수 있는 앱을 통해, 더 자발적으로 에너지 절약 습관을 기를 수 있을 것입니다. 이 방향으로 아이디어를 발전시켜 볼게요.""}}"
24,2024-08-13 6:46:02,update_idea,"{""title"": ""기숙사를 위한 지능형 에너지 관리 시스템"", ""problem"": ""기존의 기숙사 에너지 관리 시스템들은 에너지 소비를 무딘하게 제어하고 학생들의 실제 생활 습관과 맞지 않아 비효율적인 에너지 소비가 이루어지는 경우가 많습니다. 특히 학생들이 기숙사를 비웠을 때 비효율적으로 전등이나 에어컨이 켜져 있는 경우가 많아 에너지 낭비가 심각합니다."", ""idea"": ""이 프로젝트의 목표는 기존 기숙사의 에너지 관리 시스템을 개선하여 학생들의 실제 사용 패턴에 맞춘 지능형 에너지 관리 시스템을 개발하는 것입니다. 첫째, 기숙사에 거주하는 학생들을 대상으로 에너지 사용에 관한 설문조사를 진행하여 학생들의 에너지 사용 습관과 필요사항을 파악합니다. 둘째, 학생들의 입/퇴실 정보와 연동되어 에너지 소비를 자동으로 조절할 수 있는 시스템을 도입합니다. 셋째, 학생들이 자신의 에너지 사용량을 모니터링하고 조절할 수 있도록 하는 애플리케이션을 개발합니다. 이 앱을 통해 학생들은 자신의 에너지 사용 패턴을 분석하고, 합리적인 에너지 사용을 위한 피드백을 받게 됩니다. 넷째, 이러한 시스템을 기숙사의 다양한 에너지 소비 기기에 적용하여 에너지 절약 습관을 장려합니다. 이렇게 개발된 시스템은 기숙사에서의 에너지 사용을 최적화하고 탄소 배출을 줄이는 데 크게 기여할 것입니다.""}"
24,2024-08-13 6:48:03,user_feedaback,"{""user_input"": ""그래 니가 새롭게 적은 아이디어에 셋째, 넷째 부분이 핵심인 것 같아. 학생들로 하여금 스스로의 에너지 소비 습관을 되돌아보게 하고, 행동 변화를 유도하는 시스템을 디자인하는 거지. 할 수 있겠니?"", ""category"": [{""sentence"": ""그래 니가 새롭게 적은 아이디어에 셋째, 넷째 부분이 핵심인 것 같아."", ""categories"": ""Statement"", ""type"": ""Evaluation""}, {""sentence"": ""학생들로 하여금 스스로의 에너지 소비 습관을 되돌아보게 하고, 행동 변화를 유도하는 시스템을 디자인하는 거지."", ""categories"": ""Statement"", ""type"": ""Recommendation""}, {""sentence"": ""할 수 있겠니?"", ""categories"": ""Question"", ""type"": ""Generate Design""}], ""new_knowledge"": [""Identifying the core components of an idea is crucial for its development."", ""Designing systems that encourage sustainable habits and behavior change can lead to more effective solutions."", ""Exploring new design opportunities can lead to innovative solutions.""], ""new_actionPlan"": [""Focus on refining and enhancing the core components of your design idea to ensure its effectiveness."", ""Incorporate features that promote sustainable habits and behavior change in the energy management system."", ""Investigate additional features or improvements that can be added to the current design to make it more innovative.""], ""new_thinking"": ""아이디어의 핵심 부분을 명확히 파악하는 것이 중요하구나. 지속 가능한 습관과 행동 변화를 유도하는 시스템을 설계하면 더 효과적인 솔루션이 될 수 있어! 새로운 디자인 기회를 탐색하면 혁신적인 솔루션을 찾을 수 있어!"", ""evaluation"": {""sentences"": [{""sentence"": ""그래 니가 새롭게 적은 아이디어에 셋째, 넷째 부분이 핵심인 것 같아."", ""categories"": ""Statement"", ""type"": ""Evaluation"", ""knowledge"": ""The third and fourth parts of the new idea are crucial."", ""evaluation"": {""specificity"": 5, ""justification"": 4, ""active"": 3, ""sentiment"": 1}}, {""sentence"": ""학생들로 하여금 스스로의 에너지 소비 습관을 되돌아보게 하고, 행동 변화를 유도하는 시스템을 디자인하는 거지."", ""categories"": ""Statement"", ""type"": ""Recommendation"", ""knowledge"": ""Design a system that encourages students to reflect on their energy consumption habits and induce behavioral changes."", ""evaluation"": {""specificity"": 4, ""justification"": 5, ""active"": 5, ""sentiment"": 1}}, {""sentence"": ""할 수 있겠니?"", ""categories"": ""Question"", ""type"": ""Generate Design"", ""knowledge"": ""Can you do it?"", ""evaluation"": {""timely"": 4, ""relevance"": 4, ""high-level"": 3, ""sentiment"": 0}}]}, ""response"": {""answer"": ""네, 맞아요. 학생들이 자신의 에너지 소비 습관을 쉽게 확인하고 개선할 수 있게 도와주는 어플리케이션을 통해 실질적인 행동 변화를 유도할 수 있다고 생각해요. 어플리케이션 디자인과 사용자 경험(UX)에 더 신경 써야겠네요.""}}"
24,2024-08-13 6:48:35,user_feedaback,"{""user_input"": ""그래 그러면 일단 뭐부터 해야된다고 했지? "", ""category"": [{""sentence"": ""그래 그러면 일단 뭐부터 해야된다고 했지?"", ""categories"": ""Question"", ""type"": ""Low-Level""}], ""new_knowledge"": [""Identifying the first steps is crucial for starting a design project effectively.""], ""new_actionPlan"": [""Outline the initial steps needed to begin the design project, such as conducting surveys or market research.""], ""new_thinking"": ""디자인 프로젝트를 효과적으로 시작하려면 첫 단계를 명확히 정하는 것이 중요하구나."", ""evaluation"": {""sentences"": [{""sentence"": ""그래 그러면 일단 뭐부터 해야된다고 했지?"", ""categories"": ""Question"", ""type"": ""Low-Level"", ""knowledge"": ""The mentor is asking what the student should do first."", ""evaluation"": {""timely"": 4, ""relevance"": 3, ""high-level"": 1, ""specificity"": 0, ""justification"": 0, ""active"": 0, ""sentiment"": 0}}]}, ""response"": {""answer"": ""먼저 시장조사를 통해 기존 시스템과 차별화된 점을 파악해야 합니다. 그 다음, 학생들의 에너지 사용 패턴을 분석하기 위한 설문조사를 실시하고, 얻은 데이터를 기반으로 세부적인 기능을 계획해야 합니다. 앱 디자인과 UX도 함께 고민하면 좋을 것 같습니다.""}}"
24,2024-08-13 6:48:38,student_question,"{""question"": ""학생들이 에너지 사용량을 모니터링하고 개선할 수 있도록 돕기 위해 더 효과적인 방법이 있을까요? 어떤 방향으로 기능을 추가하거나 개선하면 좋을까요?""}"
24,2024-08-13 6:50:44,user_feedaback,"{""user_input"": ""오 ㅋㅋ 기억하고 있네 그래 시장조사를 먼저 해. 설문조사같은 실제 사용자 조사도 좋은 아이디어야. 에너지 절약은 유서 깊은 문제기 때문에, 분명히 이 문제를 해결하기 위한 디자인 아이디어들이 굉장히 많을 거야. 다만 너의 아이디어는 '기숙사'에서 '학생'들을 위한 맞춤형 서비스라는 점이 차별화가 될 것 같네. 이 부분을 더 중점적으로 고민해 봐"", ""category"": [{""sentence"": ""오 ㅋㅋ 기억하고 있네 그래 시장조사를 먼저 해."", ""categories"": ""Statement"", ""type"": ""Recommendation""}, {""sentence"": ""설문조사같은 실제 사용자 조사도 좋은 아이디어야."", ""categories"": ""Statement"", ""type"": ""Evaluation""}, {""sentence"": ""에너지 절약은 유서 깊은 문제기 때문에, 분명히 이 문제를 해결하기 위한 디자인 아이디어들이 굉장히 많을 거야."", ""categories"": ""Statement"", ""type"": ""Information""}, {""sentence"": ""다만 너의 아이디어는 '기숙사'에서 '학생'들을 위한 맞춤형 서비스라는 점이 차별화가 될 것 같네."", ""categories"": ""Statement"", ""type"": ""Evaluation""}, {""sentence"": ""이 부분을 더 중점적으로 고민해 봐"", ""categories"": ""Statement"", ""type"": ""Recommendation""}], ""new_knowledge"": [""Conducting market research is essential to understand the existing solutions and identify gaps."", ""Conducting surveys can provide valuable insights into user needs and behaviors."", ""Designing solutions for energy conservation is a significant challenge."", ""Tailoring a design to a specific user group can enhance its relevance and effectiveness."", ""Focusing on the core components of an idea can lead to more effective solutions.""], ""new_actionPlan"": [""Perform a thorough market research to identify existing solutions and find areas for improvement."", ""Conduct a survey to gather data on students' energy usage patterns and preferences."", ""Focus on creating innovative and effective design ideas to address energy conservation issues."", ""Ensure that the design is specifically tailored to the needs and behaviors of the target user group, in this case, students in dormitories."", ""Identify and refine the key elements of the current design idea to enhance its effectiveness.""], ""new_thinking"": ""시장을 먼저 조사해야겠어. 설문조사를 통해 사용자들의 필요와 행동을 파악할 수 있겠어. 에너지 절약을 위한 솔루션을 설계하는 것은 큰 도전이구나. 특정 사용자 그룹에 맞춘 디자인이 더 효과적일 수 있겠구나. 아이디어의 핵심 요소에 집중하면 더 효과적인 솔루션을 만들 수 있겠어."", ""evaluation"": {""sentences"": [{""sentence"": ""오 ㅋㅋ 기억하고 있네 그래 시장조사를 먼저 해."", ""categories"": ""Statement"", ""type"": ""Recommendation"", ""knowledge"": ""Market research should be conducted first."", ""evaluation"": {""specificity"": 5, ""justification"": 4, ""active"": 5, ""sentiment"": 1}}, {""sentence"": ""설문조사같은 실제 사용자 조사도 좋은 아이디어야."", ""categories"": ""Statement"", ""type"": ""Evaluation"", ""knowledge"": ""Conducting surveys or user research is a good idea."", ""evaluation"": {""specificity"": 4, ""justification"": 4, ""active"": 4, ""sentiment"": 1}}, {""sentence"": ""에너지 절약은 유서 깊은 문제기 때문에, 분명히 이 문제를 해결하기 위한 디자인 아이디어들이 굉장히 많을 거야."", ""categories"": ""Statement"", ""type"": ""Information"", ""knowledge"": ""There are many design ideas aimed at solving the long-standing issue of energy saving."", ""evaluation"": {""specificity"": 3, ""justification"": 3, ""active"": 3, ""sentiment"": 0}}, {""sentence"": ""다만 너의 아이디어는 '기숙사'에서 '학생'들을 위한 맞춤형 서비스라는 점이 차별화가 될 것 같네."", ""categories"": ""Statement"", ""type"": ""Evaluation"", ""knowledge"": ""The idea is differentiated by being a customized service for students in dormitories."", ""evaluation"": {""specificity"": 5, ""justification"": 5, ""active"": 4, ""sentiment"": 1}}, {""sentence"": ""이 부분을 더 중점적으로 고민해 봐"", ""categories"": ""Statement"", ""type"": ""Recommendation"", ""knowledge"": ""Focus more on the differentiation aspect of the idea."", ""evaluation"": {""specificity"": 4, ""justification"": 4, ""active"": 5, ""sentiment"": 1}}]}, ""response"": {""answer"": ""알겠습니다. 사용자의 특성을 기반으로 맞춤형 서비스를 개발하는 방향으로 시장조사와 사용자 조사를 더 집중적으로 진행해보겠습니다. 기숙사와 학생들을 위한 맞춤형 솔루션을 강조하며 기존 시스템과의 차별점을 명확히 하려고요.""}}"
24,2024-08-13 6:50:47,student_question,"{""question"": ""기숙사 학생들에게 에너지 사용량에 대한 모니터링 앱을 설계할 때, UI/UX 디자인에서 특히 주의해야 할 점이 있을까요?""}"
24,2024-08-13 6:52:58,user_feedaback,"{""user_input"": ""그 점이 핵심이 될 거라고. 니가 질문한 거에 대답을 하려면 기숙사에 거주하는 학생들의 특징을 파악해야 돼. 어쩌면 니가 타겟하고 있는 문제는 기숙사에 사는 학생들의 안일한 의식 수준이 근본적인 문제일 수 있어. 내 소유와 책임이 아니니까 에너지를 막 쓰는 거잖아. 그 점을 디자인으로 해결하려면 어떻게 해야할까? 를 고민해야 할 것 같음"", ""category"": [{""sentence"": ""그 점이 핵심이 될 거라고."", ""categories"": ""Statement"", ""type"": ""Evaluation""}, {""sentence"": ""니가 질문한 거에 대답을 하려면 기숙사에 거주하는 학생들의 특징을 파악해야 돼."", ""categories"": ""Statement"", ""type"": ""Recommendation""}, {""sentence"": ""어쩌면 니가 타겟하고 있는 문제는 기숙사에 사는 학생들의 안일한 의식 수준이 근본적인 문제일 수 있어."", ""categories"": ""Statement"", ""type"": ""Evaluation""}, {""sentence"": ""내 소유와 책임이 아니니까 에너지를 막 쓰는 거잖아."", ""categories"": ""Statement"", ""type"": ""Evaluation""}, {""sentence"": ""그 점을 디자인으로 해결하려면 어떻게 해야할까?"", ""categories"": ""Question"", ""type"": ""Generate Design""}, {""sentence"": ""를 고민해야 할 것 같음"", ""categories"": ""Statement"", ""type"": ""Recommendation""}], ""new_knowledge"": [""Identifying the core components of an idea is crucial for its development."", ""Understanding the specific characteristics of your target users is essential for designing effective solutions."", ""Understanding the fundamental issues faced by the target audience is crucial for effective design."", ""Understanding the user's responsibility and ownership can influence their behavior towards energy usage."", ""Designing solutions that address specific pain points can lead to more effective outcomes."", ""Considering different perspectives can reveal new design opportunities.""], ""new_actionPlan"": [""Focus on refining and developing the core components of the design idea to ensure its effectiveness."", ""Conduct a detailed analysis of the specific characteristics and behaviors of dormitory students to tailor the design effectively."", ""Conduct in-depth research to identify the core issues and needs of the target audience."", ""Incorporate features that make users feel more responsible and accountable for their energy consumption."", ""Identify the specific pain points of the target users and design solutions that directly address these issues."", ""Explore various perspectives to identify unique design opportunities for the energy management system.""], ""new_thinking"": ""아이디어의 핵심 요소를 파악하는 것이 중요하구나. 기숙사에 거주하는 학생들의 특성을 파악하는 것이 중요하구나. 기숙사 학생들이 겪는 근본적인 문제를 이해하는 것이 중요하구나. 사용자의 책임감을 높이면 에너지 사용 습관이 개선될 수 있겠구나. 구체적인 문제점을 해결하는 디자인이 더 효과적일 수 있겠구나. 다양한 관점을 고려하면 새로운 디자인 기회를 발견할 수 있겠구나."", ""evaluation"": {""sentences"": [{""sentence"": ""그 점이 핵심이 될 거라고."", ""categories"": ""Statement"", ""type"": ""Evaluation"", ""knowledge"": ""The core point is crucial."", ""evaluation"": {""specificity"": 5, ""justification"": 4, ""active"": 3, ""sentiment"": 1}}, {""sentence"": ""니가 질문한 거에 대답을 하려면 기숙사에 거주하는 학생들의 특징을 파악해야 돼."", ""categories"": ""Statement"", ""type"": ""Recommendation"", ""knowledge"": ""Understanding the characteristics of dormitory students is necessary to answer the question."", ""evaluation"": {""specificity"": 5, ""justification"": 5, ""active"": 5, ""sentiment"": 1}}, {""sentence"": ""어쩌면 니가 타겟하고 있는 문제는 기숙사에 사는 학생들의 안일한 의식 수준이 근본적인 문제일 수 있어."", ""categories"": ""Statement"", ""type"": ""Evaluation"", ""knowledge"": ""The fundamental issue might be the complacent awareness level of dormitory students."", ""evaluation"": {""specificity"": 4, ""justification"": 4, ""active"": 3, ""sentiment"": 0}}, {""sentence"": ""내 소유와 책임이 아니니까 에너지를 막 쓰는 거잖아."", ""categories"": ""Statement"", ""type"": ""Evaluation"", ""knowledge"": ""Energy is used wastefully because it is not owned or responsible for."", ""evaluation"": {""specificity"": 4, ""justification"": 4, ""active"": 3, ""sentiment"": 0}}, {""sentence"": ""그 점을 디자인으로 해결하려면 어떻게 해야할까?"", ""categories"": ""Question"", ""type"": ""Generate Design"", ""knowledge"": ""How to solve the issue through design."", ""evaluation"": {""timely"": 5, ""relevance"": 5, ""high-level"": 5, ""sentiment"": 1}}, {""sentence"": ""를 고민해야 할 것 같음"", ""categories"": ""Statement"", ""type"": ""Recommendation"", ""knowledge"": ""Need to consider."", ""evaluation"": {""specificity"": 2, ""justification"": 2, ""active"": 2, ""sentiment"": 0}}]}, ""response"": {""answer"": ""그렇죠, 기숙사 학생들의 특징과 심리를 잘 파악해야겠네요. 에너지 절약이 나의 책임임을 체감할 수 있게 하는 디자인 요소를 생각해볼게요. 예를 들어, 에너지 절약에 따른 인센티브나 공동 목표 설정을 포함해보는 건 어떨까요?""}}"
24,2024-08-13 6:53:00,student_question,"{""question"": ""교수님, 기숙사 학생들에게 에너지 사용량에 대한 모니터링 앱을 설계할 때 학생들이 책임감을 느끼도록 하는 디자인 요소에 대해 어떤 점을 더욱 고민해야 할까요?""}"
24,2024-08-13 6:53:56,user_feedaback,"{""user_input"": ""그래 그거는 일단 시장조사를 해보고 또 얘기해보자"", ""category"": [{""sentence"": ""그래 그거는 일단 시장조사를 해보고 또 얘기해보자"", ""categories"": ""Statement"", ""type"": ""Recommendation""}], ""new_knowledge"": [""Conducting market research is essential to understand the existing solutions and identify gaps.""], ""new_actionPlan"": [""Start by conducting thorough market research to understand existing solutions and identify areas for improvement.""], ""new_thinking"": ""기존 솔루션을 이해하고 개선점을 찾기 위해 시장조사가 필수적이구나."", ""evaluation"": {""sentences"": [{""sentence"": ""그래 그거는 일단 시장조사를 해보고 또 얘기해보자"", ""categories"": ""Statement"", ""type"": ""Recommendation"", ""knowledge"": ""Market research should be conducted before further discussion."", ""evaluation"": {""specificity"": 4, ""justification"": 3, ""active"": 5, ""sentiment"": 0}}]}, ""response"": {""answer"": ""네, 일단 시장조사를 진행한 후에 다시 이야기 나눠 볼게요!""}}"
24,2024-08-13 6:54:28,update_idea,"{""title"": ""기숙사를 위한 맞춤형 지능형 에너지 관리 시스템"", ""problem"": ""기숙사 학생들이 에너지 사용에 대한 직접적인 비용 부담이 없기 때문에 과도하게 에너지를 소비하는 경향이 있습니다. 이로 인해 불필요한 에너지 낭비가 발생하고, 이는 탄소 배출 증가로 이어집니다."", ""idea"": ""이 프로젝트의 목표는 기숙사에서의 에너지 사용을 최적화하고 학생들의 에너지 절약 습관을 육성하는 맞춤형 지능형 에너지 관리 시스템을 개발하는 것입니다. 첫째, 기숙사에 거주하는 학생들의 에너지 사용 패턴과 선호도를 파악하기 위해 설문조사를 실시합니다. 둘째, 설문 결과를 바탕으로 학생들의 실제 생활 패턴에 맞춰 자동으로 에너지를 조절할 수 있는 시스템을 설계합니다. 셋째, 학생들이 자신의 에너지 사용량을 실시간으로 확인하고, 에너지 절약을 위한 조치를 취할 수 있도록 하는 사용자 친화적인 모바일 애플리케이션을 개발합니다. 넷째, 앱을 통해 학생들에게 에너지 절약에 대한 시각적인 피드백과 인센티브를 제공하여 자발적인 에너지 절약 행동을 장려합니다. 다섯째, 시스템의 효과를 지속적으로 모니터링하고, 사용자 피드백을 수집하여 시스템을 지속적으로 개선합니다. 이러한 시스템은 기숙사에서의 에너지 소비를 줄이는 동시에, 학생들에게 에너지 소비의 중요성을 인식시키고 지속 가능한 행동 변화를 유도하는 데 기여할 것입니다.""}"
24,2024-08-13 6:56:39,finish,