user_id,timestamp,tag,data
3,2024-08-16 4:39:01,start,
3,2024-08-16 4:40:18,user_feedaback,"{""user_input"": ""우왕 좋은 아이디어 같아여"", ""category"": [{""sentence"": ""우왕 좋은 아이디어 같아여"", ""categories"": ""Statement"", ""type"": ""Evaluation""}], ""new_knowledge"": [""Positive feedback indicates that the idea has potential and is on the right track.""], ""new_actionPlan"": [""Continue refining the idea and seek more specific feedback to identify areas for improvement.""], ""new_thinking"": ""긍정적인 피드백은 내 아이디어가 잠재력이 있고 올바른 방향으로 가고 있다는 것을 의미해."", ""evaluation"": {""sentences"": [{""sentence"": ""우왕 좋은 아이디어 같아여"", ""categories"": ""Statement"", ""type"": ""Evaluation"", ""knowledge"": ""The feedback expresses a positive opinion about the idea."", ""evaluation"": {""specificity"": 1, ""justification"": 1, ""active"": 1, ""sentiment"": 1}}]}, ""response"": {""answer"": ""앗, 감사합니다! 혹시 아이디어를 더 개선할 수 있는 방법이 있을까요?""}}"
3,2024-08-16 4:41:01,user_feedaback,"{""user_input"": ""AI 기반의 콘텐츠 분석 기술을 사용한다고 하셨는데 구체적으로 실현 가능한 모델인지 아시는 게 있나요"", ""category"": [{""sentence"": ""AI 기반의 콘텐츠 분석 기술을 사용한다고 하셨는데"", ""categories"": ""Statement"", ""type"": ""Information""}, {""sentence"": ""구체적으로 실현 가능한 모델인지 아시는 게 있나요"", ""categories"": ""Question"", ""type"": ""Low-Level""}], ""new_knowledge"": [""AI 기술을 활용하면 콘텐츠 필터링의 정확성을 높일 수 있다."", ""Assessing the feasibility of a design model is crucial before further development.""], ""new_actionPlan"": [""AI 기술을 활용하여 콘텐츠 필터링의 정확성을 높이는 방법을 연구하자."", ""Conduct a feasibility study to determine if the design model can be practically implemented.""], ""new_thinking"": ""AI 기술을 활용하면 콘텐츠 필터링의 정확성을 높일 수 있겠구나. 디자인 모델이 실제로 구현 가능한지 평가하는 것이 중요하구나."", ""evaluation"": {""sentences"": [{""sentence"": ""AI 기반의 콘텐츠 분석 기술을 사용한다고 하셨는데"", ""categories"": ""Statement"", ""type"": ""Information"", ""knowledge"": ""The design idea uses AI-based content analysis technology."", ""evaluation"": {""specificity"": 5, ""justification"": 0, ""active"": 0, ""sentiment"": 0}}, {""sentence"": ""구체적으로 실현 가능한 모델인지 아시는 게 있나요"", ""categories"": ""Question"", ""type"": ""Low-Level"", ""knowledge"": ""The mentor is asking if the AI model is feasible."", ""evaluation"": {""timely"": 5, ""relevance"": 5, ""high-level"": 1, ""sentiment"": 0}}]}, ""response"": {""answer"": ""솔직히 아직 구체적인 AI 모델에 대해 자세히는 몰라요. 그런데 요즘 많이 쓰는 머신러닝이나 딥러닝 기술을 적용하면 가능할 것 같아요.""}}"
3,2024-08-16 4:41:44,user_feedaback,"{""user_input"": ""실현 가능할지 주변 AI 하시는 분들한테 꼭 물어보는 게 좋을 것 같아요"", ""category"": [{""sentence"": ""실현 가능할지 주변 AI 하시는 분들한테 꼭 물어보는 게 좋을 것 같아요"", ""categories"": ""Statement"", ""type"": ""Recommendation""}], ""new_knowledge"": [""Consulting experts in the field can provide valuable insights and validate the feasibility of your design.""], ""new_actionPlan"": [""Reach out to AI experts to discuss the feasibility and implementation of the AI-based content filtering model.""], ""new_thinking"": ""AI 전문가와 상담하면 내 디자인의 실현 가능성을 검증할 수 있겠구나."", ""evaluation"": {""sentences"": [{""sentence"": ""실현 가능할지 주변 AI 하시는 분들한테 꼭 물어보는 게 좋을 것 같아요"", ""categories"": ""Statement"", ""type"": ""Recommendation"", ""knowledge"": ""Consult AI experts to determine feasibility."", ""evaluation"": {""specificity"": 5, ""justification"": 4, ""active"": 6, ""sentiment"": 1}}]}, ""response"": {""answer"": ""알겠어요! 학교에서 AI 공부하시는 분들께도 한번 여쭤볼게요.""}}"
3,2024-08-16 4:43:12,user_feedaback,"{""user_input"": ""넷플릭스 같은 플랫폼은 저작권 때문에 화면 캡쳐도 못하게 해놓았던데 개인컴퓨터로 영상을 인식하고 분석하게 허용해줄까요。?"", ""category"": [{""sentence"": ""넷플릭스 같은 플랫폼은 저작권 때문에 화면 캡쳐도 못하게 해놓았던데"", ""categories"": ""Statement"", ""type"": ""Information""}, {""sentence"": ""개인컴퓨터로 영상을 인식하고 분석하게 허용해줄까요。"", ""categories"": ""Question"", ""type"": ""Deep Reasoning""}], ""new_knowledge"": [""Understanding legal constraints is essential when designing a product."", ""Considering the computational power required for real-time video analysis is essential.""], ""new_actionPlan"": [""Research and understand the legal constraints related to content filtering on streaming platforms."", ""Investigate the computational requirements and capabilities needed for real-time video analysis to ensure the feasibility of the design.""], ""new_thinking"": ""법적 제약을 이해하는 것이 제품 설계에 필수적이구나. 실시간 영상 분석을 위해 필요한 컴퓨팅 파워를 고려해야겠어."", ""evaluation"": {""sentences"": [{""sentence"": ""넷플릭스 같은 플랫폼은 저작권 때문에 화면 캡쳐도 못하게 해놓았던데"", ""categories"": ""Statement"", ""type"": ""Information"", ""knowledge"": ""Some platforms restrict screen capture due to copyright issues."", ""evaluation"": {""specificity"": 5, ""justification"": 4, ""active"": 3, ""sentiment"": 0}}, {""sentence"": ""개인컴퓨터로 영상을 인식하고 분석하게 허용해줄까요。"", ""categories"": ""Question"", ""type"": ""Deep Reasoning"", ""knowledge"": ""It is uncertain if platforms will allow video recognition and analysis on personal computers."", ""evaluation"": {""timely"": 5, ""relevance"": 6, ""high-level"": 5, ""sentiment"": 0}}]}, ""response"": {""answer"": ""음... 그 부분은 생각해보지 않았네요. 넷플릭스의 저작권 제한은 큰 문제일 수 있겠어요. 다른 방법을 찾거나 유튜브 같은 플랫폼 위주로 집중하는 게 좋을 것 같아요.""}}"
3,2024-08-16 4:44:08,user_feedaback,"{""user_input"": ""이미 유튜브나 넷플릭스에 키즈 메뉴가 있어서 그 페이지로 로그인하면 어느정도 콘텐츠 필터링이 되는 걸로 알고 있는데 이 서비스를 꼭 사용해야 하는 이유가 뭘까요"", ""category"": [{""sentence"": ""이미 유튜브나 넷플릭스에 키즈 메뉴가 있어서 그 페이지로 로그인하면 어느정도 콘텐츠 필터링이 되는 걸로 알고 있는데"", ""categories"": ""Statement"", ""type"": ""Information""}, {""sentence"": ""이 서비스를 꼭 사용해야 하는 이유가 뭘까요"", ""categories"": ""Question"", ""type"": ""Deep Reasoning""}], ""new_knowledge"": [""Understanding existing platform features can help in designing compatible solutions."", ""Identifying the core value proposition of your service is essential for its success.""], ""new_actionPlan"": [""Investigate the existing parental control features on platforms like YouTube and Netflix to ensure compatibility and enhance the design."", ""Clearly define and articulate the unique benefits and reasons why users should adopt your service.""], ""new_thinking"": ""기존 플랫폼의 기능을 이해하면 호환 가능한 솔루션을 설계하는 데 도움이 될 수 있겠어. 내 서비스의 핵심 가치를 명확히 정의하고 전달하는 것이 중요하구나."", ""evaluation"": {""sentences"": [{""sentence"": ""이미 유튜브나 넷플릭스에 키즈 메뉴가 있어서 그 페이지로 로그인하면 어느정도 콘텐츠 필터링이 되는 걸로 알고 있는데"", ""categories"": ""Statement"", ""type"": ""Information"", ""knowledge"": ""유튜브와 넷플릭스에는 이미 키즈 메뉴가 있어 어느 정도 콘텐츠 필터링이 가능하다."", ""evaluation"": {""specificity"": 5, ""justification"": 5, ""active"": 3, ""sentiment"": 0}}, {""sentence"": ""이 서비스를 꼭 사용해야 하는 이유가 뭘까요"", ""categories"": ""Question"", ""type"": ""Deep Reasoning"", ""knowledge"": ""서비스의 필요성을 묻고 있다."", ""evaluation"": {""timely"": 5, ""relevance"": 5, ""high-level"": 5, ""sentiment"": 0}}]}, ""response"": {""answer"": ""기존 유튜브 키즈나 넷플릭스의 키즈 모드는 한정된 콘텐츠만 제공하고, 모든 부모의 기준을 만족시키지 못할 수 있어요. Safeview는 더 정밀하게 콘텐츠를 분석하고 부모가 직접 설정할 수 있어 더 맞춤형 필터링이 가능해요.""}}"
3,2024-08-16 4:44:50,user_feedaback,"{""user_input"": ""아이를 키우는 사람들의 구체적인 니즈를 꼭 들어봐야 할 것 같아요"", ""category"": [{""sentence"": ""아이를 키우는 사람들의 구체적인 니즈를 꼭 들어봐야 할 것 같아요"", ""categories"": ""Statement"", ""type"": ""Recommendation""}], ""new_knowledge"": [""Understanding the specific needs of your target audience is crucial for designing effective solutions.""], ""new_actionPlan"": [""Conduct interviews or surveys with parents to gather detailed insights into their specific needs and concerns regarding child safety in media consumption.""], ""new_thinking"": ""타겟 사용자들의 구체적인 니즈를 이해하는 것이 효과적인 솔루션을 설계하는 데 중요하구나."", ""evaluation"": {""sentences"": [{""sentence"": ""아이를 키우는 사람들의 구체적인 니즈를 꼭 들어봐야 할 것 같아요"", ""categories"": ""Statement"", ""type"": ""Recommendation"", ""knowledge"": ""Understanding specific needs of parents is crucial."", ""evaluation"": {""specificity"": 5, ""justification"": 6, ""active"": 5, ""sentiment"": 1}}]}, ""response"": {""answer"": ""맞아요, 부모님들의 구체적인 니즈를 알아야 더 정확하게 서비스를 설계할 수 있겠죠. 서베이나 인터뷰를 통해 부모님들의 의견을 수집해야겠어요.""}}"
3,2024-08-16 4:46:02,user_feedaback,"{""user_input"": ""요즘 아이들은 미디어나 컴퓨터에 익숙해서 저런 기능을 걸어놔도 금방 없앨 방법을 찾기도 한다던데 ,,, 그건 어떻게 해결할수있을까요"", ""category"": [{""sentence"": ""요즘 아이들은 미디어나 컴퓨터에 익숙해서 저런 기능을 걸어놔도 금방 없앨 방법을 찾기도 한다던데 ,,,"", ""categories"": ""Statement"", ""type"": ""Information""}, {""sentence"": ""그건 어떻게 해결할수있을까요"", ""categories"": ""Question"", ""type"": ""Generate Design""}], ""new_knowledge"": [""Understanding the current trends and behaviors of your target audience is crucial for designing relevant solutions."", ""Exploring alternative solutions can lead to innovative design improvements.""], ""new_actionPlan"": [""Conduct research on how children interact with media and technology to identify effective filtering methods."", ""Brainstorm and research different methods to address potential challenges in the design.""], ""new_thinking"": ""요즘 아이들이 미디어나 컴퓨터에 익숙해져서 그런 기능을 걸어놔도 금방 없앨 방법을 찾기도 한다던데, 아이들의 행동 패턴을 더 잘 이해해야겠어. 다른 해결 방법을 찾아보면 디자인을 더 혁신적으로 개선할 수 있겠어."", ""evaluation"": {""sentences"": [{""sentence"": ""요즘 아이들은 미디어나 컴퓨터에 익숙해서 저런 기능을 걸어놔도 금방 없앨 방법을 찾기도 한다던데 ,,,"", ""categories"": ""Statement"", ""type"": ""Information"", ""knowledge"": ""Children are adept at bypassing restrictions on media and computer functions."", ""evaluation"": {""specificity"": 5, ""justification"": 4, ""active"": 3, ""sentiment"": 0}}, {""sentence"": ""그건 어떻게 해결할수있을까요"", ""categories"": ""Question"", ""type"": ""Generate Design"", ""knowledge"": ""How to address the issue of children bypassing restrictions."", ""evaluation"": {""timely"": 6, ""relevance"": 7, ""high-level"": 5, ""specificity"": 0, ""justification"": 0, ""active"": 0, ""sentiment"": 0}}]}, ""response"": {""answer"": ""아이들이 기능을 없애는 걸 막기 위해 패스워드나 부모님만이 변경할 수 있는 설정을 추가하면 좋을 것 같아요. 또한, 아이들이 몰래 비활성화하지 못하도록 앱이나 익스텐션의 아이콘을 숨기는 기능을 추가하는 것도 고려해보세요.""}}"
3,2024-08-16 4:46:43,user_feedaback,"{""user_input"": ""그래도 아이가 어느정도 크면 무용지물이 될 것 같아요"", ""category"": [{""sentence"": ""그래도 아이가 어느정도 크면 무용지물이 될 것 같아요"", ""categories"": ""Statement"", ""type"": ""Evaluation""}], ""new_knowledge"": [""Understanding the limitations of your design is crucial for its improvement.""], ""new_actionPlan"": [""Identify potential limitations of the current design and brainstorm ways to mitigate them.""], ""new_thinking"": ""디자인의 한계를 이해하는 것이 중요하구나."", ""evaluation"": {""sentences"": [{""sentence"": ""그래도 아이가 어느정도 크면 무용지물이 될 것 같아요"", ""categories"": ""Statement"", ""type"": ""Evaluation"", ""knowledge"": ""The solution may become ineffective as children grow older."", ""evaluation"": {""specificity"": 3, ""justification"": 2, ""active"": 2, ""sentiment"": -1}}]}, ""response"": {""answer"": ""네, 맞아요. 아이들이 커가면 기술적인 제한만으로는 부족할 수 있죠. 그래서 부모님과의 대화와 교육을 강화하여 안전한 미디어 사용 습관을 길러주는 것도 중요해요.""}}"
3,2024-08-16 4:47:24,user_feedaback,"{""user_input"": ""서비스는 익스텐션 형태로만 제공될 예정인가요"", ""category"": [{""sentence"": ""서비스는 익스텐션 형태로만 제공될 예정인가요"", ""categories"": ""Question"", ""type"": ""Low-Level""}], ""new_knowledge"": [""Considering the format of the service is crucial for its accessibility and usability.""], ""new_actionPlan"": [""Evaluate whether the extension format is the most effective way to deliver the service or if other formats could be more suitable.""], ""new_thinking"": ""서비스의 형식이 접근성과 사용성에 중요한 영향을 미칠 수 있겠구나."", ""evaluation"": {""sentences"": [{""sentence"": ""서비스는 익스텐션 형태로만 제공될 예정인가요"", ""categories"": ""Question"", ""type"": ""Low-Level"", ""knowledge"": ""The feedback asks if the service will only be provided as an extension."", ""evaluation"": {""timely"": 5, ""relevance"": 5, ""high-level"": 1, ""specificity"": 0, ""justification"": 0, ""active"": 0, ""sentiment"": 0}}]}, ""response"": {""answer"": ""우선 익스텐션 형태로 시작하려고 해요. 필요하다면, 모바일 앱이나 다른 형태로 확장할 수도 있어요.""}}"
3,2024-08-16 4:49:04,user_feedaback,"{""user_input"": ""영상물의 관람등급은 어떤 기준으로 판단하나요"", ""category"": [{""sentence"": ""영상물의 관람등급은 어떤 기준으로 판단하나요"", ""categories"": ""Question"", ""type"": ""Low-Level""}], ""new_knowledge"": [""Defining clear criteria for content evaluation is essential for consistent and accurate filtering.""], ""new_actionPlan"": [""Establish specific guidelines and criteria for evaluating and filtering content to ensure consistency and accuracy.""], ""new_thinking"": ""콘텐츠 평가 기준을 명확히 정의하는 것이 중요하구나."", ""evaluation"": {""sentences"": [{""sentence"": ""영상물의 관람등급은 어떤 기준으로 판단하나요"", ""categories"": ""Question"", ""type"": ""Low-Level"", ""knowledge"": ""The feedback asks about the criteria for determining the viewing rating of videos."", ""evaluation"": {""timely"": 5, ""relevance"": 5, ""high-level"": 1, ""specificity"": 0, ""justification"": 0, ""active"": 0, ""sentiment"": 0}}]}, ""response"": {""answer"": ""AI 기술을 사용해서 영상물의 내용을 실시간으로 분석하는데, 음성 인식과 영상 속 요소들을 종합적으로 판단해서 관람등급을 매길 수 있어요. 예를 들면, 폭력성, 선정성, 언어 사용 등 다양한 기준으로 분석해요. 그리고 부모님들이 설정하는 기준도 반영해서 맞춤형 필터링이 가능하도록 할 예정이에요.""}}"
3,2024-08-16 4:50:12,user_feedaback,"{""user_input"": ""필터링을 걸 수 있는 항목에는 어떤 것들이 있을까요"", ""category"": [{""sentence"": ""필터링을 걸 수 있는 항목에는 어떤 것들이 있을까요"", ""categories"": ""Question"", ""type"": ""Low-Level""}], ""new_knowledge"": [""Identifying key filtering criteria is essential for effective content management.""], ""new_actionPlan"": [""Define and list the specific criteria that will be used for content filtering in the design.""], ""new_thinking"": ""필터링을 위한 구체적인 기준을 정의하는 것이 중요하구나."", ""evaluation"": {""sentences"": [{""sentence"": ""필터링을 걸 수 있는 항목에는 어떤 것들이 있을까요"", ""categories"": ""Question"", ""type"": ""Low-Level"", ""knowledge"": ""The feedback asks about the specific filtering criteria that can be applied."", ""evaluation"": {""timely"": 5, ""relevance"": 6, ""high-level"": 1, ""specificity"": 0, ""justification"": 0, ""active"": 0, ""sentiment"": 0}}]}, ""response"": {""answer"": ""필터링 항목으로 폭력성, 선정성, 욕설과 같은 언어, 그리고 특정 주제 (예: 마약, 알콜 등) 등을 설정할 수 있게 할 예정이에요.""}}"
3,2024-08-16 4:52:29,user_feedaback,"{""user_input"": ""영상은 여러가지 연출 방법이 있어서, 선정적인 내용이더라도 보기에는 아무 문제 없어보일 수도 있는데 AI 가 그런 부분까지 분석할 수 있을까요"", ""category"": [{""sentence"": ""영상은 여러가지 연출 방법이 있어서, 선정적인 내용이더라도 보기에는 아무 문제 없어보일 수도 있는데"", ""categories"": ""Statement"", ""type"": ""Information""}, {""sentence"": ""AI 가 그런 부분까지 분석할 수 있을까요"", ""categories"": ""Question"", ""type"": ""Deep Reasoning""}], ""new_knowledge"": [""Understanding the various ways content can be presented is crucial for effective filtering."", ""Understanding the capabilities and limitations of AI technology is crucial for designing effective solutions.""], ""new_actionPlan"": [""Investigate different content presentation methods to ensure comprehensive filtering capabilities."", ""Research the current capabilities and limitations of AI technology to ensure it can meet the requirements of your design.""], ""new_thinking"": ""콘텐츠가 다양한 방식으로 연출될 수 있다는 점을 이해하는 것이 중요하구나. AI 기술이 정말로 그런 부분까지 분석할 수 있을까?"", ""evaluation"": {""sentences"": [{""sentence"": ""영상은 여러가지 연출 방법이 있어서, 선정적인 내용이더라도 보기에는 아무 문제 없어보일 수도 있는데"", ""categories"": ""Statement"", ""type"": ""Information"", ""knowledge"": ""Visual content can appear non-problematic despite having suggestive elements due to various presentation techniques."", ""evaluation"": {""specificity"": 5, ""justification"": 4, ""active"": 3, ""sentiment"": 0}}, {""sentence"": ""AI 가 그런 부분까지 분석할 수 있을까요"", ""categories"": ""Question"", ""type"": ""Deep Reasoning"", ""knowledge"": ""The capability of AI to analyze subtle suggestive elements in visual content is questioned."", ""evaluation"": {""timely"": 5, ""relevance"": 5, ""high-level"": 5, ""sentiment"": 0}}]}, ""response"": {""answer"": ""맞아요, 영상의 연출 방법에 따라 AI가 모든 부분을 완벽히 분석하기 어려울 수도 있어요. 그래서 학습 데이터를 다양하게 모으고, 최신 자연어 처리(NLP)와 컴퓨터 비전 기술을 병행해서 사용해야 할 것 같아요.""}}"
3,2024-08-16 4:54:12,user_feedaback,"{""user_input"": ""콘텐츠가 자동으로 차단된다면 아예 목록에도 안뜨는 건가요 아니면 영상 썸네일을 누른 후에 익스텐션이 작동돼서 차단되는 건가요"", ""category"": [{""sentence"": ""콘텐츠가 자동으로 차단된다면 아예 목록에도 안뜨는 건가요"", ""categories"": ""Question"", ""type"": ""Low-Level""}, {""sentence"": ""아니면 영상 썸네일을 누른 후에 익스텐션이 작동돼서 차단되는 건가요"", ""categories"": ""Question"", ""type"": ""Low-Level""}], ""new_knowledge"": [""Ensuring that filtered content is completely hidden from view is crucial for effective content management."", ""Considering user behavior and potential bypass methods is crucial for designing robust security features.""], ""new_actionPlan"": [""Implement a feature that ensures filtered content is not displayed in any form, even in search results or recommendations."", ""Investigate common methods users might use to bypass security features and design countermeasures to prevent them.""], ""new_thinking"": ""필터링된 콘텐츠가 완전히 숨겨져야 효과적인 콘텐츠 관리가 가능하겠구나. 사용자들이 보안 기능을 우회할 수 있는 방법을 고려하는 것이 중요하구나."", ""evaluation"": {""sentences"": [{""sentence"": ""콘텐츠가 자동으로 차단된다면 아예 목록에도 안뜨는 건가요"", ""categories"": ""Question"", ""type"": ""Low-Level"", ""knowledge"": ""Clarification on how content is filtered and displayed."", ""evaluation"": {""timely"": 5, ""relevance"": 5, ""high-level"": 1, ""specificity"": 0, ""justification"": 0, ""active"": 0, ""sentiment"": 0}}, {""sentence"": ""아니면 영상 썸네일을 누른 후에 익스텐션이 작동돼서 차단되는 건가요"", ""categories"": ""Question"", ""type"": ""Low-Level"", ""knowledge"": ""Clarification on the timing of content filtering."", ""evaluation"": {""timely"": 5, ""relevance"": 5, ""high-level"": 1, ""specificity"": 0, ""justification"": 0, ""active"": 0, ""sentiment"": 0}}]}, ""response"": {""answer"": ""목록에도 아예 안 뜨도록 설정할 수 있으면 좋을 것 같아요. 아이들이 실수로라도 클릭하지 않도록 하는 게 더 안전해요.""}}"
3,2024-08-16 4:54:48,user_feedaback,"{""user_input"": ""그럼 엄청나게 많은 영상을 미리 분석해놔야하는거 아닌가요"", ""category"": [{""sentence"": ""그럼 엄청나게 많은 영상을 미리 분석해놔야하는거 아닌가요"", ""categories"": ""Question"", ""type"": ""Deep Reasoning""}], ""new_knowledge"": [""Considering the volume of data to be analyzed is crucial for designing scalable solutions.""], ""new_actionPlan"": [""Evaluate the scalability of the AI model to handle large volumes of video content efficiently.""], ""new_thinking"": ""분석해야 할 데이터 양이 많다면 확장 가능한 솔루션을 설계하는 것이 중요하겠구나."", ""evaluation"": {""sentences"": [{""sentence"": ""그럼 엄청나게 많은 영상을 미리 분석해놔야하는거 아닌가요"", ""categories"": ""Question"", ""type"": ""Deep Reasoning"", ""knowledge"": ""The feedback questions the feasibility of pre-analyzing a large volume of videos."", ""evaluation"": {""timely"": 5, ""relevance"": 5, ""high-level"": 5, ""specificity"": 0, ""justification"": 0, ""active"": 0, ""sentiment"": 0}}]}, ""response"": {""answer"": ""네, 엄청나게 많은 영상을 미리 분석하는 게 필요해요. AI가 실시간 분석을 잘 하려면 사전 학습이 많아야 하니까요.""}}"
3,2024-08-16 4:55:16,user_feedaback,"{""user_input"": ""시간과 돈이 너무 많이 들수도 있을것같아요"", ""category"": [{""sentence"": ""시간과 돈이 너무 많이 들수도 있을것같아요"", ""categories"": ""Statement"", ""type"": ""Evaluation""}], ""new_knowledge"": [""Evaluating the resource requirements is crucial for project feasibility.""], ""new_actionPlan"": [""Conduct a detailed analysis of the time and financial resources needed for the project.""], ""new_thinking"": ""프로젝트의 자원 요구 사항을 평가하는 것이 중요하구나."", ""evaluation"": {""sentences"": [{""sentence"": ""시간과 돈이 너무 많이 들수도 있을것같아요"", ""categories"": ""Statement"", ""type"": ""Evaluation"", ""knowledge"": ""The project may require significant time and financial resources."", ""evaluation"": {""specificity"": 3, ""justification"": 2, ""active"": 2, ""sentiment"": -1}}]}, ""response"": {""answer"": ""그건 맞아요, 시간과 돈이 많이 들 수 있죠. 그래서 처음에는 유튜브 같은 특정 플랫폼에만 집중해서 시작할 수 있을 것 같아요. 서비스가 성공하면 더 많은 플랫폼으로 확장할 수도 있고요.""}}"
3,2024-08-16 4:56:11,user_feedaback,"{""user_input"": ""이 서비스를 어플로 확장한다면 어떤 방식이 될까요"", ""category"": [{""sentence"": ""이 서비스를 어플로 확장한다면 어떤 방식이 될까요"", ""categories"": ""Question"", ""type"": ""Generate Design""}], ""new_knowledge"": [""Exploring different formats for your service can uncover new opportunities for user engagement.""], ""new_actionPlan"": [""Consider developing a mobile app version of the service to reach a broader audience and enhance user engagement.""], ""new_thinking"": ""서비스를 앱으로 확장하면 더 많은 사용자에게 다가갈 수 있겠네!"", ""evaluation"": {""sentences"": [{""sentence"": ""이 서비스를 어플로 확장한다면 어떤 방식이 될까요"", ""categories"": ""Question"", ""type"": ""Generate Design"", ""knowledge"": ""The mentor is asking about the potential expansion of the service into an app format."", ""evaluation"": {""timely"": 5, ""relevance"": 6, ""high-level"": 4, ""specificity"": 0, ""justification"": 0, ""active"": 0, ""sentiment"": 0}}]}, ""response"": {""answer"": ""어플로 확장한다면, 부모가 직접 앱에서 자녀의 미디어 사용을 관리할 수 있도록 기능을 추가할 수 있을 거예요. 예를 들어, 아이의 연령대, 특정 관심사, 허용 콘텐츠 범위 등을 설정할 수 있는 사용자 친화적인 인터페이스를 제공하면 좋겠어요.""}}"
3,2024-08-16 4:57:34,user_feedaback,"{""user_input"": ""그럼 그 앱을 깔아서 필터를 설정하면 해당 휴대폰에 있는 모든 영상 어플들에 적용되는 건가요"", ""category"": [{""sentence"": ""그럼 그 앱을 깔아서 필터를 설정하면 해당 휴대폰에 있는 모든 영상 어플들에 적용되는 건가요"", ""categories"": ""Question"", ""type"": ""Low-Level""}], ""new_knowledge"": [""Ensuring compatibility across different platforms is crucial for a seamless user experience.""], ""new_actionPlan"": [""Investigate how to integrate the filtering feature across various mobile applications to ensure comprehensive coverage.""], ""new_thinking"": ""다양한 플랫폼에서 호환성을 보장하는 것이 원활한 사용자 경험을 위해 중요하구나."", ""evaluation"": {""sentences"": [{""sentence"": ""그럼 그 앱을 깔아서 필터를 설정하면 해당 휴대폰에 있는 모든 영상 어플들에 적용되는 건가요"", ""categories"": ""Question"", ""type"": ""Low-Level"", ""knowledge"": ""The mentor is asking if the filter settings in the app will apply to all video apps on the phone."", ""evaluation"": {""timely"": 5, ""relevance"": 5, ""high-level"": 1, ""specificity"": 0, ""justification"": 0, ""active"": 0, ""sentiment"": 0}}]}, ""response"": {""answer"": ""네, 그렇죠. 그 앱으로 설정하면 해당 휴대폰에 있는 모든 영상 앱들에 필터가 적용되도록 할 계획이에요. 특정 앱만 적용할지, 전체 적용할지 선택할 수 있게 하는 것도 고려하고 있어요.""}}"
3,2024-08-16 4:59:14,user_feedaback,"{""user_input"": ""필터를 적용할 땐 단순히 항목을 선택하는건가요? 게이지로 정도 조절도 할 수 있나요?"", ""category"": [{""sentence"": ""필터를 적용할 땐 단순히 항목을 선택하는건가요?"", ""categories"": ""Question"", ""type"": ""Low-Level""}, {""sentence"": ""게이지로 정도 조절도 할 수 있나요?"", ""categories"": ""Question"", ""type"": ""Low-Level""}], ""new_knowledge"": [""Ensuring user-friendly customization options is crucial for effective user engagement."", ""Considering the level of control over the content is crucial for effective content management.""], ""new_actionPlan"": [""Design a simple and intuitive interface for users to easily select and customize filtering criteria."", ""Evaluate the granularity of control that parents can have over the content filtering settings.""], ""new_thinking"": ""사용자 친화적인 커스터마이징 옵션이 효과적인 사용자 참여를 위해 중요하구나. 콘텐츠 관리의 효과를 위해 제어 수준을 고려하는 것이 중요하구나."", ""evaluation"": {""sentences"": [{""sentence"": ""필터를 적용할 땐 단순히 항목을 선택하는건가요?"", ""categories"": ""Question"", ""type"": ""Low-Level"", ""knowledge"": ""The feedback asks if the filter application is based on simple item selection."", ""evaluation"": {""timely"": 5, ""relevance"": 5, ""high-level"": 1, ""specificity"": 0, ""justification"": 0, ""active"": 0, ""sentiment"": 0}}, {""sentence"": ""게이지로 정도 조절도 할 수 있나요?"", ""categories"": ""Question"", ""type"": ""Low-Level"", ""knowledge"": ""The feedback inquires if the filter intensity can be adjusted using a gauge."", ""evaluation"": {""timely"": 5, ""relevance"": 5, ""high-level"": 1, ""specificity"": 0, ""justification"": 0, ""active"": 0, ""sentiment"": 0}}]}, ""response"": {""answer"": ""게이지로 조절할 수 있게 해서 더 세밀한 설정이 가능하게 하면 좋겠어요. 사용자가 여러 단계로 강도나 기준을 조정할 수 있다면 더 유용할 것 같아요.""}}"
3,2024-08-16 5:00:21,user_feedaback,"{""user_input"": ""게이지 수치랑 실제 필터링 정도를 정확히 매칭할 수 있을까요"", ""category"": [{""sentence"": ""게이지 수치랑 실제 필터링 정도를 정확히 매칭할 수 있을까요"", ""categories"": ""Question"", ""type"": ""Generate Design""}], ""new_knowledge"": [""Providing adjustable filtering levels can enhance user control and satisfaction.""], ""new_actionPlan"": [""Implement a feature that allows users to adjust the filtering intensity using a gauge or slider.""], ""new_thinking"": ""필터링 강도를 조절할 수 있는 기능을 제공하면 사용자 만족도가 높아질 수 있겠어."", ""evaluation"": {""sentences"": [{""sentence"": ""게이지 수치랑 실제 필터링 정도를 정확히 매칭할 수 있을까요"", ""categories"": ""Question"", ""type"": ""Generate Design"", ""knowledge"": ""The mentor is questioning the feasibility of accurately matching gauge values to the actual filtering level."", ""evaluation"": {""timely"": 5, ""relevance"": 6, ""high-level"": 4, ""specificity"": 0, ""justification"": 0, ""active"": 0, ""sentiment"": 0}}]}, ""response"": {""answer"": ""게이지 수치와 실제 필터링 정도를 정확히 매칭하는 것은 기술적으로 도전적일 수 있어요. AI가 콘텐츠를 분석하는 정확도와 일관성을 보장하기 위해 지속적인 학습과 데이터 업데이트가 필요해요. 그래서 초기에는 일반적인 카테고리 기반 설정을 제공하고, 점차적으로 게이지 조절 기능을 추가하며 튜닝하는 게 좋을 것 같아요.""}}"
3,2024-08-16 5:00:59,update_idea,"{""title"": ""Safeview - 아동 안전 콘텐츠 필터링 익스텐션"", ""problem"": ""아이들이 스트리밍 플랫폼에서 노출될 수 있는 부적절한 콘텐츠로 인해 정신적, 사회적 문제를 겪을 위험성이 높다. 기존의 콘텐츠 필터링 시스템들은 부모의 세밀한 설정을 반영하지 못하고, 아동이 기술을 우회하는 상황에 적절히 대응하지 못하는 한계를 가지고 있다."", ""idea"": ""Safeview는 AI 기반 실시간 콘텐츠 분석을 통해 아동에게 부적절한 영상을 제때 차단하는 브라우저 익스텐션입니다. 부모는 아이의 연령과 발달 단계에 맞는 콘텐츠 필터링 기준을 설정할 수 있으며, 이 기준에 따라 익스텐션이 자동으로 콘텐츠를 필터링합니다. Safeview는 폭력성, 성적 콘텐츠, 부적절한 언어 사용 등 다양한 콘텐츠 범주를 고려하여 필터링합니다. 또한, 아이들이 필터 설정을 변경하거나 비활성화하는 것을 방지하기 위해 다양한 보안 기능을 탑재하고, 부모와의 소통을 통해 아이들이 안전하고 건설적인 미디어 소비 습관을 형성할 수 있도록 지원합니다. 필요에 따라 모바일 앱 형태로도 제공되어, 모든 디바이스에서 아동이 안전하게 콘텐츠를 이용할 수 있도록 확장성을 갖추었습니다.""}"
3,2024-08-16 5:01:05,finish,