user_id,timestamp,tag,data
3,2024-08-16 4:15:37,start,
3,2024-08-16 4:17:55,user_feedaback,"{""user_input"": ""개가 짖는 소리와 당시의 구체적인 상황에 대한 데이터는 어떻게 수집할건가요?"", ""category"": [{""sentence"": ""개가 짖는 소리와 당시의 구체적인 상황에 대한 데이터는 어떻게 수집할건가요?"", ""categories"": ""Question"", ""type"": ""Deep Reasoning""}], ""new_knowledge"": [""Consider how to effectively collect data on the contextual situations when the pet makes sounds.""], ""new_actionPlan"": [""Develop a method to systematically gather data on the specific contexts in which the pet makes sounds.""], ""new_thinking"": ""강아지가 짖는 상황에 대한 구체적인 데이터를 어떻게 수집할 수 있을까?"", ""evaluation"": {""sentences"": [{""sentence"": ""개가 짖는 소리와 당시의 구체적인 상황에 대한 데이터는 어떻게 수집할건가요?"", ""categories"": ""Question"", ""type"": ""Deep Reasoning"", ""knowledge"": ""The feedback asks about the method for collecting data on dog barks and the specific situations in which they occur."", ""evaluation"": {""timely"": 6, ""relevance"": 7, ""high-level"": 5, ""specificity"": 0, ""justification"": 0, ""active"": 0, ""sentiment"": 0}}]}, ""response"": {""answer"": ""죄송합니다, 어떻게 수집할지 구체적으로 생각해본 적이 없어요. 그래도 각 상황별로 다르게 수집할 수 있을 것 같아요. 예를 들면, 공원에서 놀 때, 밥 먹을 때, 병원에 갈 때 등.""}}"
3,2024-08-16 4:19:31,user_feedaback,"{""user_input"": ""이런 기능을 제공하는 어플이 있는 걸로 알고 있는데 그 어플은 어떤 식으로 작동하는 건지 알고있나요?"", ""category"": [{""sentence"": ""이런 기능을 제공하는 어플이 있는 걸로 알고 있는데"", ""categories"": ""Statement"", ""type"": ""Information""}, {""sentence"": ""그 어플은 어떤 식으로 작동하는 건지 알고있나요?"", ""categories"": ""Question"", ""type"": ""Low-Level""}], ""new_knowledge"": [""Research existing applications with similar functionalities to understand their data collection methods."", ""Understanding how the application functions is crucial for its development.""], ""new_actionPlan"": [""Investigate current apps that translate pet sounds to gather insights on their data collection and processing techniques."", ""Research and define the operational mechanism of the application.""], ""new_thinking"": ""이미 비슷한 기능을 제공하는 앱이 있다면, 그들의 데이터 수집 방법을 참고해야겠어. 어플리케이션이 어떻게 작동하는지 이해하는 것이 중요하구나."", ""evaluation"": {""sentences"": [{""sentence"": ""이런 기능을 제공하는 어플이 있는 걸로 알고 있는데"", ""categories"": ""Statement"", ""type"": ""Information"", ""knowledge"": ""There is an existing app that provides similar functionality."", ""evaluation"": {""specificity"": 3, ""justification"": 2, ""active"": 1, ""sentiment"": 0}}, {""sentence"": ""그 어플은 어떤 식으로 작동하는 건지 알고있나요?"", ""categories"": ""Question"", ""type"": ""Low-Level"", ""knowledge"": ""The student is asked if they know how a similar app works."", ""evaluation"": {""timely"": 3, ""relevance"": 4, ""high-level"": 1, ""sentiment"": 0}}]}, ""response"": {""answer"": ""아, 맞아요! 어떤 어플은 반려동물의 소리를 인식해서 여러 카테고리로 나누고, 이를 분석해 사용자에게 전달하죠. 이를 바탕으로 학습모델을 만들면 더 정확하게 번역할 수 있지 않을까요?""}}"
3,2024-08-16 4:20:44,user_feedaback,"{""user_input"": ""강아지는 말을 못하니까 짖는 상황이 구체적이지 않으면 소리에 감정만 담길뿐, 구체적인 요구나 의미를 찾기 힘들 것 같아요"", ""category"": [{""sentence"": ""강아지는 말을 못하니까 짖는 상황이 구체적이지 않으면 소리에 감정만 담길뿐, 구체적인 요구나 의미를 찾기 힘들 것 같아요"", ""categories"": ""Statement"", ""type"": ""Evaluation""}], ""new_knowledge"": [""Understanding the specific context of the sound is crucial for accurate interpretation.""], ""new_actionPlan"": [""Develop a method to capture and analyze the specific context in which the pet makes sounds to improve the accuracy of the translation model.""], ""new_thinking"": ""소리의 구체적인 상황을 이해하는 것이 정확한 해석에 중요하구나."", ""evaluation"": {""sentences"": [{""sentence"": ""강아지는 말을 못하니까 짖는 상황이 구체적이지 않으면 소리에 감정만 담길뿐, 구체적인 요구나 의미를 찾기 힘들 것 같아요"", ""categories"": ""Statement"", ""type"": ""Evaluation"", ""knowledge"": ""Without specific contexts, it is difficult to derive concrete demands or meanings from a dog's bark."", ""evaluation"": {""specificity"": 5, ""justification"": 5, ""active"": 3, ""sentiment"": 0}}]}, ""response"": {""answer"": ""그렇군요! 그렇다면 감정 데이터만이라도 더 정확하게 수집해서 감정 번역 모델을 만드는 것도 좋은 방향일까요?""}}"
3,2024-08-16 4:21:10,user_feedaback,"{""user_input"": ""그럴수도 있겠네용"", ""category"": [{""sentence"": ""그럴수도 있겠네용"", ""categories"": ""Statement"", ""type"": ""Evaluation""}], ""new_knowledge"": [""Consider the feasibility of the design idea.""], ""new_actionPlan"": [""Evaluate the practicality and potential challenges of implementing the design idea.""], ""new_thinking"": ""아이디어의 실현 가능성을 고려해야겠어."", ""evaluation"": {""sentences"": [{""sentence"": ""그럴수도 있겠네용"", ""categories"": ""Statement"", ""type"": ""Evaluation"", ""knowledge"": ""The feedback acknowledges the possibility of the student's idea."", ""evaluation"": {""specificity"": 1, ""justification"": 1, ""active"": 1, ""sentiment"": 0}}]}, ""response"": {""answer"": ""그 이유도 있는 거 같아요. 그렇다면 강아지의 감정과 요구를 더 잘 이해할 수 있도록 다양한 상황에 대한 데이터를 더 정밀하게 수집할 필요가 있겠네요. 감정과 요구를 분리해서 데이터 셋을 만드는 것도 좋은 방법일 것 같아요.""}}"
3,2024-08-16 4:21:59,user_feedaback,"{""user_input"": ""짖는 소리 말고 끙끙대거나 으르렁 거리는 소리 데이터도 수집할건가요?"", ""category"": [{""sentence"": ""짖는 소리 말고 끙끙대거나 으르렁 거리는 소리 데이터도 수집할건가요?"", ""categories"": ""Question"", ""type"": ""Generate Design""}], ""new_knowledge"": [""Consider collecting a variety of sound data, not just barking.""], ""new_actionPlan"": [""Expand the data collection to include different types of pet sounds beyond just barking.""], ""new_thinking"": ""짖는 소리 외에도 다양한 소리를 수집해야겠어."", ""evaluation"": {""sentences"": [{""sentence"": ""짖는 소리 말고 끙끙대거나 으르렁 거리는 소리 데이터도 수집할건가요?"", ""categories"": ""Question"", ""type"": ""Generate Design"", ""knowledge"": ""Consider collecting various types of sounds made by pets, not just barking."", ""evaluation"": {""timely"": 6, ""relevance"": 7, ""high-level"": 5, ""specificity"": 0, ""justification"": 0, ""active"": 0, ""sentiment"": 0}}]}, ""response"": {""answer"": ""아, 맞아요! 끙끙대거나 으르렁거리는 소리도 중요한 데이터일 것 같아요. 다양한 소리를 수집하고 분석해 더 정밀한 번역 모델을 만들 수 있겠네요.""}}"
3,2024-08-16 4:23:20,user_feedaback,"{""user_input"": ""보통 강아지와 주인은 정서적 교류가 활발해서 저런 변역기 없이도 소통이 잘 된다고 생각하면 어쩌죠"", ""category"": [{""sentence"": ""보통 강아지와 주인은 정서적 교류가 활발해서 저런 변역기 없이도 소통이 잘 된다고 생각하면 어쩌죠"", ""categories"": ""Question"", ""type"": ""Deep Reasoning""}], ""new_knowledge"": [""Consider the natural communication dynamics between pets and their owners.""], ""new_actionPlan"": [""Investigate how pets and their owners naturally communicate and incorporate these dynamics into the design.""], ""new_thinking"": ""반려동물과 주인의 자연스러운 소통 방식을 고려해야겠어."", ""evaluation"": {""sentences"": [{""sentence"": ""보통 강아지와 주인은 정서적 교류가 활발해서 저런 변역기 없이도 소통이 잘 된다고 생각하면 어쩌죠"", ""categories"": ""Question"", ""type"": ""Deep Reasoning"", ""knowledge"": ""Owners and dogs often communicate well emotionally without a translator."", ""evaluation"": {""timely"": 5, ""relevance"": 5, ""high-level"": 5, ""specificity"": 0, ""justification"": 0, ""active"": 0, ""sentiment"": 0}}]}, ""response"": {""answer"": ""네, 맞아요. 많은 주인들은 이미 감정이나 요구를 잘 이해하죠. 그래서 이 번역기는 새로운 주인이나 반려동물을 처음 기르는 사람들에게 더 유용하지 않을까요?""}}"
3,2024-08-16 4:24:01,user_feedaback,"{""user_input"": ""강아지가 아플 때 빨리 대응할 수 있게 해주는건 좋은 것 같아요"", ""category"": [{""sentence"": ""강아지가 아플 때 빨리 대응할 수 있게 해주는건 좋은 것 같아요"", ""categories"": ""Statement"", ""type"": ""Evaluation""}], ""new_knowledge"": [""Ensuring timely responses to critical situations is important for user satisfaction.""], ""new_actionPlan"": [""Develop a feature that allows for quick and accurate responses to urgent pet needs.""], ""new_thinking"": ""긴급 상황에 신속하게 대응하는 것이 사용자 만족에 중요하구나."", ""evaluation"": {""sentences"": [{""sentence"": ""강아지가 아플 때 빨리 대응할 수 있게 해주는건 좋은 것 같아요"", ""categories"": ""Statement"", ""type"": ""Evaluation"", ""knowledge"": ""The idea of enabling quick response when a dog is sick is good."", ""evaluation"": {""specificity"": 4, ""justification"": 3, ""active"": 2, ""sentiment"": 1}}]}, ""response"": {""answer"": ""맞아요, 강아지가 아플 때 빨리 대응할 수 있으면 좋겠죠. 그래서 건강 상태를 체크할 수 있는 기능도 넣으면 더 유용할 것 같아요. 예를 들어, 특정 소리나 행동 패턴을 통해 건강 이상을 감지할 수 있게 하는 거죠.""}}"
3,2024-08-16 4:24:02,student_question,"{""question"": ""다양한 상황의 소리 데이터를 수집하는 방법 중에서 가장 효과적인 방법은 뭐가 있을까요? 예를 들어, 공원에서 놀 때와 병원에 갈 때 등 여러 상황을 구체적으로 어떻게 나눠서 데이터를 수집해야 할까요?""}"
3,2024-08-16 4:24:30,user_feedaback,"{""user_input"": ""영상으로 수집。?"", ""category"": [{""sentence"": ""영상으로 수집。"", ""categories"": ""Statement"", ""type"": ""Recommendation""}], ""new_knowledge"": [""Visual data collection can enhance the understanding of contextual situations.""], ""new_actionPlan"": [""Incorporate visual data collection methods to capture the context of the pet's sounds.""], ""new_thinking"": ""영상으로 수집하면 더 정확한 상황 파악이 가능하겠구나."", ""evaluation"": {""sentences"": [{""sentence"": ""영상으로 수집。"", ""categories"": ""Statement"", ""type"": ""Recommendation"", ""knowledge"": ""Collect data through video."", ""evaluation"": {""specificity"": 2, ""justification"": 1, ""active"": 2, ""sentiment"": 0}}]}, ""response"": {""answer"": ""영상으로 수집하는 게 좋을 것 같아요. 영상 데이터를 통해 소리와 상황을 동시에 파악할 수 있으니까요.""}}"
3,2024-08-16 4:25:56,user_feedaback,"{""user_input"": ""강아지가 짖을 때마다 스피커로 자동번역 내용이 들리는 건 좀 시끄러울 것 같아요"", ""category"": [{""sentence"": ""강아지가 짖을 때마다 스피커로 자동번역 내용이 들리는 건 좀 시끄러울 것 같아요"", ""categories"": ""Statement"", ""type"": ""Evaluation""}], ""new_knowledge"": [""Consider the practicality and user experience of automated translation features.""], ""new_actionPlan"": [""Evaluate the feasibility and user experience of implementing automated translation features in the design.""], ""new_thinking"": ""자동 번역 기능이 실용적이고 사용자 경험에 적합한지 고려해야겠어."", ""evaluation"": {""sentences"": [{""sentence"": ""강아지가 짖을 때마다 스피커로 자동번역 내용이 들리는 건 좀 시끄러울 것 같아요"", ""categories"": ""Statement"", ""type"": ""Evaluation"", ""knowledge"": ""Automatic translation through a speaker for every bark might be noisy."", ""evaluation"": {""specificity"": 5, ""justification"": 4, ""active"": 3, ""sentiment"": -1}}]}, ""response"": {""answer"": ""아, 그렇겠네요. 소음은 문제가 될 수 있죠. 그럼 앱으로 번역 내용을 표시하게 하면 어떨까요? 사용자에게 푸시 알림을 통해 전송하는 방식으로요.""}}"
3,2024-08-16 4:26:34,user_feedaback,"{""user_input"": ""그럼 필요할 때만 열람할 수 있어서 좋을 것 같아요 거부감도 줄어들고"", ""category"": [{""sentence"": ""그럼 필요할 때만 열람할 수 있어서 좋을 것 같아요"", ""categories"": ""Statement"", ""type"": ""Evaluation""}, {""sentence"": ""거부감도 줄어들고"", ""categories"": ""Statement"", ""type"": ""Evaluation""}], ""new_knowledge"": [""Consider implementing features that activate only when necessary to avoid unnecessary disruptions."", ""Consider the potential for user rejection or resistance to the design.""], ""new_actionPlan"": [""Design the application to provide notifications or alerts only when critical or relevant events occur."", ""Evaluate the potential user acceptance and address any concerns to improve the design's appeal.""], ""new_thinking"": ""필요할 때만 기능을 활성화하는 것이 좋겠어. 사용자들이 이 디자인을 거부할 가능성도 고려해야겠어."", ""evaluation"": {""sentences"": [{""sentence"": ""그럼 필요할 때만 열람할 수 있어서 좋을 것 같아요"", ""categories"": ""Statement"", ""type"": ""Evaluation"", ""knowledge"": ""Accessing the translation only when needed is beneficial."", ""evaluation"": {""specificity"": 5, ""justification"": 4, ""active"": 3, ""sentiment"": 1}}, {""sentence"": ""거부감도 줄어들고"", ""categories"": ""Statement"", ""type"": ""Evaluation"", ""knowledge"": ""Reducing resistance is beneficial."", ""evaluation"": {""specificity"": 3, ""justification"": 3, ""active"": 2, ""sentiment"": 1}}]}, ""response"": {""answer"": ""네, 필요한 상황에만 열람할 수 있게 하자는 아이디어 좋네요. 어플 푸시 알림을 통해 사용자에게 조용히 정보를 제공하면 사용성도 높아질 것 같아요.""}}"
3,2024-08-16 4:26:35,student_question,"{""question"": ""영상 데이터와 소리 데이터를 함께 수집하기 위해 사용하면 좋은 도구나 기술이 있을까요?""}"
3,2024-08-16 4:27:36,user_feedaback,"{""user_input"": ""유튜브 보니까 ,,, 고양이 목에 작은 카메라를 달아서 고양이 관점으로 혼자 노는 장면을 영상으로 기록하는 사람이 있던데 그런건 어때여"", ""category"": [{""sentence"": ""유튜브 보니까 ,,, 고양이 목에 작은 카메라를 달아서 고양이 관점으로 혼자 노는 장면을 영상으로 기록하는 사람이 있던데"", ""categories"": ""Statement"", ""type"": ""Information""}, {""sentence"": ""그런건 어때여"", ""categories"": ""Question"", ""type"": ""Generate Design""}], ""new_knowledge"": [""Exploring existing solutions can provide valuable insights for your design."", ""Questioning the feasibility of a design can lead to innovative solutions.""], ""new_actionPlan"": [""Research and analyze existing solutions to understand their strengths and weaknesses."", ""Evaluate the practicality of the current design and brainstorm alternative approaches to address potential issues.""], ""new_thinking"": ""기존 솔루션을 탐구하면 내 디자인에 유용한 통찰을 얻을 수 있겠어. 디자인의 실현 가능성을 의심해보는 것이 혁신적인 해결책을 찾는 데 도움이 될 수 있겠구나."", ""evaluation"": {""sentences"": [{""sentence"": ""유튜브 보니까 ,,, 고양이 목에 작은 카메라를 달아서 고양이 관점으로 혼자 노는 장면을 영상으로 기록하는 사람이 있던데"", ""categories"": ""Statement"", ""type"": ""Information"", ""knowledge"": ""Attaching a small camera to a pet's collar can record their activities from their perspective."", ""evaluation"": {""specificity"": 5, ""justification"": 4, ""active"": 3, ""sentiment"": 1}}, {""sentence"": ""그런건 어때여"", ""categories"": ""Question"", ""type"": ""Generate Design"", ""knowledge"": ""Considering the use of a small camera on a pet's collar for data collection."", ""evaluation"": {""timely"": 4, ""relevance"": 5, ""high-level"": 3, ""sentiment"": 1}}]}, ""response"": {""answer"": ""오, 흥미로운 아이디어네요. 그런 방식으로 데이터를 수집하면 강아지의 일상을 더 잘 이해할 수 있을 것 같아요. 작은 카메라와 마이크를 목에 달아서 다양한 상황에서의 데이터를 수집할 수 있을 것 같아요.""}}"
3,2024-08-16 4:30:15,user_feedaback,"{""user_input"": ""만약에 모델을 만들었는데 정확도가 너무 낮으면 어떻게 되는거지"", ""category"": [{""sentence"": ""만약에 모델을 만들었는데 정확도가 너무 낮으면 어떻게 되는거지"", ""categories"": ""Question"", ""type"": ""Generate Design""}], ""new_knowledge"": [""Consider the accuracy of the model as a critical factor in its success.""], ""new_actionPlan"": [""Investigate methods to improve the accuracy of the model, such as refining the dataset or using advanced algorithms.""], ""new_thinking"": ""모델의 정확도가 너무 낮으면 어떻게 되는거지?"", ""evaluation"": {""sentences"": [{""sentence"": ""만약에 모델을 만들었는데 정확도가 너무 낮으면 어떻게 되는거지"", ""categories"": ""Question"", ""type"": ""Generate Design"", ""knowledge"": ""Consider the implications of low model accuracy."", ""evaluation"": {""timely"": 5, ""relevance"": 6, ""high-level"": 4, ""specificity"": 0, ""justification"": 0, ""active"": 0, ""sentiment"": 0}}]}, ""response"": {""answer"": ""네, 맞아요. 모델의 정확도가 낮으면 사용자 신뢰도가 떨어질 거예요. 그래서 초기에는 감정이나 간단한 요구만 번역하도록 하고, 지속적으로 데이터를 수집하면서 모델의 성능을 개선해 나가는 것도 방법일 것 같아요.""}}"
3,2024-08-16 4:30:54,user_feedaback,"{""user_input"": ""혼자하는 프로젝트인가요"", ""category"": [{""sentence"": ""혼자하는 프로젝트인가요"", ""categories"": ""Question"", ""type"": ""Concept Completion""}], ""new_knowledge"": [""Consider the potential for user rejection or resistance to the design.""], ""new_actionPlan"": [""Evaluate the user acceptance and potential resistance to the design idea through surveys or user testing.""], ""new_thinking"": ""사용자들이 이 디자인을 거부할 가능성도 고려해야겠어."", ""evaluation"": {""sentences"": [{""sentence"": ""혼자하는 프로젝트인가요"", ""categories"": ""Question"", ""type"": ""Concept Completion"", ""knowledge"": ""The mentor is inquiring if the project is being done individually."", ""evaluation"": {""timely"": 5, ""relevance"": 4, ""high-level"": 3, ""specificity"": 0, ""justification"": 0, ""active"": 0, ""sentiment"": 0}}]}, ""response"": {""answer"": ""아니요, 팀 프로젝트입니다.""}}"
3,2024-08-16 4:33:10,user_feedaback,"{""user_input"": ""만약 소리를 잘 안내는 강아지가 있다면"", ""category"": [{""sentence"": ""만약 소리를 잘 안내는 강아지가 있다면"", ""categories"": ""Question"", ""type"": ""Scenario Creation""}], ""new_knowledge"": [""Consider the possibility of the system failing to interpret certain sounds accurately.""], ""new_actionPlan"": [""Develop a fallback mechanism for cases where the system cannot interpret the sound accurately.""], ""new_thinking"": ""시스템이 특정 소리를 정확하게 해석하지 못할 가능성을 고려해야겠어."", ""evaluation"": {""sentences"": [{""sentence"": ""만약 소리를 잘 안내는 강아지가 있다면"", ""categories"": ""Question"", ""type"": ""Scenario Creation"", ""knowledge"": ""Consideration of dogs that do not bark often."", ""evaluation"": {""timely"": 5, ""relevance"": 5, ""high-level"": 4, ""specificity"": 0, ""justification"": 0, ""active"": 0, ""sentiment"": 0}}]}, ""response"": {""answer"": ""맞아요, 소리를 잘 안내는 강아지도 있을 수 있죠. 그런 경우에는 바디 랭귀지 데이터도 함께 수집하면 좋을 것 같아요. 바디 랭귀지를 분석해서 요구나 감정을 파악하는 것도 하나의 방법이죠.""}}"
3,2024-08-16 4:33:11,student_question,"{""question"": ""모델의 정확도가 낮을 경우 사용자 신뢰도가 떨어질 수 있는데, 초기 감정 번역 기능에서 어떻게 사용자 신뢰도를 증가시킬 수 있을까요?""}"
3,2024-08-16 4:34:33,user_feedaback,"{""user_input"": ""번역이 잘 되는 거 위주로 보여주면 되지 않을까여。?"", ""category"": [{""sentence"": ""번역이 잘 되는 거 위주로 보여주면 되지 않을까여。"", ""categories"": ""Question"", ""type"": ""Generate Design""}], ""new_knowledge"": [""Showcasing the translation's effectiveness can enhance user trust.""], ""new_actionPlan"": [""Develop a feature that visually demonstrates the accuracy and reliability of the translation.""], ""new_thinking"": ""번역의 효과를 시각적으로 보여주면 사용자 신뢰도가 높아질 수 있겠어."", ""evaluation"": {""sentences"": [{""sentence"": ""번역이 잘 되는 거 위주로 보여주면 되지 않을까여。"", ""categories"": ""Question"", ""type"": ""Generate Design"", ""knowledge"": ""Focus on showcasing well-translated results."", ""evaluation"": {""timely"": 5, ""relevance"": 6, ""high-level"": 4, ""specificity"": 0, ""justification"": 0, ""active"": 0, ""sentiment"": 1}}]}, ""response"": {""answer"": ""네, 그렇겠죠. 초기에는 번역이 잘 되는 몇 가지 감정이나 요구만 우선적으로 보여주고, 사용자 피드백을 받아 점점 기능을 확장해 나가면 좋을 것 같아요.""}}"
3,2024-08-16 4:35:14,user_feedaback,"{""user_input"": ""앱을 통해서 번역내용을 확인하는게 귀찮을 수도 있을 것 같아요"", ""category"": [{""sentence"": ""앱을 통해서 번역내용을 확인하는게 귀찮을 수도 있을 것 같아요"", ""categories"": ""Statement"", ""type"": ""Evaluation""}], ""new_knowledge"": [""Consider the convenience of users when designing the interface.""], ""new_actionPlan"": [""Design the app interface to allow users to easily check translation content.""], ""new_thinking"": ""사용자 편의성을 고려한 인터페이스 디자인이 중요하구나."", ""evaluation"": {""sentences"": [{""sentence"": ""앱을 통해서 번역내용을 확인하는게 귀찮을 수도 있을 것 같아요"", ""categories"": ""Statement"", ""type"": ""Evaluation"", ""knowledge"": ""Checking translation content through an app might be inconvenient."", ""evaluation"": {""specificity"": 4, ""justification"": 3, ""active"": 2, ""sentiment"": -1}}]}, ""response"": {""answer"": ""네, 그럴 수도 있을 것 같아요. 그래서 음성 인식을 통해 더 직관적으로 알림을 받을 수 있는 방식을 고민해보면 어떨까요? 예를 들어, AI 스피커와 연동해서 중요한 번역 내용만 자동으로 알려주는 기능도 고려해 볼 수 있을 것 같아요.""}}"
3,2024-08-16 4:35:52,update_idea,"{""title"": ""반려동물의 소리를 자연어로 번역하는 서비스 개선"", ""problem"": ""반려동물 목소리 데이터가 정확한 상황에 대한 데이터와 결합되지 않아, 번역 결과의 정확도가 낮으며 사용자 신뢰도가 부족하다는 문제점이 있습니다. 또한, 반려동물의 다양한 목소리(짖음, 끙끙거림, 으르렁거림 등)가 번역되지 않아 중요한 정보를 놓칠 수 있습니다."", ""idea"": ""개선된 번역 앱은 다음과 같은 방식으로 구현합니다. 첫째, 반려동물의 소리를 녹음하는 동시에 상황을 기록할 수 있는 영상 캡처 기능을 통합합니다. 이를 통해 소리가 발생한 정확한 상황을 파악하고 데이터셋의 정확도를 향상시킬 수 있습니다. 둘째, 다양한 소리 유형(짖음, 으르렁거림, 끙끙거림 등)에 대한 수집을 확장하여 포괄적인 동물 소리 데이터베이스를 구축합니다. 셋째, 앱은 긴급하게 필요한 상황을 인식할 수 있는 기능을 포함시켜 반응을 빠르게 할 수 있도록 합니다(예: 건강 이상 징후 감지 시). 넷째, 사용자가 번역 내용을 쉽게 확인할 수 있도록 푸시 알림 기능을 개선하고, 중요 내용은 AI 스피커를 통해 자동으로 알려줄 수 있는 연동 기능을 검토합니다. 마지막으로, 사용자 경험을 고려하여 앱의 인터페이스는 직관적이고 사용하기 쉬운 디자인으로 계획합니다. 이러한 개선 사항을 통해, 반려동물의 요구와 감정을 보다 정확하게 이해하고, 반려동물과의 커뮤니케이션을 향상시키려 합니다.""}"
3,2024-08-16 4:36:00,finish,