user_id,timestamp,tag,data
6,2024-08-14 6:11:21,start,
6,2024-08-14 6:14:16,user_feedaback,"{""user_input"": ""동건님 안녕하세요! 아주 중요한 문제 상황을 다루고 있네요. 아동 보호를 위한 디자인은 저도 관심이 많은 분야라 같이 얘기해보면 좋을 것 같은데요, 아동 보호를 위한 목적이어도 특히 어떤 문제 상황을 다루고자 하는지에 따라 디자인이 많이 달라질 수 있어요. 구체적으로 타겟하고자하는 상황이 있나요?"", ""category"": [{""sentence"": ""아주 중요한 문제 상황을 다루고 있네요."", ""categories"": ""Statement"", ""type"": ""Evaluation""}, {""sentence"": ""아동 보호를 위한 목적이어도 특히 어떤 문제 상황을 다루고자 하는지에 따라 디자인이 많이 달라질 수 있어요."", ""categories"": ""Statement"", ""type"": ""Information""}, {""sentence"": ""구체적으로 타겟하고자하는 상황이 있나요?"", ""categories"": ""Question"", ""type"": ""Low-Level""}], ""new_knowledge"": [""Identifying the core problem is crucial for effective design."", ""Designs should be adaptable to address various specific problems or situations."", ""Designs should consider the overall context and environment in which they will be used.""], ""new_actionPlan"": [""Ensure that the design addresses the most critical issues identified."", ""Consider different scenarios and tailor the design to effectively address each specific situation."", ""Evaluate the various environments and contexts where the wearable device will be used to ensure it functions effectively in all scenarios.""], ""new_thinking"": ""핵심 문제를 파악하는 것이 효과적인 디자인의 핵심이구나. 디자인은 다양한 특정 문제나 상황에 맞게 적응할 수 있어야 해. 디자인은 사용될 전체적인 맥락과 환경을 고려해야 해."", ""evaluation"": {""sentences"": [{""sentence"": ""아주 중요한 문제 상황을 다루고 있네요."", ""categories"": ""Statement"", ""type"": ""Evaluation"", ""knowledge"": ""The design addresses an important problem."", ""evaluation"": {""specificity"": 2, ""justification"": 3, ""active"": 2, ""sentiment"": 1}}, {""sentence"": ""아동 보호를 위한 목적이어도 특히 어떤 문제 상황을 다루고자 하는지에 따라 디자인이 많이 달라질 수 있어요."", ""categories"": ""Statement"", ""type"": ""Information"", ""knowledge"": ""The design can vary significantly depending on the specific problem it aims to address."", ""evaluation"": {""specificity"": 4, ""justification"": 4, ""active"": 3, ""sentiment"": 0}}, {""sentence"": ""구체적으로 타겟하고자하는 상황이 있나요?"", ""categories"": ""Question"", ""type"": ""Low-Level"", ""knowledge"": ""The mentor is asking for specific target situations."", ""evaluation"": {""timely"": 3, ""relevance"": 4, ""high-level"": 1, ""sentiment"": 0}}]}, ""response"": {""answer"": ""네, 저는 주로 가정 내 아동 학대와 방치 상황을 타겟으로 하고 있습니다. 이러한 상황을 빠르게 인지하고 대응하기 위해서 실시간 데이터 수집과 분석이 핵심이라고 생각합니다.""}}"
6,2024-08-14 6:15:39,user_feedaback,"{""user_input"": ""가정 내 아동학대 상황에 관심이 있군요. 정말 심각한 문제라 대응이 정말 필요한 문제임과 동시에 굉장히 다루기 어려운 문제인데요. 가정 내 아동학대의 주요 가해자는 누구인지 조사를 해보았나요?"", ""category"": [{""sentence"": ""가정 내 아동학대 상황에 관심이 있군요."", ""categories"": ""Statement"", ""type"": ""Evaluation""}, {""sentence"": ""정말 심각한 문제라 대응이 정말 필요한 문제임과 동시에 굉장히 다루기 어려운 문제인데요."", ""categories"": ""Statement"", ""type"": ""Evaluation""}, {""sentence"": ""가정 내 아동학대의 주요 가해자는 누구인지 조사를 해보았나요?"", ""categories"": ""Question"", ""type"": ""Low-Level""}], ""new_knowledge"": [""Understanding the specific context of the problem is essential for effective design."", ""Understanding the severity and complexity of the problem is essential for effective design."", ""Understanding the primary perpetrators of a problem can guide more effective design solutions.""], ""new_actionPlan"": [""Ensure that the design specifically addresses the unique challenges and needs of the target context."", ""Conduct thorough research to fully grasp the severity and complexity of the problem you are addressing."", ""Research and identify the main perpetrators of child abuse and neglect to tailor the wearable device's features accordingly.""], ""new_thinking"": ""문제의 구체적인 맥락을 이해하는 것이 효과적인 디자인에 필수적이구나. 문제의 심각성과 복잡성을 이해하는 것이 효과적인 디자인을 위해 필수적이구나. 주요 가해자를 파악하는 것이 더 효과적인 디자인 솔루션을 만드는 데 도움이 될 수 있겠구나."", ""evaluation"": {""sentences"": [{""sentence"": ""가정 내 아동학대 상황에 관심이 있군요."", ""categories"": ""Statement"", ""type"": ""Evaluation"", ""knowledge"": ""The student is interested in addressing child abuse situations at home."", ""evaluation"": {""specificity"": 3, ""justification"": 2, ""active"": 2, ""sentiment"": 0}}, {""sentence"": ""정말 심각한 문제라 대응이 정말 필요한 문제임과 동시에 굉장히 다루기 어려운 문제인데요."", ""categories"": ""Statement"", ""type"": ""Evaluation"", ""knowledge"": ""Child abuse at home is a serious and challenging issue that requires a response."", ""evaluation"": {""specificity"": 3, ""justification"": 3, ""active"": 2, ""sentiment"": 0}}, {""sentence"": ""가정 내 아동학대의 주요 가해자는 누구인지 조사를 해보았나요?"", ""categories"": ""Question"", ""type"": ""Low-Level"", ""knowledge"": ""The mentor is asking if the student has researched the main perpetrators of child abuse at home."", ""evaluation"": {""timely"": 3, ""relevance"": 4, ""high-level"": 1, ""sentiment"": 0}}]}, ""response"": {""answer"": ""가정 내 아동학대의 주요 가해자는 보통 부모나 가족 구성원이래요. 그런 만큼 비밀리에 감시하는 게 중요한데, 매일 찰 수 있는 팔찌 형태가 좋을 것 같아요.""}}"
6,2024-08-14 6:15:41,student_question,"{""question"": ""가정 내 아동학대 상황에서 팔찌 형태의 웨어러블 기기가 진짜 효과적으로 작용할 수 있을지에 대한 구체적인 피드백을 받을 수 있을까요?""}"
6,2024-08-14 6:17:12,user_feedaback,"{""user_input"": ""비밀리에 감시하기 위해 웨어러블 기기가 효과적일 수 있는데, 항상 착용하고 있는 기기인 경우 일상을 감시하게 되기 때문에 프라이버시 문제 등 심각한 인권 침해 문제와 연결 될 수 있어요. 그렇기 때문에 '비밀리에 감시'하는 것과는 다른 접근 방식이 필요할 것 같아요"", ""category"": [{""sentence"": ""비밀리에 감시하기 위해 웨어러블 기기가 효과적일 수 있는데,"", ""categories"": ""Statement"", ""type"": ""Evaluation""}, {""sentence"": ""항상 착용하고 있는 기기인 경우 일상을 감시하게 되기 때문에 프라이버시 문제 등 심각한 인권 침해 문제와 연결 될 수 있어요."", ""categories"": ""Statement"", ""type"": ""Evaluation""}, {""sentence"": ""그렇기 때문에 '비밀리에 감시'하는 것과는 다른 접근 방식이 필요할 것 같아요"", ""categories"": ""Statement"", ""type"": ""Recommendation""}], ""new_knowledge"": [""Ensuring the design can operate discreetly is crucial for its effectiveness."", ""Designs must consider privacy and human rights implications."", ""Designs should consider alternative approaches to achieve the intended goal.""], ""new_actionPlan"": [""Incorporate features that allow the device to function without drawing attention."", ""Evaluate the privacy and human rights implications of the wearable device and ensure it complies with relevant regulations."", ""Explore different methods of monitoring and protecting children that do not rely solely on secrecy.""], ""new_thinking"": ""디자인이 비밀리에 작동할 수 있도록 하는 것이 중요하구나. 디자인은 프라이버시와 인권 문제를 고려해야 해. 비밀리에 감시하는 것 외에도 다른 접근 방식을 고려해야겠어."", ""evaluation"": {""sentences"": [{""sentence"": ""비밀리에 감시하기 위해 웨어러블 기기가 효과적일 수 있는데,"", ""categories"": ""Statement"", ""type"": ""Evaluation"", ""knowledge"": ""Wearable devices can be effective for secret monitoring."", ""evaluation"": {""specificity"": 5, ""justification"": 4, ""active"": 3, ""sentiment"": 0}}, {""sentence"": ""항상 착용하고 있는 기기인 경우 일상을 감시하게 되기 때문에 프라이버시 문제 등 심각한 인권 침해 문제와 연결 될 수 있어요."", ""categories"": ""Statement"", ""type"": ""Evaluation"", ""knowledge"": ""Constantly worn devices can lead to privacy and human rights issues."", ""evaluation"": {""specificity"": 6, ""justification"": 6, ""active"": 4, ""sentiment"": -1}}, {""sentence"": ""그렇기 때문에 '비밀리에 감시'하는 것과는 다른 접근 방식이 필요할 것 같아요"", ""categories"": ""Statement"", ""type"": ""Recommendation"", ""knowledge"": ""A different approach is needed instead of secret monitoring."", ""evaluation"": {""specificity"": 5, ""justification"": 5, ""active"": 5, ""sentiment"": 0}}]}, ""response"": {""answer"": ""아, 감사합니다! 비밀리에 감시보다는 다른 접근 방식을 생각해봐야겠네요. 아동이 스스로 신고할 수 있는 기능을 좀 더 강화하는 방향으로 고민해볼게요.""}}"
6,2024-08-14 6:17:54,update_idea,"{""title"": ""아동의 안전을 위한 스마트 웨어러블 기기"", ""problem"": ""가정 내 아동 학대 및 방치 상황에서 신속하고 효과적인 대응을 가능하게 하는 것입니다. 특히 가해자가 주로 가족 구성원인 경우, 아동의 보호가 더욱 어려워질 수 있으므로, 아동이 위험을 경험할 때 스스로 도움을 요청할 수 있는 기능을 갖춘 디자인이 필요합니다."", ""idea"": ""이 웨어러블 기기는 아동의 손목에 착용하도록 디자인된 손목 시계 형태로, 크기와 디자인이 아이들에게 매력적이며 편안함을 제공하도록 제작됩니다. 기능으로는 GPS 위치 추적, 자동화된 위험 감지 시스템, 응급 호출 버튼, 그리고 간단한 환경 데이터 수집 기능(온도, 소리 센서)을 포함합니다. 자동화된 위험 감지 시스템은 아동의 심박수와 주변 소음을 분석하여 비정상적인 데이터를 감지하면 부모나 보호자의 스마트폰에 알림을 보내고, 필요한 경우 자동으로 최근 연락처나 경찰에 연결할 수 있는 기능을 포함합니다. 또한, 응급 호출 버튼은 아동이 직접 위험 상황을 인지하고 있을 때 쉽게 도움을 요청할 수 있도록 설계되어 있습니다. 이 디자인은 아동의 일상에서 자연스럽게 어울리면서도, 필요한 경우 즉각적인 대응을 할 수 있도록 돕습니다. 모든 기능은 보호자에게도 투명하게 보고되며, 아동의 프라이버시를 존중하면서도 안전을 최우선으로 고려합니다. 또한, 이 디자인은 관련 규정 및 법률을 준수하도록 개발되었습니다.""}"
6,2024-08-14 6:21:03,user_feedaback,"{""user_input"": ""그리고 동건님 아까 이야기했을 때 가정 내 아동학대의 주요 가해자는 부모나 가족 구성원이라는 점을 얘기했던 거 기억나죠? 아동의 경우 스스로 물품을 구매하기 보다는 부모가 다신 구매하는 경우가 많은데, 이런 웨어러블 기기가 출시되었을 때 아동에게 도달할 수 있으려면 부모를 설득해야할 수 있기 때문에 또 문제가 발생할 수 있어요. 부모를 설득할 필요 없이 제품을 복지 정책의 일환으로 무료로 나눠주는 상황을 가정해본다면, 예산이 많이 필요해 실현 가능성이 많이 떨어질 거에요. 웨어러블 기기가 아닌 다른 방향으로 생각해보는 건 어떨까요?"", ""category"": [{""sentence"": ""그리고 동건님 아까 이야기했을 때 가정 내 아동학대의 주요 가해자는 부모나 가족 구성원이라는 점을 얘기했던 거 기억나죠?"", ""categories"": ""Statement"", ""type"": ""Information""}, {""sentence"": ""아동의 경우 스스로 물품을 구매하기 보다는 부모가 다신 구매하는 경우가 많은데, 이런 웨어러블 기기가 출시되었을 때 아동에게 도달할 수 있으려면 부모를 설득해야할 수 있기 때문에 또 문제가 발생할 수 있어요."", ""categories"": ""Statement"", ""type"": ""Evaluation""}, {""sentence"": ""부모를 설득할 필요 없이 제품을 복지 정책의 일환으로 무료로 나눠주는 상황을 가정해본다면, 예산이 많이 필요해 실현 가능성이 많이 떨어질 거에요."", ""categories"": ""Statement"", ""type"": ""Evaluation""}, {""sentence"": ""웨어러블 기기가 아닌 다른 방향으로 생각해보는 건 어떨까요?"", ""categories"": ""Statement"", ""type"": ""Recommendation""}], ""new_knowledge"": [""Understanding the primary perpetrators of a problem can guide more effective design solutions."", ""Understanding the purchasing behavior of the target audience is crucial for effective design."", ""Ensuring the feasibility of the design within budget constraints is crucial."", ""Exploring alternative approaches can lead to more effective design solutions.""], ""new_actionPlan"": [""Ensure the design specifically addresses the behaviors and actions of the primary perpetrators identified."", ""Investigate the purchasing behavior of parents to ensure the design appeals to them and addresses their concerns."", ""Evaluate the cost-effectiveness of the design and explore ways to minimize expenses while maintaining functionality."", ""Consider different methods or technologies that could achieve the same goal of child protection without relying solely on wearable devices.""], ""new_thinking"": ""가정 내 아동학대의 주요 가해자가 부모나 가족 구성원이라는 점을 고려해야 해! 부모님의 구매 행동을 이해하는 것이 중요하구나. 디자인의 예산 제약 내에서 실현 가능성을 보장하는 것이 중요하구나. 웨어러블 기기가 아닌 다른 방향으로 생각해보는 건 어떨까?"", ""evaluation"": {""sentences"": [{""sentence"": ""그리고 동건님 아까 이야기했을 때 가정 내 아동학대의 주요 가해자는 부모나 가족 구성원이라는 점을 얘기했던 거 기억나죠?"", ""categories"": ""Statement"", ""type"": ""Information"", ""knowledge"": ""가정 내 아동학대의 주요 가해자는 부모나 가족 구성원이다."", ""evaluation"": {""specificity"": 5, ""justification"": 5, ""active"": 3, ""sentiment"": 0}}, {""sentence"": ""아동의 경우 스스로 물품을 구매하기 보다는 부모가 다신 구매하는 경우가 많은데, 이런 웨어러블 기기가 출시되었을 때 아동에게 도달할 수 있으려면 부모를 설득해야할 수 있기 때문에 또 문제가 발생할 수 있어요."", ""categories"": ""Statement"", ""type"": ""Evaluation"", ""knowledge"": ""아동의 경우 부모가 물품을 구매하는 경우가 많아 웨어러블 기기가 아동에게 도달하려면 부모를 설득해야 한다."", ""evaluation"": {""specificity"": 6, ""justification"": 6, ""active"": 4, ""sentiment"": -1}}, {""sentence"": ""부모를 설득할 필요 없이 제품을 복지 정책의 일환으로 무료로 나눠주는 상황을 가정해본다면, 예산이 많이 필요해 실현 가능성이 많이 떨어질 거에요."", ""categories"": ""Statement"", ""type"": ""Evaluation"", ""knowledge"": ""제품을 복지 정책의 일환으로 무료로 나눠주려면 예산이 많이 필요해 실현 가능성이 낮다."", ""evaluation"": {""specificity"": 6, ""justification"": 6, ""active"": 4, ""sentiment"": -1}}, {""sentence"": ""웨어러블 기기가 아닌 다른 방향으로 생각해보는 건 어떨까요?"", ""categories"": ""Statement"", ""type"": ""Recommendation"", ""knowledge"": ""웨어러블 기기 외의 다른 방향을 고려해볼 필요가 있다."", ""evaluation"": {""specificity"": 4, ""justification"": 4, ""active"": 5, ""sentiment"": 0}}]}, ""response"": {""answer"": ""네, 그 점 이해했어요. 웨어러블 기기 외의 다른 해법도 고민해 볼게요. 범죄 예방을 위해 학교나 복지 기관에서 주기적으로 사용하는 기기나 앱 형태로도 좋을 것 같아요.""}}"
6,2024-08-14 6:21:05,student_question,"{""question"": ""이제 저는 이 문제에 대해 웨어러블 기기 외의 접근 방식을 고민해보려 해요. 혹시 아동 보호 분야에서 추가적으로 고려해야 할 중요한 요소는 뭐가 있을까요?""}"
6,2024-08-14 6:23:02,user_feedaback,"{""user_input"": ""추가적으로 고려해야하는 중요한 요소는, 아동 학대 문제가 발생했을 때 주로 어떤 이해관계자가 도움을 줄 수 있는지에요. 동건님이 잘 말씀해주신 것처럼 학교나 복지 기관 관련자가 도움을 줄 수도 있고, 주변에 있는 동네 이웃이나 친구, 같이 살지 않는 친척 등이 도움이 될 수 있겠죠. 이런 다양한 이해관계자를 고려하는 것이 중요해요."", ""category"": [{""sentence"": ""추가적으로 고려해야하는 중요한 요소는, 아동 학대 문제가 발생했을 때 주로 어떤 이해관계자가 도움을 줄 수 있는지에요."", ""categories"": ""Statement"", ""type"": ""Recommendation""}, {""sentence"": ""동건님이 잘 말씀해주신 것처럼 학교나 복지 기관 관련자가 도움을 줄 수도 있고, 주변에 있는 동네 이웃이나 친구, 같이 살지 않는 친척 등이 도움이 될 수 있겠죠."", ""categories"": ""Statement"", ""type"": ""Information""}, {""sentence"": ""이런 다양한 이해관계자를 고려하는 것이 중요해요."", ""categories"": ""Statement"", ""type"": ""Recommendation""}], ""new_knowledge"": [""Identifying key stakeholders who can provide support in critical situations is essential."", ""Leveraging community support can enhance the effectiveness of a design."", ""Considering diverse stakeholders is crucial for effective design.""], ""new_actionPlan"": [""Identify and integrate key stakeholders who can provide immediate support when a problem arises."", ""Consider integrating community-based support systems into the design to enhance its effectiveness."", ""Identify and analyze the needs and perspectives of all stakeholders involved in the design.""], ""new_thinking"": ""중요한 상황에서 도움을 줄 수 있는 주요 이해관계자를 파악하는 것이 중요하구나. 커뮤니티 지원을 활용하면 디자인의 효과를 높일 수 있겠구나. 다양한 이해관계자를 고려하는 것이 중요하구나."", ""evaluation"": {""sentences"": [{""sentence"": ""추가적으로 고려해야하는 중요한 요소는, 아동 학대 문제가 발생했을 때 주로 어떤 이해관계자가 도움을 줄 수 있는지에요."", ""categories"": ""Statement"", ""type"": ""Recommendation"", ""knowledge"": ""Identify key stakeholders who can assist in child abuse situations."", ""evaluation"": {""specificity"": 5, ""justification"": 5, ""active"": 5, ""sentiment"": 1}}, {""sentence"": ""동건님이 잘 말씀해주신 것처럼 학교나 복지 기관 관련자가 도움을 줄 수도 있고, 주변에 있는 동네 이웃이나 친구, 같이 살지 않는 친척 등이 도움이 될 수 있겠죠."", ""categories"": ""Statement"", ""type"": ""Information"", ""knowledge"": ""Schools, welfare institutions, neighbors, friends, and relatives can assist in child abuse situations."", ""evaluation"": {""specificity"": 5, ""justification"": 5, ""active"": 0, ""sentiment"": 1}}, {""sentence"": ""이런 다양한 이해관계자를 고려하는 것이 중요해요."", ""categories"": ""Statement"", ""type"": ""Recommendation"", ""knowledge"": ""Consider various stakeholders in child protection."", ""evaluation"": {""specificity"": 4, ""justification"": 4, ""active"": 4, ""sentiment"": 1}}]}, ""response"": {""answer"": ""네, 다양한 이해관계자를 고려하는 것이 중요하겠네요. 학교나 복지 기관은 물론, 동네 이웃이나 친구, 같이 살지 않는 친척 등도 상황에 따라 중요한 역할을 할 수 있을 것 같아요. 이들을 어떻게 효과적으로 연결하고 협력할 수 있을지 고민해보겠습니다. 감사합니다.""}}"
6,2024-08-14 6:25:43,update_idea,"{""title"": ""통합적 아동 보호 솔루션"", ""problem"": ""가정 내 아동 학대와 방치 상황을 신속하게 인지하고 효과적으로 대응할 수 있는 방법을 모색하는 것입니다. 특히, 주요 가해자가 부모나 가족 구성원인 경우, 기기의 보급 및 사용에 대한 도전과 프라이버시 보호 문제를 해결해야 합니다."", ""idea"": ""이 솔루션은 여러 기술과 커뮤니티 기반의 접근 방식을 결합하여 아동 보호를 강화하는 데 중점을 두고 있습니다. 첫째, 스마트 홈 기술을 활용하여 가정 내 환경을 감시하고, 비정상적인 활동(예를 들어, 과도한 소음, 예상치 못한 실내 온도 변화 등)이 감지될 경우 실시간으로 관련 당국 또는 지정된 비상 연락망에 알림을 보내는 시스템을 개발합니다. 이 시스템은 가족 구성원 모두의 일상 생활에 자연스럽게 통합되며, 필요한 경우에만 활성화되어 프라이버시 침해 문제를 최소화합니다.\n\n둘째, 학교와 복지 기관에서 사용할 수 있는 아동 학대 예방 교육 프로그램과 앱을 개발합니다. 이 앱은 아동이 직접 위험 상황을 인지하고 신고할 수 있는 기능을 포함하여, 아동 스스로가 자신의 안전을 관리할 수 있도록 고려합니다. 앱은 친구나 동네 이웃, 친척이 쉽게 접근할 수 있도록 하여, 아동 보호 네트워크를 지역 커뮤니티 차원에서 구축하도록 합니다.\n\n셋째, 이 모든 기능을 통합 관리할 수 있는 중앙화된 대시보드를 구축하여, 학교 교사, 복지 기관 직원, 그리고 관련 당국이 필요한 정보를 신속하게 받고 효과적으로 반응할 수 있도록 합니다. 이 대시보드는 관련된 모든 이해관계자가 아동의 안전을 총체적으로 모니터링하고 개입할 수 있는 기능을 제공합니다.\n\n이러한 통합적 접근 방식은 아동의 안전을 보호하는 동시에 가정의 프라이버시를 존중하고, 아동 학대 예방을 향한 사회적 노력을 강화하며, 아동 본인과 커뮤니티 모두가 참여하는 환경을 조성하게 됩니다. 이는 지속 가능하고 비용 효율적인 솔루션을 제공함으로써 실제적인 문제 해결에 기여할 것입니다.""}"
6,2024-08-14 6:29:50,user_feedaback,"{""user_input"": ""너무 좋아요! 아주 구체적이면서 다양한 방향으로 아이디어를 내봤네요? 훌륭한 학생입니다... 말씀해준 통합적인 접근 방식으로 3가지를 모두 실현하면 정말 좋겠지만, 동건님의 프로젝트 듀가 이번 학기 말이기 때문에 셋 중에 한 가지 방향으로 구체화하는 걸 목표로 잡는 게 더 좋겠어요. 첫 번째로 말한 스마트홈 기술을 활용하여 가정 환경을 감시하는 것, 또는 두 번째로 말한 학교와 복지 기관에서 사용할 수 있는 아동 학대 예방 교육 프로그램과 앱을 개발하는 것 중 한 가지로 좁혀봅시다. 개인적으로는 두 번째 방향성이 실제로 더 효과가 있을 것 같아서 두 번째 방향성을 추천합니다. "", ""category"": [{""sentence"": ""너무 좋아요!"", ""categories"": ""Statement"", ""type"": ""Evaluation""}, {""sentence"": ""아주 구체적이면서 다양한 방향으로 아이디어를 내봤네요?"", ""categories"": ""Statement"", ""type"": ""Evaluation""}, {""sentence"": ""훌륭한 학생입니다..."", ""categories"": ""Statement"", ""type"": ""Evaluation""}, {""sentence"": ""말씀해준 통합적인 접근 방식으로 3가지를 모두 실현하면 정말 좋겠지만, 동건님의 프로젝트 듀가 이번 학기 말이기 때문에 셋 중에 한 가지 방향으로 구체화하는 걸 목표로 잡는 게 더 좋겠어요."", ""categories"": ""Statement"", ""type"": ""Recommendation""}, {""sentence"": ""첫 번째로 말한 스마트홈 기술을 활용하여 가정 환경을 감시하는 것, 또는 두 번째로 말한 학교와 복지 기관에서 사용할 수 있는 아동 학대 예방 교육 프로그램과 앱을 개발하는 것 중 한 가지로 좁혀봅시다."", ""categories"": ""Statement"", ""type"": ""Recommendation""}, {""sentence"": ""개인적으로는 두 번째 방향성이 실제로 더 효과가 있을 것 같아서 두 번째 방향성을 추천합니다."", ""categories"": ""Statement"", ""type"": ""Recommendation""}], ""new_knowledge"": [""Positive feedback indicates that the design idea is on the right track."", ""Designs should be comprehensive and consider multiple approaches."", ""Evaluating the design idea helps identify its strengths and weaknesses."", ""Focusing on a single approach can be more effective than trying to implement multiple solutions simultaneously."", ""Exploring multiple approaches can enhance the effectiveness of a design."", ""Considering multiple approaches can enhance the effectiveness of a design.""], ""new_actionPlan"": [""Continue refining and developing the current design idea while considering additional feedback."", ""Ensure the design incorporates various methods and perspectives to address the problem effectively."", ""Conduct a thorough evaluation of the current design idea to identify areas for improvement."", ""Prioritize and develop one key aspect of the design idea first before expanding to other features."", ""Consider integrating both smart home technology and educational programs to create a comprehensive solution."", ""Explore and integrate multiple approaches to address the problem more effectively.""], ""new_thinking"": ""긍정적인 피드백은 내가 올바른 방향으로 가고 있다는 신호야. 디자인은 종합적이어야 하고 다양한 접근 방식을 고려해야 해. 디자인 아이디어를 평가하는 것이 강점과 약점을 파악하는 데 도움이 되는구나. 여러 가지 솔루션을 동시에 구현하려고 하기보다는 한 가지 접근 방식을 우선적으로 개발하는 것이 더 효과적일 수 있겠어. 여러 접근 방식을 탐구하면 디자인의 효과를 높일 수 있겠구나. 여러 가지 접근 방식을 고려하면 디자인의 효과를 높일 수 있겠구나."", ""evaluation"": {""sentences"": [{""sentence"": ""너무 좋아요!"", ""categories"": ""Statement"", ""type"": ""Evaluation"", ""knowledge"": ""The mentor finds the idea very good."", ""evaluation"": {""specificity"": 1, ""justification"": 1, ""active"": 1, ""sentiment"": 1}}, {""sentence"": ""아주 구체적이면서 다양한 방향으로 아이디어를 내봤네요?"", ""categories"": ""Statement"", ""type"": ""Evaluation"", ""knowledge"": ""The mentor acknowledges the student's detailed and diverse ideas."", ""evaluation"": {""specificity"": 3, ""justification"": 2, ""active"": 1, ""sentiment"": 1}}, {""sentence"": ""훌륭한 학생입니다..."", ""categories"": ""Statement"", ""type"": ""Evaluation"", ""knowledge"": ""The mentor praises the student."", ""evaluation"": {""specificity"": 1, ""justification"": 1, ""active"": 1, ""sentiment"": 1}}, {""sentence"": ""말씀해준 통합적인 접근 방식으로 3가지를 모두 실현하면 정말 좋겠지만, 동건님의 프로젝트 듀가 이번 학기 말이기 때문에 셋 중에 한 가지 방향으로 구체화하는 걸 목표로 잡는 게 더 좋겠어요."", ""categories"": ""Statement"", ""type"": ""Recommendation"", ""knowledge"": ""The mentor suggests focusing on one of the three proposed approaches due to time constraints."", ""evaluation"": {""specificity"": 5, ""justification"": 5, ""active"": 5, ""sentiment"": 1}}, {""sentence"": ""첫 번째로 말한 스마트홈 기술을 활용하여 가정 환경을 감시하는 것, 또는 두 번째로 말한 학교와 복지 기관에서 사용할 수 있는 아동 학대 예방 교육 프로그램과 앱을 개발하는 것 중 한 가지로 좁혀봅시다."", ""categories"": ""Statement"", ""type"": ""Recommendation"", ""knowledge"": ""The mentor suggests narrowing down the focus to either smart home technology or educational programs and apps."", ""evaluation"": {""specificity"": 5, ""justification"": 5, ""active"": 5, ""sentiment"": 1}}, {""sentence"": ""개인적으로는 두 번째 방향성이 실제로 더 효과가 있을 것 같아서 두 번째 방향성을 추천합니다."", ""categories"": ""Statement"", ""type"": ""Recommendation"", ""knowledge"": ""The mentor personally recommends focusing on the educational programs and apps."", ""evaluation"": {""specificity"": 5, ""justification"": 5, ""active"": 5, ""sentiment"": 1}}]}, ""response"": {""answer"": ""감사합니다! 두 번째 방향인 학교와 복지 기관에서 사용할 수 있는 아동 학대 예방 교육 프로그램과 앱 개발로 좁혀보겠습니다. 앱을 통해 아동이 직접 위험 상황을 인지하고 신고할 수 있는 기능을 구체화하는데 초점을 맞추어 볼게요.""}}"
6,2024-08-14 6:29:52,student_question,"{""question"": ""아동 학대 예방 교육 프로그램과 앱을 개발하는 방향으로 좁혔는데, 이걸 더 구체화하기 위해 특히 어떤 행동을 먼저 취해야 할까요?""}"
6,2024-08-14 6:30:49,user_feedaback,"{""user_input"": ""현재 학교 등 기관에서 아동 학대 예방 교육 프로그램을 만들어 사용하고 있는데, 기존에 있는 프로그램을 어떻게 활용할 수 있을지를 먼저 살펴봅시다."", ""category"": [{""sentence"": ""현재 학교 등 기관에서 아동 학대 예방 교육 프로그램을 만들어 사용하고 있는데,"", ""categories"": ""Statement"", ""type"": ""Information""}, {""sentence"": ""기존에 있는 프로그램을 어떻게 활용할 수 있을지를 먼저 살펴봅시다."", ""categories"": ""Statement"", ""type"": ""Recommendation""}], ""new_knowledge"": [""Understanding the current usage of similar programs can provide valuable insights for design improvement."", ""Evaluating existing solutions can provide valuable insights for new designs.""], ""new_actionPlan"": [""Research existing child abuse prevention education programs in schools and welfare institutions to identify their strengths and weaknesses."", ""Research and analyze existing child protection programs to identify effective elements that can be incorporated into the new design.""], ""new_thinking"": ""현재 사용 중인 유사한 프로그램을 이해하면 디자인 개선에 유용한 통찰을 얻을 수 있어! 기존 프로그램을 분석하면 새로운 디자인에 유용한 요소를 찾을 수 있겠어."", ""evaluation"": {""sentences"": [{""sentence"": ""현재 학교 등 기관에서 아동 학대 예방 교육 프로그램을 만들어 사용하고 있는데,"", ""categories"": ""Statement"", ""type"": ""Information"", ""knowledge"": ""Schools and institutions already have child abuse prevention education programs."", ""evaluation"": {""specificity"": 5, ""justification"": 4, ""active"": 3, ""sentiment"": 0}}, {""sentence"": ""기존에 있는 프로그램을 어떻게 활용할 수 있을지를 먼저 살펴봅시다."", ""categories"": ""Statement"", ""type"": ""Recommendation"", ""knowledge"": ""Consider how to utilize existing child abuse prevention programs."", ""evaluation"": {""specificity"": 5, ""justification"": 5, ""active"": 6, ""sentiment"": 1}}]}, ""response"": {""answer"": ""기존 프로그램을 분석해 어떤 부분이 효과적인지, 부족한지 파악하는 게 중요해요. 앱 개발 시 이 점을 보완하는 방향으로 기획해 나가는 게 좋을 것 같아요.""}}"
6,2024-08-14 6:31:27,update_idea,"{""title"": ""통합적 아동 보호 솔루션"", ""problem"": ""아동 학대와 방치는 대부분 실내에서 발생하며, 이를 신속하게 인지하고 대응하는 것이 중요합니다. 그러나 기존 아동 보호 서비스는 주로 공간적 제약으로 인해 아동의 상황을 실시간으로 파악하고 빠르게 대응하기 어려운 점이 있습니다."", ""idea"": ""이 솔루션은 아동 보호를 위한 통합적 접근을 제안합니다. 첫째, 스마트홈 기술을 활용하여 가정 내 환경을 감시하고 비정상적 활동을 실시간으로 감지하여 관련 당국 및 비상 연락망에 알림을 보낼 수 있는 시스템을 개발합니다. 이 시스템은 가족 구성원 모두가 자연스럽게 사용할 수 있도록 디자인되며, 활성화는 필요한 경우에만 이루어져 프라이버시 침해를 최소화합니다.\n둘째, 학교 및 복지 기관에서 사용할 수 있는 아동 학대 예방 교육 프로그램과 앱을 개발합니다. 이 앱은 아동이 직접 위험 상황을 인지하고 신고할 수 있는 기능을 포함하며, 주변의 친구나 이웃, 친척 등이 쉽게 접근하고 사용할 수 있도록 개발됩니다. 이를 통해 아동 개인의 안전 관리 능력을 향상시키고 지역 커뮤니티 차원에서 아동 보호 네트워크를 구축할 수 있습니다.\n셋째, 아동의 상태를 효과적으로 모니터링할 수 있는 중앙화된 대시보드를 구축합니다. 이 대시보드는 학교 교사, 복지 기관 직원, 그리고 관련 당국이 필요한 정보를 신속하게 받고 효과적으로 대응할 수 있도록 돕습니다. 대시보드를 통한 정보 공유와 의사소통 강화는 모든 이해관계자가 총체적으로 아동의 안전을 모니터링하고 개입할 수 있는 기능을 제공합니다.\n이러한 통합적인 접근 방식은 아동의 안전한 발달 환경을 조성하고, 사회적으로 아동 학대를 예방하는 데 기여할 것입니다.""}"
6,2024-08-14 6:31:43,finish,