user_id,timestamp,tag,data
7,2024-08-12 2:47:04,start,
7,2024-08-12 2:48:26,user_feedaback,"{""user_input"": ""이러한 아이디어는 기존에 사람들이 사용하던 지도 어플리케이션에 적용될 예정인가요? 아니면 해당 기능을 담은 어플리케이션을 사람들이 직접 설치해야하는 형태인가요?"", ""category"": [{""sentence"": ""이러한 아이디어는 기존에 사람들이 사용하던 지도 어플리케이션에 적용될 예정인가요?"", ""categories"": ""Question"", ""type"": ""Low-Level""}, {""sentence"": ""아니면 해당 기능을 담은 어플리케이션을 사람들이 직접 설치해야하는 형태인가요?"", ""categories"": ""Question"", ""type"": ""Low-Level""}], ""new_knowledge"": [""기존의 사용자 경험을 고려하여 새로운 기능을 추가해야 한다."", ""Consider the ease of user adoption when designing new features.""], ""new_actionPlan"": [""현재 사용 중인 지도 애플리케이션의 사용자 경험을 분석하고, 저탄소 교통 정보를 자연스럽게 통합할 방법을 모색하자."", ""Ensure that the new feature can be easily installed and used by the target audience.""], ""new_thinking"": ""기존의 사용자 경험을 고려하여 새로운 기능을 추가해야 하는구나. 사용자들이 새로운 기능을 쉽게 설치하고 사용할 수 있도록 고려해야겠어."", ""evaluation"": {""sentences"": [{""sentence"": ""이러한 아이디어는 기존에 사람들이 사용하던 지도 어플리케이션에 적용될 예정인가요?"", ""categories"": ""Question"", ""type"": ""Low-Level"", ""knowledge"": ""Clarification on the implementation method of the idea."", ""evaluation"": {""timely"": 5, ""relevance"": 5, ""high-level"": 1, ""specificity"": 0, ""justification"": 0, ""active"": 0, ""sentiment"": 0}}, {""sentence"": ""아니면 해당 기능을 담은 어플리케이션을 사람들이 직접 설치해야하는 형태인가요?"", ""categories"": ""Question"", ""type"": ""Low-Level"", ""knowledge"": ""Clarification on whether a new application needs to be installed."", ""evaluation"": {""timely"": 5, ""relevance"": 5, ""high-level"": 1, ""specificity"": 0, ""justification"": 0, ""active"": 0, ""sentiment"": 0}}]}, ""response"": {""answer"": ""다양한 사람들에게 쉽게 접근할 수 있도록 기존 지도 어플리케이션에 해당 기능을 추가하는 것을 목표로 하고 있습니다.""}}"
7,2024-08-12 2:49:26,user_feedaback,"{""user_input"": ""그럼 실현을 위해 기존의 기업들에게 해당 기능을 추가하자고 제안하실 생각이신건가요?"", ""category"": [{""sentence"": ""그럼 실현을 위해 기존의 기업들에게 해당 기능을 추가하자고 제안하실 생각이신건가요?"", ""categories"": ""Question"", ""type"": ""Generate Design""}], ""new_knowledge"": [""기존 기업과의 협업을 통해 새로운 기능을 추가하는 방안을 고려해야 한다.""], ""new_actionPlan"": [""기존 지도 어플리케이션 기업과의 협업 가능성을 조사하고, 해당 기능을 추가하는 방안을 제안해보자.""], ""new_thinking"": ""기존 기업과 협업하면 더 쉽게 기능을 추가할 수 있겠구나."", ""evaluation"": {""sentences"": [{""sentence"": ""그럼 실현을 위해 기존의 기업들에게 해당 기능을 추가하자고 제안하실 생각이신건가요?"", ""categories"": ""Question"", ""type"": ""Generate Design"", ""knowledge"": ""The mentor is asking if the student plans to propose the feature addition to existing companies."", ""evaluation"": {""timely"": 6, ""relevance"": 6, ""high-level"": 5, ""specificity"": 0, ""justification"": 0, ""active"": 0, ""sentiment"": 0}}]}, ""response"": {""answer"": ""네 맞아요! 기업들에게 제안해서 기존 어플리케이션에 해당 기능을 추가하는 걸 생각하고 있어요.""}}"
7,2024-08-12 2:51:11,user_feedaback,"{""user_input"": ""지도 앱에 이러한 기능이 추가되는 것은 아이디어도 좋고 요즘 시대에 주목받을 수 있는 기능인 것 같기는해요! 근데 하나의 재미있는 아이디어에서 끝날 수도 있겠다는 생각이 드는데 이를 통해 수익화를 한다거나 다른 무언가를 더 해보고 싶다거나 하는 계획도 있나요?"", ""category"": [{""sentence"": ""지도 앱에 이러한 기능이 추가되는 것은 아이디어도 좋고 요즘 시대에 주목받을 수 있는 기능인 것 같기는해요!"", ""categories"": ""Statement"", ""type"": ""Evaluation""}, {""sentence"": ""근데 하나의 재미있는 아이디어에서 끝날 수도 있겠다는 생각이 드는데 이를 통해 수익화를 한다거나 다른 무언가를 더 해보고 싶다거나 하는 계획도 있나요?"", ""categories"": ""Question"", ""type"": ""Generate Design""}], ""new_knowledge"": [""새로운 기능이 사용자들에게 주목받을 수 있는지 평가해야 한다."", ""Consider how the design can generate revenue or offer additional value.""], ""new_actionPlan"": [""기능 추가가 사용자들에게 얼마나 주목받을 수 있을지 조사하고 평가해보자."", ""Explore potential revenue models or additional features that could enhance the value of the design.""], ""new_thinking"": ""새로운 기능이 사용자들에게 주목받을 수 있는지 평가해야겠어. 디자인이 수익을 창출하거나 추가 가치를 제공할 수 있는 방법을 고려해야겠어."", ""evaluation"": {""sentences"": [{""sentence"": ""지도 앱에 이러한 기능이 추가되는 것은 아이디어도 좋고 요즘 시대에 주목받을 수 있는 기능인 것 같기는해요!"", ""categories"": ""Statement"", ""type"": ""Evaluation"", ""knowledge"": ""Adding this feature to a map app is a good idea and can attract attention in today's era."", ""evaluation"": {""specificity"": 4, ""justification"": 3, ""active"": 2, ""sentiment"": 1}}, {""sentence"": ""근데 하나의 재미있는 아이디어에서 끝날 수도 있겠다는 생각이 드는데 이를 통해 수익화를 한다거나 다른 무언가를 더 해보고 싶다거나 하는 계획도 있나요?"", ""categories"": ""Question"", ""type"": ""Generate Design"", ""knowledge"": ""Is there a plan for monetization or further development beyond the initial idea?"", ""evaluation"": {""timely"": 5, ""relevance"": 5, ""high-level"": 4, ""specificity"": 0, ""justification"": 0, ""active"": 0, ""sentiment"": 0}}]}, ""response"": {""answer"": ""죄송하지만 수익화 방안은 아직 구체적으로 생각해보지 않았어요. 저탄소 교통 이용을 늘리는 목적만을 위해 시작한 아이디어라서요. 다른 수익화 방안이나 무언가 더 포함시킬만한 아이디어가 있다면 좋을 것 같아요.""}}"
7,2024-08-12 2:52:02,user_feedaback,"{""user_input"": ""아하 꼭 수익화를 시키지 않아도 되니까요. 다만 본인이 그런 계획이 있는지, 그러고 싶은 욕구가 있는지 확인하고 싶었어요."", ""category"": [{""sentence"": ""아하 꼭 수익화를 시키지 않아도 되니까요."", ""categories"": ""Statement"", ""type"": ""Evaluation""}, {""sentence"": ""다만 본인이 그런 계획이 있는지, 그러고 싶은 욕구가 있는지 확인하고 싶었어요."", ""categories"": ""Question"", ""type"": ""Judgmental""}], ""new_knowledge"": [""Not all design ideas need to focus on monetization."", ""Understand the user's motivations and needs to ensure the design aligns with their goals.""], ""new_actionPlan"": [""Ensure the primary goal of the design idea aligns with its intended purpose, even if it doesn't generate revenue."", ""Conduct user research to identify their motivations and needs related to the design idea.""], ""new_thinking"": ""모든 디자인 아이디어가 수익화에 초점을 맞출 필요는 없구나. 사용자의 동기와 필요를 이해해야 디자인이 그들의 목표와 일치할 수 있겠구나."", ""evaluation"": {""sentences"": [{""sentence"": ""아하 꼭 수익화를 시키지 않아도 되니까요."", ""categories"": ""Statement"", ""type"": ""Evaluation"", ""knowledge"": ""The idea does not necessarily need to be monetized."", ""evaluation"": {""specificity"": 3, ""justification"": 2, ""active"": 1, ""sentiment"": 0}}, {""sentence"": ""다만 본인이 그런 계획이 있는지, 그러고 싶은 욕구가 있는지 확인하고 싶었어요."", ""categories"": ""Question"", ""type"": ""Judgmental"", ""knowledge"": ""The mentor wants to know if the student has plans or desires for monetization."", ""evaluation"": {""timely"": 4, ""relevance"": 4, ""high-level"": 3, ""sentiment"": 0}}]}, ""response"": {""answer"": ""저는 수익화보다 저탄소 교통 이용 활성화에 큰 관심이 있습니다. 환경적인 지속 가능성을 개선하는 데 주력하고 싶습니다.""}}"
7,2024-08-12 2:53:46,user_feedaback,"{""user_input"": ""넵 좋습니다. 타겟 문제에서는 대중교통을 꺼리는 이유가 대중교통의 귀찮음 및 불편함 때문이라고 언급했어요. 다만 아이디어에서는 기존의 지도앱이 수행하는 것에서 발생 탄소량만 추가된 것 같은데, 이렇게 되면 언급된 문제를 잘 해결했다고 보기 어렵지 않을까요?"", ""category"": [{""sentence"": ""타겟 문제에서는 대중교통을 꺼리는 이유가 대중교통의 귀찮음 및 불편함 때문이라고 언급했어요."", ""categories"": ""Statement"", ""type"": ""Information""}, {""sentence"": ""다만 아이디어에서는 기존의 지도앱이 수행하는 것에서 발생 탄소량만 추가된 것 같은데,"", ""categories"": ""Statement"", ""type"": ""Evaluation""}, {""sentence"": ""이렇게 되면 언급된 문제를 잘 해결했다고 보기 어렵지 않을까요?"", ""categories"": ""Question"", ""type"": ""Deep Reasoning - Expectational""}], ""new_knowledge"": [""Identify and address the pain points that deter users from adopting the desired behavior."", ""Ensure that the new feature provides significant value beyond existing functionalities."", ""Consider how effectively the design addresses the identified problem.""], ""new_actionPlan"": [""Investigate the specific discomforts and inconveniences users face with public transportation and design solutions to mitigate them."", ""Evaluate how the new feature can offer unique benefits that are not currently available in existing map applications."", ""Evaluate if the proposed feature effectively solves the problem of encouraging low-carbon transportation.""], ""new_thinking"": ""사용자들이 대중교통을 꺼리는 이유를 파악하고 해결해야겠어. 기존 기능에 비해 새로운 기능이 얼마나 큰 가치를 제공하는지 평가해야겠어. 내 디자인이 문제를 얼마나 잘 해결하는지 평가해야겠어."", ""evaluation"": {""sentences"": [{""sentence"": ""타겟 문제에서는 대중교통을 꺼리는 이유가 대중교통의 귀찮음 및 불편함 때문이라고 언급했어요."", ""categories"": ""Statement"", ""type"": ""Information"", ""knowledge"": ""The target problem mentions that people avoid public transportation due to inconvenience and discomfort."", ""evaluation"": {""specificity"": 6, ""justification"": 5, ""active"": 3, ""sentiment"": 0}}, {""sentence"": ""다만 아이디어에서는 기존의 지도앱이 수행하는 것에서 발생 탄소량만 추가된 것 같은데,"", ""categories"": ""Statement"", ""type"": ""Evaluation"", ""knowledge"": ""The idea seems to only add carbon emission information to existing map app functionalities."", ""evaluation"": {""specificity"": 6, ""justification"": 5, ""active"": 3, ""sentiment"": 0}}, {""sentence"": ""이렇게 되면 언급된 문제를 잘 해결했다고 보기 어렵지 않을까요?"", ""categories"": ""Question"", ""type"": ""Deep Reasoning - Expectational"", ""knowledge"": ""Does adding carbon emission information effectively solve the mentioned problem?"", ""evaluation"": {""timely"": 6, ""relevance"": 6, ""high-level"": 5, ""sentiment"": 0}}]}, ""response"": {""answer"": ""아, 맞네요. 그러면 편리한 경로와 함께 혼잡도 정보를 제공하는 것도 좋을 것 같아요. 예를 들어, 특정 시간대의 혼잡도를 지도에 표시하면 덜 붐비는 시간에 대중교통을 이용할 수 있도록 유도할 수 있을 것 같습니다.""}}"
7,2024-08-12 2:55:51,user_feedaback,"{""user_input"": ""그런 부분이 있다면 조금 더 편하게 이용할 수 있을 것 같네요. 또한 지도 어플을 사용할 때 항상 배차간격으로 인해서 지도에 나온 예상 시간이 정확한지 의심할 때가 상당히 많았는데, 이러한 부분 또한 개선시킨다면 정말 좋을 것 같아요. 탄소 배출량을 보여준다는 작은 아이디어 같지만 이를 위해 편한 대중교통의 사용까지 목표를 확장한다면 앞으로 해볼 요소들도 풍부해질 것 같아요."", ""category"": [{""sentence"": ""그런 부분이 있다면 조금 더 편하게 이용할 수 있을 것 같네요."", ""categories"": ""Statement"", ""type"": ""Evaluation""}, {""sentence"": ""또한 지도 어플을 사용할 때 항상 배차간격으로 인해서 지도에 나온 예상 시간이 정확한지 의심할 때가 상당히 많았는데, 이러한 부분 또한 개선시킨다면 정말 좋을 것 같아요."", ""categories"": ""Statement"", ""type"": ""Recommendation""}, {""sentence"": ""탄소 배출량을 보여준다는 작은 아이디어 같지만 이를 위해 편한 대중교통의 사용까지 목표를 확장한다면 앞으로 해볼 요소들도 풍부해질 것 같아요."", ""categories"": ""Statement"", ""type"": ""Evaluation""}], ""new_knowledge"": [""Enhancing user convenience can significantly improve the adoption of a new feature."", ""Ensure the accuracy of estimated travel times in navigation applications."", ""Design features should not only provide information but also enhance user convenience.""], ""new_actionPlan"": [""Identify and implement ways to make the new feature more user-friendly and convenient."", ""Incorporate real-time data to improve the accuracy of travel time estimates in the design."", ""Incorporate features that improve the convenience of using public transportation, such as real-time congestion data.""], ""new_thinking"": ""사용자 편의성을 높이면 새로운 기능의 채택률이 크게 향상될 수 있겠구나. 지도 어플리케이션의 예상 시간 정확성을 높이는 것이 중요하구나. 단순히 정보를 제공하는 것만으로는 충분하지 않고 사용자 편의성을 높여야 해."", ""evaluation"": {""sentences"": [{""sentence"": ""그런 부분이 있다면 조금 더 편하게 이용할 수 있을 것 같네요."", ""categories"": ""Statement"", ""type"": ""Evaluation"", ""knowledge"": ""Improving convenience can enhance user experience."", ""evaluation"": {""specificity"": 3, ""justification"": 3, ""active"": 2, ""sentiment"": 1}}, {""sentence"": ""또한 지도 어플을 사용할 때 항상 배차간격으로 인해서 지도에 나온 예상 시간이 정확한지 의심할 때가 상당히 많았는데, 이러한 부분 또한 개선시킨다면 정말 좋을 것 같아요."", ""categories"": ""Statement"", ""type"": ""Recommendation"", ""knowledge"": ""Improving the accuracy of estimated times in map applications can enhance user trust."", ""evaluation"": {""specificity"": 5, ""justification"": 4, ""active"": 5, ""sentiment"": 1}}, {""sentence"": ""탄소 배출량을 보여준다는 작은 아이디어 같지만 이를 위해 편한 대중교통의 사용까지 목표를 확장한다면 앞으로 해볼 요소들도 풍부해질 것 같아요."", ""categories"": ""Statement"", ""type"": ""Evaluation"", ""knowledge"": ""Expanding the goal to include convenient public transportation usage can provide more opportunities for development."", ""evaluation"": {""specificity"": 4, ""justification"": 4, ""active"": 3, ""sentiment"": 1}}]}, ""response"": {""answer"": ""아 그렇네요! 배차간격도 중요한 문제죠. 실시간 배차 정보를 제공해서 정확한 도착 시간을 알려주면 더 편리해질 것 같아요. 고맙습니다!""}}"
7,2024-08-12 2:57:05,update_idea,"{""title"": ""저탄소 교통 이용을 장려하는 지능형 지도 서비스"", ""problem"": ""저탄소 교통의 이용을 증진시키고자 하는 목적으로 진행되는 본 프로젝트에서는 대중교통을 이용할 때 발생하는 불편함과 혼잡도와 같은 문제점을 해결하고자 합니다. 특히, 많은 사람들이 대중교통 이용 시 경험하는 대기 시간의 불확실성, 배차간격의 부정확성, 그리고 혼잡도에 대한 정보 부족으로 인해 개인 교통수단을 선호하는 경향이 있습니다. 이러한 문제들은 환경적 지속 가능성을 저해하며, 저탄소 교통의 이용률 감소에 기여합니다."", ""idea"": ""이 프로젝트의 목표는 대중교통 이용의 편리성과 접근성을 크게 개선하여 저탄소 교통 수단의 이용을 더욱 촉진하는 것입니다. 구체적으로, 기존의 지도 어플리케이션에 다음과 같은 기능들을 추가하고자 합니다: 1) 실시간 대중교통 도착 정보 및 배차간격 제공, 2) 특정 시간대의 혼잡도 정보 제공, 3) 저탄소 교통 이용 시 절약되는 탄소 배출량의 시각화. 이러한 정보들을 제공함으로써 사용자들이 대중교통을 보다 편리하고 효과적으로 이용할 수 있도록 유도하며, 환경 보호에도 기여할 수 있습니다. 이 기능들은 기존의 지도 애플리케이션 내의 통합을 통해 손쉽게 접근 가능하게 하며, 사용자 경험을 향상시키는 동시에 저탄소 교통 이용의 증진을 도모할 수 있습니다.""}"
7,2024-08-12 2:58:24,user_feedaback,"{""user_input"": ""저는 대중교통을 사용할 때 지도 앱을 많이 사용하고 있는데 아직도 언급된 기능들은 기존의 지도 앱이 제공하는 것에서 크게 다르지 않은 것 같아요. "", ""category"": [{""sentence"": ""저는 대중교통을 사용할 때 지도 앱을 많이 사용하고 있는데 아직도 언급된 기능들은 기존의 지도 앱이 제공하는 것에서 크게 다르지 않은 것 같아요."", ""categories"": ""Statement"", ""type"": ""Evaluation""}], ""new_knowledge"": [""Ensure that new features provide significant value beyond existing functionalities.""], ""new_actionPlan"": [""Evaluate the current design to ensure that the new features offer substantial improvements over existing map applications.""], ""new_thinking"": ""새로운 기능이 기존 기능보다 큰 가치를 제공해야 해."", ""evaluation"": {""sentences"": [{""sentence"": ""저는 대중교통을 사용할 때 지도 앱을 많이 사용하고 있는데 아직도 언급된 기능들은 기존의 지도 앱이 제공하는 것에서 크게 다르지 않은 것 같아요."", ""categories"": ""Statement"", ""type"": ""Evaluation"", ""knowledge"": ""The proposed features are not significantly different from existing map applications."", ""evaluation"": {""specificity"": 5, ""justification"": 4, ""active"": 3, ""sentiment"": -1}}]}, ""response"": {""answer"": ""아, 지금 말씀하신 부분을 고려해서 기능을 좀 더 구체화해야겠어요. 예를 들면, 사용자 맞춤형 경로 추천 기능이나, 대중교통내 혼잡도 정보를 보다 시각적으로 직관적으로 제공하는 방식으로 개선할 수 있을 것 같아요.""}}"
7,2024-08-12 2:59:36,user_feedaback,"{""user_input"": ""그러한 부분은 기술적으로 만들기가 까다롭지 않을까요? 아까 해당 아이디어를 기업ㅇ 제안해보신다고 하셨는데 그럼 탄소배출량 표기 이외의 기능들 또한 아이디어로만 우선 제안해볼 생각이신가요?\\"", ""category"": [{""sentence"": ""그러한 부분은 기술적으로 만들기가 까다롭지 않을까요?"", ""categories"": ""Question"", ""type"": ""Deep Reasoning""}, {""sentence"": ""아까 해당 아이디어를 기업ㅇ 제안해보신다고 하셨는데 그럼 탄소배출량 표기 이외의 기능들 또한 아이디어로만 우선 제안해볼 생각이신가요?"", ""categories"": ""Question"", ""type"": ""Generate Design""}], ""new_knowledge"": [""Consider the technical feasibility of implementing new features."", ""Consider proposing additional features beyond the primary idea to enhance the overall value.""], ""new_actionPlan"": [""Evaluate the technical challenges and feasibility of integrating the proposed features into existing applications."", ""Brainstorm and propose additional features that can complement the primary idea and enhance user experience.""], ""new_thinking"": ""새로운 기능을 구현하는 것이 기술적으로 가능한지 고려해야겠어. 주요 아이디어 외에도 추가 기능을 제안해보는 것이 좋겠어?"", ""evaluation"": {""sentences"": [{""sentence"": ""그러한 부분은 기술적으로 만들기가 까다롭지 않을까요?"", ""categories"": ""Question"", ""type"": ""Deep Reasoning"", ""knowledge"": ""The technical feasibility of the proposed features is questioned."", ""evaluation"": {""timely"": 5, ""relevance"": 6, ""high-level"": 5, ""specificity"": 0, ""justification"": 0, ""active"": 0, ""sentiment"": 0}}, {""sentence"": ""아까 해당 아이디어를 기업ㅇ 제안해보신다고 하셨는데 그럼 탄소배출량 표기 이외의 기능들 또한 아이디어로만 우선 제안해볼 생각이신가요?"", ""categories"": ""Question"", ""type"": ""Generate Design"", ""knowledge"": ""The mentor is asking if the student plans to propose additional features beyond carbon emission visualization."", ""evaluation"": {""timely"": 5, ""relevance"": 6, ""high-level"": 5, ""specificity"": 0, ""justification"": 0, ""active"": 0, ""sentiment"": 0}}]}, ""response"": {""answer"": ""기술적인 부분은 맞아요, 좀 까다로울 수 있어요. 제안 시 탄소배출량 표기와 함께 다양한 기능도 아이디어로 제안할 생각이에요. 이런 기능들이 사용자에게 큰 편의를 줄 테니, 기업도 관심을 가질 거라 생각해요.""}}"
7,2024-08-12 3:00:42,user_feedaback,"{""user_input"": ""기업이 관심을 가지려면 기업에게 돌아오는 이익이 투입되는 자원 대비 더 커야할 텐데 해당 아이디어로 기업을 설득해야 한다면 어떤 매력 포인트를 가지고 설득하실 예정인가요?"", ""category"": [{""sentence"": ""기업이 관심을 가지려면 기업에게 돌아오는 이익이 투입되는 자원 대비 더 커야할 텐데 해당 아이디어로 기업을 설득해야 한다면 어떤 매력 포인트를 가지고 설득하실 예정인가요?"", ""categories"": ""Question"", ""type"": ""Generate Design""}], ""new_knowledge"": [""Designs should offer clear benefits to attract corporate interest.""], ""new_actionPlan"": [""Identify and highlight the unique benefits and value propositions of the new features to attract corporate interest.""], ""new_thinking"": ""기업의 관심을 끌려면 명확한 이익을 제공해야 해."", ""evaluation"": {""sentences"": [{""sentence"": ""기업이 관심을 가지려면 기업에게 돌아오는 이익이 투입되는 자원 대비 더 커야할 텐데 해당 아이디어로 기업을 설득해야 한다면 어떤 매력 포인트를 가지고 설득하실 예정인가요?"", ""categories"": ""Question"", ""type"": ""Generate Design"", ""knowledge"": ""To attract corporate interest, the benefits must outweigh the resources invested."", ""evaluation"": {""timely"": 6, ""relevance"": 7, ""high-level"": 5, ""specificity"": 0, ""justification"": 0, ""active"": 0, ""sentiment"": 0}}]}, ""response"": {""answer"": ""기업들은 지속 가능한 경영에 많이 투자하고 있어요. 탄소 배출을 줄임으로써 이미지 개선과 고객 신뢰를 높일 수 있다고 강조할 예정이에요. 또 ESG (환경, 사회, 지배구조)를 고려하는 기업들이 점점 많아지고 있고, 이는 장기적인 경쟁력으로 이어질 수 있다고 설득할 거예요.""}}"
7,2024-08-12 3:01:24,user_feedaback,"{""user_input"": ""알겠습니다. 그럼 주제를 돌려서 탄소 배출량 같은 경우에는 어떻게 계산할 예정인가요?"", ""category"": [{""sentence"": ""그럼 주제를 돌려서 탄소 배출량 같은 경우에는 어떻게 계산할 예정인가요?"", ""categories"": ""Question"", ""type"": ""Low-Level""}], ""new_knowledge"": [""Ensure that the design includes clear methods for calculating and presenting key metrics.""], ""new_actionPlan"": [""Develop a clear and accurate method for calculating and displaying carbon emission savings in the application.""], ""new_thinking"": ""중요한 지표를 계산하고 제시하는 명확한 방법을 포함해야 해."", ""evaluation"": {""sentences"": [{""sentence"": ""그럼 주제를 돌려서 탄소 배출량 같은 경우에는 어떻게 계산할 예정인가요?"", ""categories"": ""Question"", ""type"": ""Low-Level"", ""knowledge"": ""The mentor is asking about the method for calculating carbon emissions."", ""evaluation"": {""timely"": 5, ""relevance"": 5, ""high-level"": 1, ""specificity"": 0, ""justification"": 0, ""active"": 0, ""sentiment"": 0}}]}, ""response"": {""answer"": ""죄송하지만 정확한 계산 방식은 아직 정하지 않았어요. 하지만 교통 수단별 평균 탄소 배출량 데이터를 활용할 계획입니다. 실시간 이용 데이터를 수집해 정교하게 계산하는 방법도 고려 중이에요.""}}"
7,2024-08-12 3:03:10,user_feedaback,"{""user_input"": ""방금 떠오른 아이디어인데 탄소 배출량이 낮은 경로 및 대중교통을 이용하는 사용자들에게 금전적인 혜택을 주는 것도 좋을 것 같아요. 탄소 배출량이 더 낮은 경우에는 교통비를 더 싸게 할인해주는 형식으로요"", ""category"": [{""sentence"": ""방금 떠오른 아이디어인데 탄소 배출량이 낮은 경로 및 대중교통을 이용하는 사용자들에게 금전적인 혜택을 주는 것도 좋을 것 같아요."", ""categories"": ""Statement"", ""type"": ""Recommendation""}, {""sentence"": ""탄소 배출량이 더 낮은 경우에는 교통비를 더 싸게 할인해주는 형식으로요."", ""categories"": ""Statement"", ""type"": ""Recommendation""}], ""new_knowledge"": [""Incentivizing users can enhance the adoption of desired behaviors."", ""Incentivizing users with cost savings can encourage the adoption of eco-friendly behaviors.""], ""new_actionPlan"": [""Consider adding features that provide tangible benefits or rewards to users for using low-carbon transportation."", ""Consider integrating a feature that highlights cost savings when using low-carbon transportation options.""], ""new_thinking"": ""사용자에게 인센티브를 제공하면 원하는 행동을 더 잘 유도할 수 있겠구나. 비용 절감 혜택을 제공하면 사용자들이 친환경 행동을 더 잘 따를 수 있겠구나."", ""evaluation"": {""sentences"": [{""sentence"": ""방금 떠오른 아이디어인데 탄소 배출량이 낮은 경로 및 대중교통을 이용하는 사용자들에게 금전적인 혜택을 주는 것도 좋을 것 같아요."", ""categories"": ""Statement"", ""type"": ""Recommendation"", ""knowledge"": ""금전적 혜택을 통해 저탄소 교통 이용을 장려할 수 있다."", ""evaluation"": {""specificity"": 5, ""justification"": 4, ""active"": 5, ""sentiment"": 1}}, {""sentence"": ""탄소 배출량이 더 낮은 경우에는 교통비를 더 싸게 할인해주는 형식으로요."", ""categories"": ""Statement"", ""type"": ""Recommendation"", ""knowledge"": ""탄소 배출량이 낮은 경우 교통비 할인을 제공할 수 있다."", ""evaluation"": {""specificity"": 5, ""justification"": 4, ""active"": 5, ""sentiment"": 1}}]}, ""response"": {""answer"": ""그 아이디어 정말 좋아요! 환경 보호와 금전적 인센티브 둘 다 제공하면 사용자 참여도가 높아질 거예요. 교통비 할인 같은 실질적인 혜택이 사용자에게 큰 동기를 부여할 것 같아요.""}}"
7,2024-08-12 3:03:50,update_idea,"{""title"": ""저탄소 교통 이용을 장려하는 지능형 지도 서비스"", ""problem"": ""대중교통을 이용하는 데 있어서의 불편함과 시간적 제약으로 인해 많은 사람들이 개인 교통수단을 선호하게 됩니다. 이로 인해 탄소 배출이 증가하며 환경 오염이 심화됩니다."", ""idea"": ""이 지도 서비스는 대중교통 이용을 보다 편리하고 매력적으로 만들어 저탄소 교통 사용을 촉진합니다. 서비스는 다음 기능을 포함합니다: 1) 실시간 대중교통 도착 정보 및 배차 간격, 2) 특정 시간대의 교통 혼잡도 정보, 3) 저탄소 교통 이용 시 절약되는 탄소 배출량의 시각화, 4) 사용자 맞춤형 경로 제안 및 혼잡도를 고려한 추천 경로, 5) 저탄소 교통 이용자를 위한 금전적 인센티브 제공(예: 교통비 할인). 이러한 기능들은 기업과 사용자 모두에게 혜택을 제공하며 환경 보호에 기여할 것입니다. 구체적으로, 저탄소 경로를 이용할 때마다 절약된 금액을 사용자에게 알려줘, 경제적인 이점을 제공합니다. 또한, 기업은 환경적 책임을 다함으로써 ESG 목표에 부합하는 이미지를 구축할 수 있습니다.""}"
7,2024-08-12 3:06:00,user_feedaback,"{""user_input"": ""동기부여를 위해 금전적 인센티브 외에도 어떤 점수가 쌓인다거나, 자신의 캐릭터를 키워간다거나 하는 게임 요소도 있다면 좋을 것 같아요. 지나가는 아이디어 정도로만 들어주세요."", ""category"": [{""sentence"": ""동기부여를 위해 금전적 인센티브 외에도 어떤 점수가 쌓인다거나, 자신의 캐릭터를 키워간다거나 하는 게임 요소도 있다면 좋을 것 같아요."", ""categories"": ""Statement"", ""type"": ""Recommendation""}], ""new_knowledge"": [""Incorporating gamification elements can enhance user engagement.""], ""new_actionPlan"": [""Consider adding gamification features such as point collection or character development to increase user engagement.""], ""new_thinking"": ""게이미피케이션 요소를 추가하면 사용자 참여도가 높아질 수 있겠어."", ""evaluation"": {""sentences"": [{""sentence"": ""동기부여를 위해 금전적 인센티브 외에도 어떤 점수가 쌓인다거나, 자신의 캐릭터를 키워간다거나 하는 게임 요소도 있다면 좋을 것 같아요."", ""categories"": ""Statement"", ""type"": ""Recommendation"", ""knowledge"": ""Adding gamification elements like point accumulation or character development can enhance user motivation."", ""evaluation"": {""specificity"": 6, ""justification"": 5, ""active"": 6, ""sentiment"": 1}}]}, ""response"": {""answer"": ""아, 게임 요소는 재미있고 몰입감을 높여줄 수 있을 것 같아요. 점수를 쌓거나 캐릭터를 성장시키는 기능도 추가하면 사용자들이 더 적극적으로 참여할 것 같아요. 의견 주셔서 감사합니다!""}}"
7,2024-08-12 3:06:18,finish,