user_id,timestamp,tag,data
7,2024-08-12 2:21:21,start,
7,2024-08-12 2:22:30,user_feedaback,"{""user_input"": ""아이디어 자체는 정말 필요하고 좋은 아이디어 같아요!"", ""category"": [{""sentence"": ""아이디어 자체는 정말 필요하고 좋은 아이디어 같아요!"", ""categories"": ""Statement"", ""type"": ""Evaluation""}], ""new_knowledge"": [""A strong and necessary idea is crucial for a successful design.""], ""new_actionPlan"": [""Ensure that the core idea of the design is both strong and necessary to address the identified problem effectively.""], ""new_thinking"": ""강력하고 필요한 아이디어가 성공적인 디자인에 필수적이다."", ""evaluation"": {""sentences"": [{""sentence"": ""아이디어 자체는 정말 필요하고 좋은 아이디어 같아요!"", ""categories"": ""Statement"", ""type"": ""Evaluation"", ""knowledge"": ""The idea is necessary and good."", ""evaluation"": {""specificity"": 2, ""justification"": 1, ""active"": 1, ""sentiment"": 1}}]}, ""response"": {""answer"": ""감사합니다! 조금 더 구체적으로 어떤 점이 좋다고 생각하시는지 여쭤봐도 될까요?""}}"
7,2024-08-12 2:23:29,user_feedaback,"{""user_input"": ""요즘 이런 문제들이 자주 일어나고 있으니 이에 공감하는 사람이 많을 것이라 생각해요! 하지만 우려되는 사항들이 조금 있어요"", ""category"": [{""sentence"": ""요즘 이런 문제들이 자주 일어나고 있으니 이에 공감하는 사람이 많을 것이라 생각해요!"", ""categories"": ""Statement"", ""type"": ""Evaluation""}, {""sentence"": ""하지만 우려되는 사항들이 조금 있어요"", ""categories"": ""Statement"", ""type"": ""Evaluation""}], ""new_knowledge"": [""Identifying and addressing common problems can make a design more relevant and impactful."", ""Identifying potential concerns early can help refine and strengthen a design.""], ""new_actionPlan"": [""Ensure that the design idea addresses common and current problems to increase its relevance and impact."", ""Identify and address potential concerns in the current design to ensure its robustness.""], ""new_thinking"": ""공통적인 문제를 해결하는 것이 디자인의 영향력을 높일 수 있겠구나. 잠재적인 우려 사항을 미리 파악하는 것이 디자인을 강화하는 데 도움이 될 수 있어."", ""evaluation"": {""sentences"": [{""sentence"": ""요즘 이런 문제들이 자주 일어나고 있으니 이에 공감하는 사람이 많을 것이라 생각해요!"", ""categories"": ""Statement"", ""type"": ""Evaluation"", ""knowledge"": ""Many people will empathize with the problem as it is common."", ""evaluation"": {""specificity"": 3, ""justification"": 4, ""active"": 2, ""sentiment"": 1}}, {""sentence"": ""하지만 우려되는 사항들이 조금 있어요"", ""categories"": ""Statement"", ""type"": ""Evaluation"", ""knowledge"": ""There are some concerns."", ""evaluation"": {""specificity"": 2, ""justification"": 3, ""active"": 2, ""sentiment"": -1}}]}, ""response"": {""answer"": ""네, 맞습니다. 요즘 반려동물 입양과 관련된 문제가 많이 발생하고 있어서 많은 사람들이 공감할 것 같아요. 우려되는 사항은 어떤 부분인지 구체적으로 말씀해주시면 감사하겠습니다.""}}"
7,2024-08-12 2:24:46,user_feedaback,"{""user_input"": ""일단 이러한 플랫폼을 통해 반려동물을 입양하는 것이 법적으로 강제되는 것이 아니기 때문에 사람들의 입장에서는 다양한 플랫폼 중에 원하는 플랫폼을 선택하여 입양하게 될텐데, 그렇게 되면 입양 전 절차가 까다로운 해당 플랫폼은 유저들에게 상당히 불편하지 않을까요?"", ""category"": [{""sentence"": ""일단 이러한 플랫폼을 통해 반려동물을 입양하는 것이 법적으로 강제되는 것이 아니기 때문에 사람들의 입장에서는 다양한 플랫폼 중에 원하는 플랫폼을 선택하여 입양하게 될텐데,"", ""categories"": ""Statement"", ""type"": ""Evaluation""}, {""sentence"": ""그렇게 되면 입양 전 절차가 까다로운 해당 플랫폼은 유저들에게 상당히 불편하지 않을까요?"", ""categories"": ""Question"", ""type"": ""Deep Reasoning""}], ""new_knowledge"": [""Providing multiple options can increase user engagement and satisfaction."", ""Ensuring a seamless and user-friendly process is crucial for user satisfaction.""], ""new_actionPlan"": [""Consider offering various adoption platforms or services to cater to different user preferences."", ""Review and streamline the adoption process to minimize complexity and inconvenience for users.""], ""new_thinking"": ""다양한 선택지를 제공하면 사용자 참여와 만족도가 높아질 수 있겠구나. 사용자들이 불편하지 않도록 입양 절차를 간소화하는 것이 중요하구나."", ""evaluation"": {""sentences"": [{""sentence"": ""일단 이러한 플랫폼을 통해 반려동물을 입양하는 것이 법적으로 강제되는 것이 아니기 때문에 사람들의 입장에서는 다양한 플랫폼 중에 원하는 플랫폼을 선택하여 입양하게 될텐데,"", ""categories"": ""Statement"", ""type"": ""Evaluation"", ""knowledge"": ""The platform is not legally mandatory, so users may choose other platforms."", ""evaluation"": {""specificity"": 5, ""justification"": 5, ""active"": 3, ""sentiment"": 0}}, {""sentence"": ""그렇게 되면 입양 전 절차가 까다로운 해당 플랫폼은 유저들에게 상당히 불편하지 않을까요?"", ""categories"": ""Question"", ""type"": ""Deep Reasoning"", ""knowledge"": ""The platform's stringent pre-adoption procedures may inconvenience users."", ""evaluation"": {""timely"": 5, ""relevance"": 5, ""high-level"": 5, ""sentiment"": 0}}]}, ""response"": {""answer"": ""맞아요, 절차가 까다로우면 사람들이 덜 이용할 것 같아요. 교육 과정이나 평가 절차를 좀 더 유연하고 접근성 있게 만들어야 할 것 같네요.""}}"
7,2024-08-12 2:24:47,student_question,"{""question"": ""선생님, 입양 절차가 까다로워 사람들이 덜 이용할 것이라는 우려를 해결하기 위해 UX 개선 방향에 대해 조언해주실 부분이 있을까요?""}"
7,2024-08-12 2:26:04,user_feedaback,"{""user_input"": ""좀 더 신중한 입양을 위한 절차니 해당 부분이 사라지면 이 플랫폼의 가치도 사라지는 것 같기는 합니다. 따라서 이러한 불편함을 상쇄할 수 있는 이득을 사람들에게 어떻게 줄 수 있을지 생각해보는 것이 좋을 것 같아요!"", ""category"": [{""sentence"": ""좀 더 신중한 입양을 위한 절차니 해당 부분이 사라지면 이 플랫폼의 가치도 사라지는 것 같기는 합니다."", ""categories"": ""Statement"", ""type"": ""Evaluation""}, {""sentence"": ""따라서 이러한 불편함을 상쇄할 수 있는 이득을 사람들에게 어떻게 줄 수 있을지 생각해보는 것이 좋을 것 같아요!"", ""categories"": ""Statement"", ""type"": ""Recommendation""}], ""new_knowledge"": [""Maintaining the core value of a design is essential for its success."", ""Understanding user pain points and addressing them effectively can enhance user experience.""], ""new_actionPlan"": [""Ensure that any simplifications or changes to the process do not compromise the core value and purpose of the design."", ""Identify potential user pain points in the adoption process and develop strategies to mitigate them.""], ""new_thinking"": ""디자인의 핵심 가치를 유지하는 것이 성공의 열쇠다. 사용자들이 겪을 수 있는 불편함을 이해하고 효과적으로 해결하는 것이 사용자 경험을 향상시킬 수 있겠구나."", ""evaluation"": {""sentences"": [{""sentence"": ""좀 더 신중한 입양을 위한 절차니 해당 부분이 사라지면 이 플랫폼의 가치도 사라지는 것 같기는 합니다."", ""categories"": ""Statement"", ""type"": ""Evaluation"", ""knowledge"": ""The value of the platform lies in its thorough adoption procedures."", ""evaluation"": {""specificity"": 5, ""justification"": 6, ""active"": 3, ""sentiment"": 0}}, {""sentence"": ""따라서 이러한 불편함을 상쇄할 수 있는 이득을 사람들에게 어떻게 줄 수 있을지 생각해보는 것이 좋을 것 같아요!"", ""categories"": ""Statement"", ""type"": ""Recommendation"", ""knowledge"": ""Consider how to provide benefits that offset the inconvenience of the adoption process."", ""evaluation"": {""specificity"": 4, ""justification"": 5, ""active"": 6, ""sentiment"": 1}}]}, ""response"": {""answer"": ""불편함을 상쇄할 수 있는 이득으로 입양자에게 지속적인 반려동물 용품 할인 혜택이나 무료 건강 검진 같은 서비스를 제공하면 어떨까요?""}}"
7,2024-08-12 2:27:50,user_feedaback,"{""user_input"": ""나쁘지는 않은 것 같아요! 다만 사람들이 해당 플랫폼을 사용하게 만들기 위해서는 좀 더 충분한 검증이 필요해보이네요! 그래도 평소 이러한 문제에 관심을 가지던 사람들에게는 매력적인 재품이 될 것 같아요."", ""category"": [{""sentence"": ""나쁘지는 않은 것 같아요!"", ""categories"": ""Statement"", ""type"": ""Evaluation""}, {""sentence"": ""다만 사람들이 해당 플랫폼을 사용하게 만들기 위해서는 좀 더 충분한 검증이 필요해보이네요!"", ""categories"": ""Statement"", ""type"": ""Recommendation""}, {""sentence"": ""그래도 평소 이러한 문제에 관심을 가지던 사람들에게는 매력적인 재품이 될 것 같아요."", ""categories"": ""Statement"", ""type"": ""Evaluation""}], ""new_knowledge"": [""Receiving positive feedback can validate the direction of a design."", ""Providing sufficient incentives can encourage users to engage with a design despite potential inconveniences."", ""Identifying and addressing common problems can make a design more relevant and impactful.""], ""new_actionPlan"": [""Continue refining the design while maintaining the core elements that received positive feedback."", ""Consider adding more attractive incentives such as discounts or free services to make the platform more appealing to users."", ""Ensure the design addresses common problems effectively to make it more appealing and relevant to users.""], ""new_thinking"": ""긍정적인 피드백을 받으면 디자인 방향이 올바르다는 것을 확인할 수 있어! 사용자들이 불편함을 감수하고도 플랫폼을 이용하게 하려면 충분한 인센티브를 제공해야겠어! 일반적인 문제를 해결하는 것이 디자인을 더 매력적이고 영향력 있게 만들 수 있겠구나."", ""evaluation"": {""sentences"": [{""sentence"": ""나쁘지는 않은 것 같아요!"", ""categories"": ""Statement"", ""type"": ""Evaluation"", ""knowledge"": ""The idea is not bad."", ""evaluation"": {""specificity"": 2, ""justification"": 1, ""active"": 1, ""sentiment"": 1}}, {""sentence"": ""다만 사람들이 해당 플랫폼을 사용하게 만들기 위해서는 좀 더 충분한 검증이 필요해보이네요!"", ""categories"": ""Statement"", ""type"": ""Recommendation"", ""knowledge"": ""The platform needs more validation to attract users."", ""evaluation"": {""specificity"": 4, ""justification"": 3, ""active"": 4, ""sentiment"": 0}}, {""sentence"": ""그래도 평소 이러한 문제에 관심을 가지던 사람들에게는 매력적인 재품이 될 것 같아요."", ""categories"": ""Statement"", ""type"": ""Evaluation"", ""knowledge"": ""The product will be attractive to people who are already interested in the issue."", ""evaluation"": {""specificity"": 3, ""justification"": 2, ""active"": 2, ""sentiment"": 1}}]}, ""response"": {""answer"": ""검증을 어떻게 더 충분히 할 수 있을까요? 예를 들면 데이터 수집이나 사용자 테스트 같은 걸 말하시는 건가요?""}}"
7,2024-08-12 2:27:51,student_question,"{""question"": ""입양 절차를 좀 더 유연하고 접근성 있게 만들기 위해 어떤 디자인적 요소를 고려해야 할까요?""}"
7,2024-08-12 2:29:11,user_feedaback,"{""user_input"": ""그러한 테스트들을 통해서 사람들이 어떻게 하면 앞서 언급한 불편함에도 불구하고 플랫폼을 사용할지 알아내면 좋을 것 같아요!"", ""category"": [{""sentence"": ""그러한 테스트들을 통해서 사람들이 어떻게 하면 앞서 언급한 불편함에도 불구하고 플랫폼을 사용할지 알아내면 좋을 것 같아요!"", ""categories"": ""Statement"", ""type"": ""Recommendation""}], ""new_knowledge"": [""Understanding user motivations can help design more appealing solutions.""], ""new_actionPlan"": [""Conduct user research to identify motivations and design features that can offset any inconveniences.""], ""new_thinking"": ""사용자들의 동기를 이해하면 더 매력적인 솔루션을 설계할 수 있겠어."", ""evaluation"": {""sentences"": [{""sentence"": ""그러한 테스트들을 통해서 사람들이 어떻게 하면 앞서 언급한 불편함에도 불구하고 플랫폼을 사용할지 알아내면 좋을 것 같아요!"", ""categories"": ""Statement"", ""type"": ""Recommendation"", ""knowledge"": ""Testing can help understand how to make the platform appealing despite its inconveniences."", ""evaluation"": {""specificity"": 5, ""justification"": 4, ""active"": 5, ""sentiment"": 1}}]}, ""response"": {""answer"": ""불편에도 불구하고 사용할 수 있도록 설득력 있는 이유를 더하면 좋을 것 같아요. 예를 들어, 반려동물 입양 후 일어날 수 있는 문제들을 해결하거나 예방할 수 있는 기능을 강화시키면 사람들이 더 관심을 가질 것 같아요.""}}"
7,2024-08-12 2:31:14,user_feedaback,"{""user_input"": ""네 그런식으로 반려동물에 관한 다방면의 문제들을 신경쓴다면 브랜드의 이미지적으로도 좋을 것 같네요. 또한 입양 전 평가를 마치 MBTI를 검사하듯이 자신은 어떤 유형의 주인인지, 어떤 종과 잘 어올리는지 등을 알 수 있는 테스트 형식으로 만든다면 사람들이 덜 귀찮아하며 재미있게 검사할 수 있지 않을까요?"", ""category"": [{""sentence"": ""네 그런식으로 반려동물에 관한 다방면의 문제들을 신경쓴다면 브랜드의 이미지적으로도 좋을 것 같네요."", ""categories"": ""Statement"", ""type"": ""Evaluation""}, {""sentence"": ""또한 입양 전 평가를 마치 MBTI를 검사하듯이 자신은 어떤 유형의 주인인지, 어떤 종과 잘 어올리는지 등을 알 수 있는 테스트 형식으로 만든다면 사람들이 덜 귀찮아하며 재미있게 검사할 수 있지 않을까요?"", ""categories"": ""Statement"", ""type"": ""Recommendation""}], ""new_knowledge"": [""Addressing multiple aspects of a problem can enhance the overall impact of a design."", ""Using engaging and relatable methods can make evaluation processes more appealing to users.""], ""new_actionPlan"": [""Ensure that the design addresses various aspects of the problem comprehensively to create a more impactful solution."", ""Develop an engaging and relatable evaluation method to make the assessment process more appealing to users.""], ""new_thinking"": ""여러 측면의 문제를 신경 쓰면 브랜드의 이미지적으로도 좋을 것 같아. 평가 과정을 더 매력적으로 만들기 위해 흥미롭고 공감할 수 있는 방법을 사용해야겠어."", ""evaluation"": {""sentences"": [{""sentence"": ""네 그런식으로 반려동물에 관한 다방면의 문제들을 신경쓴다면 브랜드의 이미지적으로도 좋을 것 같네요."", ""categories"": ""Statement"", ""type"": ""Evaluation"", ""knowledge"": ""Addressing various pet-related issues can enhance the brand's image."", ""evaluation"": {""specificity"": 5, ""justification"": 4, ""active"": 3, ""sentiment"": 1}}, {""sentence"": ""또한 입양 전 평가를 마치 MBTI를 검사하듯이 자신은 어떤 유형의 주인인지, 어떤 종과 잘 어올리는지 등을 알 수 있는 테스트 형식으로 만든다면 사람들이 덜 귀찮아하며 재미있게 검사할 수 있지 않을까요?"", ""categories"": ""Statement"", ""type"": ""Recommendation"", ""knowledge"": ""Creating a pre-adoption evaluation similar to an MBTI test can make the process more engaging and less cumbersome."", ""evaluation"": {""specificity"": 6, ""justification"": 5, ""active"": 6, ""sentiment"": 1}}]}, ""response"": {""answer"": ""선생님 말씀처럼 흥미롭고 재미있는 테스트 형식으로 만들어서 입양자들이 덜 귀찮아하도록 해야겠어요. 입양자의 성향과 어떤 종류의 반려동물이 잘 맞는지 알아볼 수 있는 유형 검사도 좋은 아이디어 같아요.""}}"
7,2024-08-12 2:32:30,user_feedaback,"{""user_input"": ""해당 플랫폼을 운영하기 위해서는 많은 전문가 및 기업의 인력이 필요해보이는데 실현 가능성에 대해서는 얼마나 생각해보았나요? 또한 매출은 어떻게 만드는 플랫폼인가요?"", ""category"": [{""sentence"": ""해당 플랫폼을 운영하기 위해서는 많은 전문가 및 기업의 인력이 필요해보이는데 실현 가능성에 대해서는 얼마나 생각해보았나요?"", ""categories"": ""Question"", ""type"": ""Deep Reasoning""}, {""sentence"": ""또한 매출은 어떻게 만드는 플랫폼인가요?"", ""categories"": ""Question"", ""type"": ""Low-Level""}], ""new_knowledge"": [""Collaborating with experts and organizations can enhance the feasibility and credibility of a design."", ""Understanding the core value proposition of a design is essential for its success.""], ""new_actionPlan"": [""Seek partnerships with relevant experts and organizations to validate and support the design idea."", ""Clearly define and communicate the unique value proposition of the platform to potential users.""], ""new_thinking"": ""전문가와 조직과의 협업이 디자인의 실현 가능성과 신뢰성을 높일 수 있겠구나. 디자인의 핵심 가치를 명확히 이해하고 전달하는 것이 중요하구나."", ""evaluation"": {""sentences"": [{""sentence"": ""해당 플랫폼을 운영하기 위해서는 많은 전문가 및 기업의 인력이 필요해보이는데 실현 가능성에 대해서는 얼마나 생각해보았나요?"", ""categories"": ""Question"", ""type"": ""Deep Reasoning"", ""knowledge"": ""The feasibility of the platform requires consideration of the necessary experts and corporate manpower."", ""evaluation"": {""timely"": 6, ""relevance"": 7, ""high-level"": 5, ""specificity"": 0, ""justification"": 0, ""active"": 0, ""sentiment"": 0}}, {""sentence"": ""또한 매출은 어떻게 만드는 플랫폼인가요?"", ""categories"": ""Question"", ""type"": ""Low-Level"", ""knowledge"": ""The platform's revenue generation method needs to be considered."", ""evaluation"": {""timely"": 5, ""relevance"": 6, ""high-level"": 2, ""specificity"": 0, ""justification"": 0, ""active"": 0, ""sentiment"": 0}}]}, ""response"": {""answer"": ""플랫폼 운영을 위해 많은 전문가 및 기업 인력이 필요할 것 같아요. 실현 가능성은 아직 많이 고민해보지 못했지만, 유기동물 보호 단체와 협력하면 초기 비용을 낮출 수 있을 것 같아요. 매출은 입양자들에게 정기적 후원 프로그램이나 프리미엄 서비스 제공으로 만들어야겠어요.""}}"
7,2024-08-12 2:33:11,user_feedaback,"{""user_input"": ""프리미엄 서비스는 어떻게 차별화 되나요?"", ""category"": [{""sentence"": ""프리미엄 서비스는 어떻게 차별화 되나요?"", ""categories"": ""Question"", ""type"": ""Generate Design""}], ""new_knowledge"": [""Differentiating premium services can enhance user engagement and satisfaction.""], ""new_actionPlan"": [""Develop distinct premium services that offer unique benefits to users, making them feel valued and engaged.""], ""new_thinking"": ""프리미엄 서비스를 차별화하면 사용자 참여와 만족도를 높일 수 있겠구나."", ""evaluation"": {""sentences"": [{""sentence"": ""프리미엄 서비스는 어떻게 차별화 되나요?"", ""categories"": ""Question"", ""type"": ""Generate Design"", ""knowledge"": ""The mentor is asking how the premium service will be differentiated."", ""evaluation"": {""timely"": 5, ""relevance"": 5, ""high-level"": 4, ""specificity"": 0, ""justification"": 0, ""active"": 0, ""sentiment"": 0}}]}, ""response"": {""answer"": ""프리미엄 서비스는 구체적으로 반려동물 입양 후의 지속적인 지원을 강화하는 방향으로 차별화할 예정입니다. 예를 들어, 24시간 상담 서비스, 전문 수의사와의 정기적인 헬스 체크업, 그리고 프리미엄 사료나 장난감 정기 배송 서비스를 제공하려고 합니다.""}}"
7,2024-08-12 2:34:25,update_idea,"{""title"": ""Petit - 책임감 있는 반려동물 입양 플랫폼"", ""problem"": ""반려동물 입양 후 적절한 돌봄을 제공하지 못해 유기동물로 전락하는 사례가 증가하고 있습니다. 입양 과정에서 충분한 교육과 준비 절차 부족, 예상치 못한 비용 및 시간 소모로 인해 반려동물의 건강과 복지가 소홀히 되는 것이 주요 원인입니다."", ""idea"": ""Petit은 입양 전후 교육과 지원 시스템을 통해 입양자들이 충분한 지식과 책임감을 갖출 수 있도록 돕습니다. 입양 희망자는 동물의 기본적인 돌봄 지식, 건강 관리, 훈련 방법을 배우는 온라인 교육 프로그램을 이수하고 평가를 통해 입양 준비를 체크합니다. 교육은 재미있고 이해하기 쉬운 테스트 형식으로 구성되어 입양자들의 관심과 참여를 유도합니다. 입양 절차는 생활 환경, 경제적 능력 검토와 가정 방문을 포함해 신중하게 진행되며, 입양 후에는 정기적인 체크인과 온라인 상태 보고를 통해 지속적인 지원을 제공합니다. 불편함을 상쇄할 수 있도록 입양자에게는 반려동물 용품 할인, 무료 건강 검진 등 다양한 혜택을 제공하며, 프리미엄 서비스로는 24시간 상담 서비스, 정기적인 헬스 체크업, 프리미엄 사료 및 장난감 정기 배송 등을 포함합니다. 이러한 서비스는 입양 후 발생할 수 있는 문제를 예방하고 해결하는 데 크게 기여할 것입니다.""}"
7,2024-08-12 2:36:11,user_feedaback,"{""user_input"": ""그렇다면 해당 프리미엄 서비스는 일반적으로 저 모든 서비스를 누리는데 지불해야하는 비용과 비교해보았을때 가격이 훨씬 저렴한 편인가요? "", ""category"": [{""sentence"": ""그렇다면 해당 프리미엄 서비스는 일반적으로 저 모든 서비스를 누리는데 지불해야하는 비용과 비교해보았을때 가격이 훨씬 저렴한 편인가요?"", ""categories"": ""Question"", ""type"": ""Comparison""}], ""new_knowledge"": [""Comparing the cost-effectiveness of premium services can help in making them more attractive to users.""], ""new_actionPlan"": [""Analyze the cost-effectiveness of the premium services and ensure they provide significant value compared to their cost.""], ""new_thinking"": ""프리미엄 서비스의 비용 대비 효과를 비교해보는 것이 중요하겠구나."", ""evaluation"": {""sentences"": [{""sentence"": ""그렇다면 해당 프리미엄 서비스는 일반적으로 저 모든 서비스를 누리는데 지불해야하는 비용과 비교해보았을때 가격이 훨씬 저렴한 편인가요?"", ""categories"": ""Question"", ""type"": ""Comparison"", ""knowledge"": ""The mentor is asking if the premium service is significantly cheaper compared to the cost of availing all those services individually."", ""evaluation"": {""timely"": 5, ""relevance"": 5, ""high-level"": 4, ""specificity"": 0, ""justification"": 0, ""active"": 0, ""sentiment"": 0}}]}, ""response"": {""answer"": ""네, 프리미엄 서비스는 기존에 따로 비용을 지불해야 하는 복잡한 서비스들을 하나로 묶어 저렴하게 제공할 계획입니다. 이렇게 하면 비용 대비 가치를 더 높일 수 있을 것 같아요.""}}"
7,2024-08-12 2:36:57,user_feedaback,"{""user_input"": ""그렇게 저렴하게 제공할 수 있는 이유는 무엇인가요? 비용 대비 가치를 높일 수 있다는 부분에 대해서도 더 설명해주세요"", ""category"": [{""sentence"": ""그렇게 저렴하게 제공할 수 있는 이유는 무엇인가요?"", ""categories"": ""Question"", ""type"": ""Deep Reasoning""}, {""sentence"": ""비용 대비 가치를 높일 수 있다는 부분에 대해서도 더 설명해주세요"", ""categories"": ""Question"", ""type"": ""Deep Reasoning""}], ""new_knowledge"": [""Understanding the cost-effectiveness of services can make them more attractive to users."", ""Clearly explaining the value proposition can enhance user understanding and engagement.""], ""new_actionPlan"": [""Analyze the cost-effectiveness of the services offered and ensure they provide significant value compared to their cost."", ""Provide a detailed explanation of how the design offers cost-effective value to users.""], ""new_thinking"": ""서비스의 비용 대비 가치를 이해하면 사용자에게 더 매력적으로 다가갈 수 있겠구나. 가치 제안을 명확히 설명하면 사용자 이해와 참여를 높일 수 있겠어."", ""evaluation"": {""sentences"": [{""sentence"": ""그렇게 저렴하게 제공할 수 있는 이유는 무엇인가요?"", ""categories"": ""Question"", ""type"": ""Deep Reasoning"", ""knowledge"": ""The mentor is asking for the rationale behind the affordability of the premium service."", ""evaluation"": {""timely"": 5, ""relevance"": 5, ""high-level"": 5, ""specificity"": 0, ""justification"": 0, ""active"": 0, ""sentiment"": 0}}, {""sentence"": ""비용 대비 가치를 높일 수 있다는 부분에 대해서도 더 설명해주세요"", ""categories"": ""Question"", ""type"": ""Deep Reasoning"", ""knowledge"": ""The mentor is asking for further explanation on how the value of the service outweighs its cost."", ""evaluation"": {""timely"": 5, ""relevance"": 5, ""high-level"": 5, ""specificity"": 0, ""justification"": 0, ""active"": 0, ""sentiment"": 0}}]}, ""response"": {""answer"": ""관련 업체와의 협력 및 대량 구매를 통해 비용을 절감할 수 있습니다. 또한, 프리미엄 서비스 가입자 수가 많아지면 규모의 경제 효과로 서비스 단가를 낮출 수 있죠.""}}"
7,2024-08-12 2:37:46,user_feedaback,"{""user_input"": ""그럼 성장 초기에는 유저들이 많이 없을텐데 이러한 시기는 어떻게 넘어가실 예정인가요?"", ""category"": [{""sentence"": ""그럼 성장 초기에는 유저들이 많이 없을텐데 이러한 시기는 어떻게 넘어가실 예정인가요?"", ""categories"": ""Question"", ""type"": ""Deep Reasoning""}], ""new_knowledge"": [""Understanding the initial user base and growth strategy is crucial for a design's success.""], ""new_actionPlan"": [""Develop a detailed plan for attracting and retaining users in the early stages of the platform.""], ""new_thinking"": ""초기 사용자 기반과 성장 전략을 이해하는 것이 디자인 성공에 중요하구나."", ""evaluation"": {""sentences"": [{""sentence"": ""그럼 성장 초기에는 유저들이 많이 없을텐데 이러한 시기는 어떻게 넘어가실 예정인가요?"", ""categories"": ""Question"", ""type"": ""Deep Reasoning"", ""knowledge"": ""The mentor is asking about the strategy to overcome the initial phase when there are not many users."", ""evaluation"": {""timely"": 6, ""relevance"": 7, ""high-level"": 5, ""specificity"": 0, ""justification"": 0, ""active"": 0, ""sentiment"": 0}}]}, ""response"": {""answer"": ""성장 초기에 유저가 적은 상황을 대비해 다양한 프로모션과 마케팅 전략을 활용할 예정입니다. SNS와 협력한 캠페인, 첫 가입자 혜택, 그리고 입양 후기 공유 이벤트 등을 통해 초기 유저 유입을 촉진할 계획입니다.""}}"
7,2024-08-12 2:37:47,student_question,"{""question"": ""성장 초기 프로모션과 마케팅 전략에서 가장 효과적이었던 경험이나 팁이 있을까요?""}"
7,2024-08-12 2:40:41,user_feedaback,"{""user_input"": ""저는 마케팅 자체보다는 제품이 우선 완성되어있는지, 리텐션이 잘 나오는지 등을 먼저 체크할 것 같습니다. 마케팅은 유저들이 유입되는 속도를 높여주는데 기여하기는 하지만 제품이 충분히 매력적이지 않으면 사람들이 금방 빠져나가거든요. 따라서 어느정도 초기에는 마케팅 비용을 최대한 절약하여 지표들을 확인하고 마케팅은 나중에 진행해도 괜찮다고 생각합니다. 마케팅 방법은 아까 언급했던 MBTI형식의 테스트를 진행하고 인스타그램 스토리에 게시하는 등의 방법을 활용하면 좋을 것 같아요."", ""category"": [{""sentence"": ""저는 마케팅 자체보다는 제품이 우선 완성되어있는지, 리텐션이 잘 나오는지 등을 먼저 체크할 것 같습니다."", ""categories"": ""Statement"", ""type"": ""Recommendation""}, {""sentence"": ""마케팅은 유저들이 유입되는 속도를 높여주는데 기여하기는 하지만 제품이 충분히 매력적이지 않으면 사람들이 금방 빠져나가거든요."", ""categories"": ""Statement"", ""type"": ""Information""}, {""sentence"": ""따라서 어느정도 초기에는 마케팅 비용을 최대한 절약하여 지표들을 확인하고 마케팅은 나중에 진행해도 괜찮다고 생각합니다."", ""categories"": ""Statement"", ""type"": ""Recommendation""}, {""sentence"": ""마케팅 방법은 아까 언급했던 MBTI형식의 테스트를 진행하고 인스타그램 스토리에 게시하는 등의 방법을 활용하면 좋을 것 같아요."", ""categories"": ""Statement"", ""type"": ""Recommendation""}], ""new_knowledge"": [""Validating the product's readiness and retention before focusing on marketing is crucial."", ""Ensuring that the product is sufficiently attractive is crucial for retaining users."", ""Initial marketing costs should be minimized and strategies should be validated before scaling."", ""Using engaging and relatable methods can make evaluation processes more appealing to users.""], ""new_actionPlan"": [""Conduct thorough product validation and retention analysis before launching marketing campaigns."", ""Enhance the attractiveness of the product by emphasizing its unique benefits and value propositions."", ""Focus on cost-effective marketing strategies initially and validate their effectiveness before expanding."", ""Incorporate engaging and relatable methods, such as personality tests and social media stories, to make the evaluation process more appealing.""], ""new_thinking"": ""마케팅보다 제품의 완성도와 리텐션을 먼저 체크해야 하는구나. 제품이 충분히 매력적이지 않으면 사람들이 금방 떠나겠지. 초기 마케팅 비용을 최소화하고 전략의 효과를 검증한 후 확장해야겠어. 평가 과정을 더 매력적으로 만들기 위해 흥미롭고 공감할 수 있는 방법을 사용해야겠어."", ""evaluation"": {""sentences"": [{""sentence"": ""저는 마케팅 자체보다는 제품이 우선 완성되어있는지, 리텐션이 잘 나오는지 등을 먼저 체크할 것 같습니다."", ""categories"": ""Statement"", ""type"": ""Recommendation"", ""knowledge"": ""제품의 완성도와 리텐션을 먼저 체크해야 한다."", ""evaluation"": {""specificity"": 6, ""justification"": 5, ""active"": 5, ""sentiment"": 0}}, {""sentence"": ""마케팅은 유저들이 유입되는 속도를 높여주는데 기여하기는 하지만 제품이 충분히 매력적이지 않으면 사람들이 금방 빠져나가거든요."", ""categories"": ""Statement"", ""type"": ""Information"", ""knowledge"": ""마케팅은 유저 유입 속도를 높이지만 제품이 매력적이지 않으면 리텐션이 낮다."", ""evaluation"": {""specificity"": 5, ""justification"": 6, ""active"": 4, ""sentiment"": 0}}, {""sentence"": ""따라서 어느정도 초기에는 마케팅 비용을 최대한 절약하여 지표들을 확인하고 마케팅은 나중에 진행해도 괜찮다고 생각합니다."", ""categories"": ""Statement"", ""type"": ""Recommendation"", ""knowledge"": ""초기에는 마케팅 비용을 절약하고 지표를 확인한 후 마케팅을 진행해야 한다."", ""evaluation"": {""specificity"": 5, ""justification"": 5, ""active"": 5, ""sentiment"": 0}}, {""sentence"": ""마케팅 방법은 아까 언급했던 MBTI형식의 테스트를 진행하고 인스타그램 스토리에 게시하는 등의 방법을 활용하면 좋을 것 같아요."", ""categories"": ""Statement"", ""type"": ""Recommendation"", ""knowledge"": ""MBTI형식의 테스트와 인스타그램 스토리 게시를 마케팅 방법으로 활용할 수 있다."", ""evaluation"": {""specificity"": 6, ""justification"": 5, ""active"": 5, ""sentiment"": 1}}]}, ""response"": {""answer"": ""프리미엄 서비스에 대해 이야기하신 것도 좋고 성장 초기의 전략도 잘 생각해보셨네요. 제품이 먼저 충분히 매력적이고 사용자 리텐션이 좋은지 확인하는 것이 중요할 것 같아요. 그리고 MBTI 형식의 테스트를 통해 흥미를 끌고 이를 SNS에서 공유하는 것도 좋은 방법이라 생각합니다.""}}"
7,2024-08-12 2:40:42,student_question,"{""question"": ""입양자의 흥미를 끌고 SNS에서 공유를 촉진하기 위해 MBTI 형식의 테스트를 개선할 수 있는 방법은 어떤 것들이 있을까요?""}"
7,2024-08-12 2:42:28,user_feedaback,"{""user_input"": ""이런 유형의 테스트에서는 사람들이 자신이 어떤 유형의 사람인지 확인받고 이를 남에게 보여주고 싶어한다고 생각해요. 보통 반려동물을 키우는 사람, 키우고 싶어하는 사람이라면 자신이 어떤 종의 동물들과 잘 맞는지, 자신의 성격은 어떠한지 등을 어필할 수 있는 내용 + 캐릭터가 있다면 인스타에 더 공유하고 싶게 만들 수 있을 것 같아요."", ""category"": [{""sentence"": ""이런 유형의 테스트에서는 사람들이 자신이 어떤 유형의 사람인지 확인받고 이를 남에게 보여주고 싶어한다고 생각해요."", ""categories"": ""Statement"", ""type"": ""Information""}, {""sentence"": ""보통 반려동물을 키우는 사람, 키우고 싶어하는 사람이라면 자신이 어떤 종의 동물들과 잘 맞는지, 자신의 성격은 어떠한지 등을 어필할 수 있는 내용 + 캐릭터가 있다면 인스타에 더 공유하고 싶게 만들 수 있을 것 같아요."", ""categories"": ""Statement"", ""type"": ""Recommendation""}], ""new_knowledge"": [""People are interested in understanding their own types and sharing this information with others."", ""Using engaging and relatable methods can make evaluation processes more appealing to users.""], ""new_actionPlan"": [""Incorporate a feature that allows users to discover their pet owner type and share the results on social media."", ""Develop an engaging and relatable evaluation process that users will want to share on social media.""], ""new_thinking"": ""사람들은 자신이 어떤 유형의 사람인지 알고 이를 다른 사람들과 공유하고 싶어해. 평가 과정을 흥미롭고 공감할 수 있게 만들면 사용자들이 더 많이 참여할 수 있겠구나."", ""evaluation"": {""sentences"": [{""sentence"": ""이런 유형의 테스트에서는 사람들이 자신이 어떤 유형의 사람인지 확인받고 이를 남에게 보여주고 싶어한다고 생각해요."", ""categories"": ""Statement"", ""type"": ""Information"", ""knowledge"": ""사람들은 자신이 어떤 유형의 사람인지 확인받고 이를 남에게 보여주고 싶어한다."", ""evaluation"": {""specificity"": 5, ""justification"": 4, ""active"": 3, ""sentiment"": 1}}, {""sentence"": ""보통 반려동물을 키우는 사람, 키우고 싶어하는 사람이라면 자신이 어떤 종의 동물들과 잘 맞는지, 자신의 성격은 어떠한지 등을 어필할 수 있는 내용 + 캐릭터가 있다면 인스타에 더 공유하고 싶게 만들 수 있을 것 같아요."", ""categories"": ""Statement"", ""type"": ""Recommendation"", ""knowledge"": ""반려동물을 키우는 사람들은 자신이 어떤 종의 동물들과 잘 맞는지, 자신의 성격을 어필할 수 있는 내용을 인스타에 공유하고 싶어한다."", ""evaluation"": {""specificity"": 5, ""justification"": 4, ""active"": 5, ""sentiment"": 1}}]}, ""response"": {""answer"": ""맞아요! 사람들이 자신의 성격이나 반려동물에 대한 성향을 어필할 수 있는 요소가 포함되면 훨씬 더 흥미를 끌 수 있을 것 같아요. 귀여운 캐릭터나 재미있는 설명이 있는 결과 페이지도 추가하면 좋을 것 같아요!""}}"
7,2024-08-12 2:44:17,user_feedaback,"{""user_input"": ""네 맞습니다 그런 부분이 상당히 중요할 것 같아요! 또한 테스트 이후에 플랫폼으로 연결되도록 만들면 자연스럽게 사람들이 플랫폼에 관심을 가질 것 같아요. 또한 얼마나 좋은 주인인지를 테스트를 통해 점수를 확인할 수 있게 하고 랭킹 제도를 도입하는 것도 괜찮을 것 같아요."", ""category"": [{""sentence"": ""네 맞습니다 그런 부분이 상당히 중요할 것 같아요!"", ""categories"": ""Statement"", ""type"": ""Evaluation""}, {""sentence"": ""또한 테스트 이후에 플랫폼으로 연결되도록 만들면 자연스럽게 사람들이 플랫폼에 관심을 가질 것 같아요."", ""categories"": ""Statement"", ""type"": ""Recommendation""}, {""sentence"": ""또한 얼마나 좋은 주인인지를 테스트를 통해 점수를 확인할 수 있게 하고 랭킹 제도를 도입하는 것도 괜찮을 것 같아요."", ""categories"": ""Statement"", ""type"": ""Recommendation""}], ""new_knowledge"": [""Identifying and addressing crucial aspects of a design can significantly impact its success."", ""Integrating engaging elements can naturally attract more users to the platform."", ""Using ranking systems and tests can help identify and highlight top users.""], ""new_actionPlan"": [""Ensure that the most critical aspects of the design are thoroughly addressed and emphasized."", ""Incorporate engaging elements like interactive tests or quizzes that can be shared on social media to attract more users."", ""Implement a ranking system and tests to identify and highlight top users, enhancing user engagement and motivation.""], ""new_thinking"": ""중요한 부분을 잘 다루는 것이 성공에 큰 영향을 미칠 수 있구나. 흥미로운 요소를 통합하면 자연스럽게 더 많은 사용자를 플랫폼으로 끌어들일 수 있겠어. 랭킹 시스템과 테스트를 통해 우수한 사용자를 식별하고 강조하는 것이 좋겠어."", ""evaluation"": {""sentences"": [{""sentence"": ""네 맞습니다 그런 부분이 상당히 중요할 것 같아요!"", ""categories"": ""Statement"", ""type"": ""Evaluation"", ""knowledge"": ""Acknowledging the importance of a specific aspect."", ""evaluation"": {""specificity"": 2, ""justification"": 2, ""active"": 1, ""sentiment"": 1}}, {""sentence"": ""또한 테스트 이후에 플랫폼으로 연결되도록 만들면 자연스럽게 사람들이 플랫폼에 관심을 가질 것 같아요."", ""categories"": ""Statement"", ""type"": ""Recommendation"", ""knowledge"": ""Connecting the test results to the platform can increase user interest."", ""evaluation"": {""specificity"": 5, ""justification"": 5, ""active"": 5, ""sentiment"": 1}}, {""sentence"": ""또한 얼마나 좋은 주인인지를 테스트를 통해 점수를 확인할 수 있게 하고 랭킹 제도를 도입하는 것도 괜찮을 것 같아요."", ""categories"": ""Statement"", ""type"": ""Recommendation"", ""knowledge"": ""Implementing a scoring and ranking system to evaluate how good of a pet owner someone is."", ""evaluation"": {""specificity"": 5, ""justification"": 5, ""active"": 5, ""sentiment"": 1}}]}, ""response"": {""answer"": ""네, 말씀하신 대로 테스트 이후에 플랫폼으로 자연스럽게 연결되도록 하는 것이 좋을 것 같아요. 좋은 주인이라는 점수를 확인하고 랭킹 제도를 도입하면 사용자들의 참여도를 높일 수 있을 것 같아요.""}}"
7,2024-08-12 2:44:19,student_question,"{""question"": ""사용자들이 다양한 반려동물 용품 할인 혜택과 무료 건강 검진 같은 인센티브를 어떻게 활용하도록 유도할 수 있는 방법에 대해 좀 더 구체적인 조언을 받을 수 있을까요?""}"
7,2024-08-12 2:44:46,update_idea,"{""title"": ""Petit - 책임감 있는 반려동물 입양 플랫폼"", ""problem"": ""최근 반려동물을 입양한 후에 유기되는 사례가 많아지고 있습니다. 많은 사람들이 반려동물의 돌봄에 필요한 시간, 비용, 건강 관리에 대한 인식 부족으로 인해 동물을 포기하는 경우가 증가하고 있습니다. 이러한 문제를 해결하기 위해 충분한 교육과 지속적인 지원이 필요하다는 것이 명백해졌습니다."", ""idea"": ""Petit은 사용자가 반려동물을 입양하기 전과 후에 필요한 지식을 제공하여 반려동물과 장기간의 건강한 관계를 유지할 수 있도록 지원하는 플랫폼입니다. 입양 희망자는 전문가가 개발한 온라인 교육 프로그램을 이수해야 하며, 이 과정은 재미있고 교육적인 테스트 형식으로 제공되어 사용자의 참여를 유도합니다. 또한, 입양 절차는 생활 환경과 경제적 능력을 꼼꼼히 검토하게 되며, 가정 방문을 포함하는 신중한 절차를 거칩니다. 입양 후에는 정기적인 체크인과 온라인 상태 보고를 통해 지속적인 지원을 제공하며, 프리미엄 서비스를 통해 반려동물의 건강 검진, 사료 및 장난감의 정기 배송과 같은 혜택을 제공합니다. 초기 유저를 유치하기 위해 소셜 미디어 캠페인, 첫 가입자 혜택 및 사용자 경험 공유 이벤트를 계획하고 있습니다. 또한, 각 사용자의 반려동물 주인 유형을 알아보는 MBTI 형식의 재미있는 테스트를 도입하여 플랫폼에 자연스럽게 연결되도록 유도하고, 우수한 주인을 위한 랭킹 시스템을 도입하여 사용자 참여도를 높일 예정입니다. 모든 서비스는 비용 대비 가치를 높일 수 있는 방법을 고안하여 효율적으로 제공됩니다.""}"
7,2024-08-12 2:45:01,finish,