user_id,timestamp,tag,data
9,2024-08-13 0:35:00,start,
9,2024-08-13 0:37:34,user_feedaback,"{""user_input"": ""아이디어는 참신하고 좋은데, 이게 실제로 가능할까? 구체적인 진행 계획이 있어?"", ""category"": [{""sentence"": ""아이디어는 참신하고 좋은데,"", ""categories"": ""Statement"", ""type"": ""Evaluation""}, {""sentence"": ""이게 실제로 가능할까?"", ""categories"": ""Question"", ""type"": ""Deep Reasoning""}, {""sentence"": ""구체적인 진행 계획이 있어?"", ""categories"": ""Question"", ""type"": ""Low-Level""}], ""new_knowledge"": [""아이디어는 참신하고 좋은데, 더 구체화가 필요하다."", ""Feasibility is a crucial aspect to consider in any design idea."", ""A concrete implementation plan is essential for the success of a design idea.""], ""new_actionPlan"": [""아이디어를 더 구체화하고 실현 가능성을 높이기 위해 추가적인 연구와 계획을 세워야 한다."", ""Conduct a feasibility study to determine if the design idea can be practically implemented."", ""Develop a detailed roadmap outlining the steps and resources needed to implement the design idea.""], ""new_thinking"": ""아이디어는 참신하고 좋은데, 더 구체화가 필요하구나. 이게 실제로 가능할까? 구체적인 진행 계획이 있어야 성공할 수 있겠구나."", ""evaluation"": {""sentences"": [{""sentence"": ""아이디어는 참신하고 좋은데,"", ""categories"": ""Statement"", ""type"": ""Evaluation"", ""knowledge"": ""The idea is innovative and good."", ""evaluation"": {""specificity"": 2, ""justification"": 2, ""active"": 1, ""sentiment"": 1}}, {""sentence"": ""이게 실제로 가능할까?"", ""categories"": ""Question"", ""type"": ""Deep Reasoning"", ""knowledge"": ""Questions the feasibility of the idea."", ""evaluation"": {""timely"": 5, ""relevance"": 5, ""high-level"": 5, ""sentiment"": 0}}, {""sentence"": ""구체적인 진행 계획이 있어?"", ""categories"": ""Question"", ""type"": ""Low-Level"", ""knowledge"": ""Asks for a specific plan for implementation."", ""evaluation"": {""timely"": 4, ""relevance"": 4, ""high-level"": 2, ""sentiment"": 0}}]}, ""response"": {""answer"": ""실제로 가능할지는 확실하지 않지만, 구체적인 진행 계획을 세울 필요가 있는 것 같아요. 예를 들어, 데이터를 수집하는 방법이나 동물 전문가와의 협업 방식 같은 구체적인 단계를 정한다면 더 명확해질 것 같아요.""}}"
9,2024-08-13 0:38:34,user_feedaback,"{""user_input"": ""데이터셋은 어떻게 모을 거야? 괜찮은 실험이 되려면 실험데이터가 많아야 하는데, 사람도 아니고 동물은 더 모으기 어려운데, 생각해둔 방법 있어?"", ""category"": [{""sentence"": ""데이터셋은 어떻게 모을 거야?"", ""categories"": ""Question"", ""type"": ""Generate Design""}, {""sentence"": ""괜찮은 실험이 되려면 실험데이터가 많아야 하는데,"", ""categories"": ""Statement"", ""type"": ""Evaluation""}, {""sentence"": ""사람도 아니고 동물은 더 모으기 어려운데,"", ""categories"": ""Statement"", ""type"": ""Evaluation""}, {""sentence"": ""생각해둔 방법 있어?"", ""categories"": ""Question"", ""type"": ""Generate Design""}], ""new_knowledge"": [""Data collection methods are crucial for the success of a design idea."", ""A robust dataset is essential for validating the feasibility of a design idea."", ""Understanding the unique challenges of working with animals is crucial for the feasibility of a design idea."", ""Exploring various methods can lead to innovative solutions.""], ""new_actionPlan"": [""Develop a detailed plan for collecting and organizing the necessary data."", ""Focus on collecting a comprehensive and diverse dataset to validate the feasibility of the design idea."", ""Research the specific challenges and limitations of working with animal data and incorporate solutions into the design plan."", ""Brainstorm and research different approaches to implement the design idea effectively.""], ""new_thinking"": ""데이터셋은 어떻게 모을 거야? 데이터 수집 방법이 중요하구나. 실험 데이터가 많아야 좋은 실험이 될 수 있구나. 동물과 함께 작업하는 것은 사람과는 다른 고유한 어려움이 있다는 것을 이해하는 것이 중요하구나. 다양한 방법을 탐구하면 혁신적인 해결책을 찾을 수 있겠구나!"", ""evaluation"": {""sentences"": [{""sentence"": ""데이터셋은 어떻게 모을 거야?"", ""categories"": ""Question"", ""type"": ""Generate Design"", ""knowledge"": ""The mentor is asking about the method for collecting the dataset."", ""evaluation"": {""timely"": 5, ""relevance"": 6, ""high-level"": 4, ""specificity"": 0, ""justification"": 0, ""active"": 0, ""sentiment"": 0}}, {""sentence"": ""괜찮은 실험이 되려면 실험데이터가 많아야 하는데,"", ""categories"": ""Statement"", ""type"": ""Evaluation"", ""knowledge"": ""A good experiment requires a large amount of experimental data."", ""evaluation"": {""timely"": 0, ""relevance"": 0, ""high-level"": 0, ""specificity"": 5, ""justification"": 6, ""active"": 4, ""sentiment"": 0}}, {""sentence"": ""사람도 아니고 동물은 더 모으기 어려운데,"", ""categories"": ""Statement"", ""type"": ""Evaluation"", ""knowledge"": ""Collecting data from animals is more difficult than from humans."", ""evaluation"": {""timely"": 0, ""relevance"": 0, ""high-level"": 0, ""specificity"": 5, ""justification"": 6, ""active"": 4, ""sentiment"": -1}}, {""sentence"": ""생각해둔 방법 있어?"", ""categories"": ""Question"", ""type"": ""Generate Design"", ""knowledge"": ""The mentor is asking if the student has a method in mind."", ""evaluation"": {""timely"": 5, ""relevance"": 6, ""high-level"": 4, ""specificity"": 0, ""justification"": 0, ""active"": 0, ""sentiment"": 0}}]}, ""response"": {""answer"": ""데이터셋을 모으기 위해서는 여러 강아지 주인들과 협약을 맺어 자발적으로 참여하도록 유도할 수 있을 것 같아요. 모바일 앱을 통해 쉽게 녹음할 수 있도록 하고, 참여자에게는 소정의 보상을 제공하는 방식으로 진입 장벽을 낮추면 좋겠어요.""}}"
9,2024-08-13 0:39:13,user_feedaback,"{""user_input"": ""그럼 강아지가 짖는것에 대한 연구는 찾아봤어?"", ""category"": [{""sentence"": ""그럼 강아지가 짖는것에 대한 연구는 찾아봤어?"", ""categories"": ""Question"", ""type"": ""Low-Level""}], ""new_knowledge"": [""Researching existing studies can provide valuable insights and data for your design idea.""], ""new_actionPlan"": [""Investigate existing research on animal vocalizations to gather insights and data that can inform your design.""], ""new_thinking"": ""기존 연구를 조사하면 내 디자인 아이디어에 유용한 통찰력과 데이터를 얻을 수 있겠어!"", ""evaluation"": {""sentences"": [{""sentence"": ""그럼 강아지가 짖는것에 대한 연구는 찾아봤어?"", ""categories"": ""Question"", ""type"": ""Low-Level"", ""knowledge"": ""Research on dog barking is necessary."", ""evaluation"": {""timely"": 5, ""relevance"": 5, ""high-level"": 1, ""specificity"": 0, ""justification"": 0, ""active"": 0, ""sentiment"": 0}}]}, ""response"": {""answer"": ""전문적인 연구는 찾아보지 못했지만, 유사한 아이디어나 강아지 행동 연구 자료를 검토하면 좋을 것 같아요. 특히 소리 패턴과 의미를 연결하는 연구가 있다면 큰 도움이 될 것 같아요.""}}"
9,2024-08-13 0:39:59,user_feedaback,"{""user_input"": ""사람이 말하는 것도 사람마다 다른데, 강아지도 강아지마다 특징이 있을거야. 이거와 관련해서는 생각해본게 있어?"", ""category"": [{""sentence"": ""사람이 말하는 것도 사람마다 다른데,"", ""categories"": ""Statement"", ""type"": ""Information""}, {""sentence"": ""강아지도 강아지마다 특징이 있을거야."", ""categories"": ""Statement"", ""type"": ""Information""}, {""sentence"": ""이거와 관련해서는 생각해본게 있어?"", ""categories"": ""Question"", ""type"": ""Generate Design""}], ""new_knowledge"": [""Understanding the variability in human communication can provide insights into designing for diverse user needs."", ""Each subject in a study may have unique characteristics that need to be considered."", ""Considering related aspects can lead to a more comprehensive design.""], ""new_actionPlan"": [""Investigate how different people interpret and respond to similar stimuli to better design for diverse user needs."", ""Identify and document the unique characteristics of each subject to ensure accurate data collection and analysis."", ""Identify and explore related aspects of the design idea to ensure a holistic approach.""], ""new_thinking"": ""사람마다 말하는 방식이 다르다는 점을 이해하면 다양한 사용자 요구를 반영한 디자인을 할 수 있겠구나. 강아지마다 특성이 다를 수 있다는 점을 고려해야겠어. 이거와 관련해서는 생각해본게 있어?"", ""evaluation"": {""sentences"": [{""sentence"": ""사람이 말하는 것도 사람마다 다른데,"", ""categories"": ""Statement"", ""type"": ""Information"", ""knowledge"": ""Human speech varies from person to person."", ""evaluation"": {""specificity"": 5, ""justification"": 4, ""active"": 3, ""sentiment"": 0}}, {""sentence"": ""강아지도 강아지마다 특징이 있을거야."", ""categories"": ""Statement"", ""type"": ""Information"", ""knowledge"": ""Dogs also have individual characteristics."", ""evaluation"": {""specificity"": 5, ""justification"": 4, ""active"": 3, ""sentiment"": 0}}, {""sentence"": ""이거와 관련해서는 생각해본게 있어?"", ""categories"": ""Question"", ""type"": ""Generate Design"", ""knowledge"": ""Consideration of individual differences in dogs."", ""evaluation"": {""timely"": 5, ""relevance"": 5, ""high-level"": 4, ""sentiment"": 0}}]}, ""response"": {""answer"": ""그래서 다양한 강아지별로 데이터를 축적할 방법을 생각해봤어요. 여러 강아지 주인들이 자발적으로 참여할 수 있는 앱을 통해 데이터를 수집하고, 각 강아지의 특성을 반영하도록 개별 모델을 만드는 것도 고려해봤어요.""}}"
9,2024-08-13 0:40:44,user_feedaback,"{""user_input"": ""개별모델을 만들면 사용하기는 편한겠지만, 많은 강아지들의 개별 모델을 만드는게 효율적일까?"", ""category"": [{""sentence"": ""개별모델을 만들면 사용하기는 편한겠지만,"", ""categories"": ""Statement"", ""type"": ""Evaluation""}, {""sentence"": ""많은 강아지들의 개별 모델을 만드는게 효율적일까?"", ""categories"": ""Question"", ""type"": ""Generate Design""}], ""new_knowledge"": [""Creating individual models can enhance usability."", ""Considering individual characteristics can lead to more effective solutions.""], ""new_actionPlan"": [""Develop personalized models to cater to the unique characteristics of each subject."", ""Develop personalized models for each subject to enhance the effectiveness of the design.""], ""new_thinking"": ""개별 모델을 만들면 사용하기 더 편리해질 수 있겠구나. 개별 특성을 고려하는 것이 더 효과적인 솔루션을 만들 수 있겠구나."", ""evaluation"": {""sentences"": [{""sentence"": ""개별모델을 만들면 사용하기는 편한겠지만,"", ""categories"": ""Statement"", ""type"": ""Evaluation"", ""knowledge"": ""Creating individual models for each dog would make the service easier to use."", ""evaluation"": {""specificity"": 5, ""justification"": 4, ""active"": 3, ""sentiment"": 0}}, {""sentence"": ""많은 강아지들의 개별 모델을 만드는게 효율적일까?"", ""categories"": ""Question"", ""type"": ""Generate Design"", ""knowledge"": ""It is questioned whether creating individual models for many dogs is efficient."", ""evaluation"": {""timely"": 5, ""relevance"": 5, ""high-level"": 4, ""sentiment"": 0}}]}, ""response"": {""answer"": ""효율적이지 않을 수도 있지만, 그럼 공통적인 모델을 만들고 특정 상황에 맞게 학습시키는 방법이 더 좋을까요? 개별 맞춤화는 어려워도 대부분의 상황을 커버할 수 있는 모델로 시작할 수 있을 것 같아요.""}}"
9,2024-08-13 0:41:45,update_idea,"{""title"": ""반려동물 음성 번역기: 반려동물의 목소리를 이해하는 새로운 접근법"", ""problem"": ""반려동물은 자신의 감정이나 필요를 사람의 자연어로 표현할 수 없어서, 때로는 그들의 필요가 제대로 충족되지 않는 문제가 있습니다. 예를 들어, 반려동물이 아플 때 '아프다'고 말할 수 없기 때문에, 주인은 반려동물의 상태를 정확히 파악하기 어렵습니다."", ""idea"": ""이 문제를 해결하기 위해 '반려동물 음성 번역기'는 반려동물의 감정과 상태를 사람의 언어로 번역해주는 서비스를 개발하고자 합니다. 이를 위해 다음과 같은 구체적인 단계를 계획하였습니다: 1. 반려동물의 소리 데이터 수집: 다양한 종류의 반려동물로부터 소리 데이터를 모아야 합니다. 이를 위해 반려동물 주인들과의 협업을 통해 자발적 참여를 유도하고 모바일 앱을 활용하여 소리를 쉽게 녹음할 수 있도록 할 것입니다. 2. 데이터셋 구축 및 분석: 수집된 데이터는 동물 행동 전문가와 함께 분석하여 음성의 특성에 따른 레이블을 붙일 것입니다. 예를 들어, 강아지가 '왈'하는 소리가 '밥 줘'와 연관되어 있는지를 분섄할 수 있습니다. 3. 모델 개발: 수집된 데이터를 기반으로 기계 학습 모델을 개발하여, 반려동물의 소리를 인간의 언어로 실시간으로 번역할 수 있는 알고리즘을 만듭니다. 초벌 번역 모델을 통해 대부분의 상황을 커버할 수 있고, 후에 개별 맞춤화를 통해 특성에 맞는 번역이 가능하도록 개선할 예정입니다. 4. 사용자 인터페이스 개발: 반려동물의 소리를 번역한 결과를 사용자에게 쉽게 전달할 수 있는 인터페이스를 개발합니다. 예를 들어, 웨어러블 센서가 반려동물 목줄에 부착되어 있으며, 반려동물이 소리를 낼 때 그 소리가 앱을 통해 실시간으로 번역되어 스마트폰 알림으로 사용자에게 전달됩니다. 이 아이디어는 특히 반려동물을 더 잘 이해하고 싶어하는 주인들에게 큰 도움이 될 것이며, 반려동물의 복지 향상에도 기여할 수 있을 것입니다.""}"
9,2024-08-13 0:42:50,user_feedaback,"{""user_input"": ""소리 녹음에서는 잡음이나 생각해야할게 많은데 관련 경험은 있어? 도와주기로한 동물 전문가는 있고?"", ""category"": [{""sentence"": ""소리 녹음에서는 잡음이나 생각해야할게 많은데 관련 경험은 있어?"", ""categories"": ""Question"", ""type"": ""Low-Level""}, {""sentence"": ""도와주기로한 동물 전문가는 있고?"", ""categories"": ""Question"", ""type"": ""Low-Level""}], ""new_knowledge"": [""Experience in related fields can provide valuable insights for your design."", ""Collaborating with domain experts can provide valuable insights and improve the design's feasibility.""], ""new_actionPlan"": [""Research and consult with experts who have experience in related fields to gain insights for your design."", ""Identify and reach out to domain experts to collaborate on the project and gain their insights.""], ""new_thinking"": ""관련 분야의 경험이 디자인에 큰 도움이 될 수 있겠구나. 전문가와 협업하면 더 나은 인사이트를 얻을 수 있겠어."", ""evaluation"": {""sentences"": [{""sentence"": ""소리 녹음에서는 잡음이나 생각해야할게 많은데 관련 경험은 있어?"", ""categories"": ""Question"", ""type"": ""Low-Level"", ""knowledge"": ""Consideration of noise in sound recording is important."", ""evaluation"": {""timely"": 5, ""relevance"": 6, ""high-level"": 1, ""specificity"": 0, ""justification"": 0, ""active"": 0, ""sentiment"": 0}}, {""sentence"": ""도와주기로한 동물 전문가는 있고?"", ""categories"": ""Question"", ""type"": ""Low-Level"", ""knowledge"": ""Involvement of animal experts is necessary."", ""evaluation"": {""timely"": 5, ""relevance"": 6, ""high-level"": 1, ""specificity"": 0, ""justification"": 0, ""active"": 0, ""sentiment"": 0}}]}, ""response"": {""answer"": ""잡음 문제는 고급 마이크 사용이나 소리 정제 알고리즘으로 해결할 수 있을 것 같아요. 동물 전문가는 아직 찾지 못했지만, 관련 대학이나 연구기관에 문의해볼 계획이에요.""}}"
9,2024-08-13 0:44:07,user_feedaback,"{""user_input"": ""모든 상황을 번역하기는 어려울 것 같은데 '밥 줘' 같은 특정 상황을 정하고 구분하는 것부터 하면 좋을 것 같아. 쉽게 구분할 수 있을 만한 말 3가지 정도 생각해볼래?"", ""category"": [{""sentence"": ""모든 상황을 번역하기는 어려울 것 같은데 '밥 줘' 같은 특정 상황을 정하고 구분하는 것부터 하면 좋을 것 같아."", ""categories"": ""Statement"", ""type"": ""Recommendation""}, {""sentence"": ""쉽게 구분할 수 있을 만한 말 3가지 정도 생각해볼래?"", ""categories"": ""Question"", ""type"": ""Generate Design""}], ""new_knowledge"": [""Starting with specific scenarios can make complex problems more manageable."", ""Breaking down complex ideas into simpler components can enhance understanding and implementation.""], ""new_actionPlan"": [""Identify and categorize specific scenarios to focus on for initial development."", ""Identify and outline three key components of the design idea to simplify and clarify the concept.""], ""new_thinking"": ""모든 상황을 번역하기는 어려울 것 같은데 '밥 줘' 같은 특정 상황을 정하고 구분하는 것부터 하면 좋을 것 같아. 복잡한 아이디어를 더 단순한 구성 요소로 나누면 이해와 구현이 더 쉬워질 수 있겠어."", ""evaluation"": {""sentences"": [{""sentence"": ""모든 상황을 번역하기는 어려울 것 같은데 '밥 줘' 같은 특정 상황을 정하고 구분하는 것부터 하면 좋을 것 같아."", ""categories"": ""Statement"", ""type"": ""Recommendation"", ""knowledge"": ""Starting with specific scenarios like '밥 줘' can make translation more manageable."", ""evaluation"": {""specificity"": 6, ""justification"": 5, ""active"": 6, ""sentiment"": 1}}, {""sentence"": ""쉽게 구분할 수 있을 만한 말 3가지 정도 생각해볼래?"", ""categories"": ""Question"", ""type"": ""Generate Design"", ""knowledge"": ""Consider identifying three easily distinguishable phrases."", ""evaluation"": {""timely"": 6, ""relevance"": 6, ""high-level"": 5, ""sentiment"": 1}}]}, ""response"": {""answer"": ""밥 줘, 산책 가자, 놀자 같은 기본적인 요구부터 시작하면 좋을 것 같아요. 이런 것들이 반려동물 주인이 쉽게 알아차릴 수 있는 일상적인 요청이니까요.""}}"
9,2024-08-13 0:44:47,user_feedaback,"{""user_input"": ""좋은것 같네. 그런데 지금 생각해보니 라벨을 만들건데, 너가 강아지도 아닌데 어떻게 라벨링을 하게?"", ""category"": [{""sentence"": ""좋은것 같네."", ""categories"": ""Statement"", ""type"": ""Evaluation""}, {""sentence"": ""그런데 지금 생각해보니 라벨을 만들건데, 너가 강아지도 아닌데 어떻게 라벨링을 하게?"", ""categories"": ""Question"", ""type"": ""Deep Reasoning""}], ""new_knowledge"": [""Positive feedback indicates that the design idea has potential."", ""Understanding the subject matter deeply is crucial for effective design.""], ""new_actionPlan"": [""Continue refining and developing the design idea to enhance its feasibility and effectiveness."", ""Collaborate with experts or gain hands-on experience to better understand the subject matter.""], ""new_thinking"": ""긍정적인 피드백은 내 디자인 아이디어가 잠재력이 있다는 것을 의미해. 주제를 깊이 이해하는 것이 효과적인 디자인에 필수적이구나."", ""evaluation"": {""sentences"": [{""sentence"": ""좋은것 같네."", ""categories"": ""Statement"", ""type"": ""Evaluation"", ""knowledge"": ""The idea is perceived positively."", ""evaluation"": {""specificity"": 1, ""justification"": 1, ""active"": 1, ""sentiment"": 1}}, {""sentence"": ""그런데 지금 생각해보니 라벨을 만들건데, 너가 강아지도 아닌데 어떻게 라벨링을 하게?"", ""categories"": ""Question"", ""type"": ""Deep Reasoning"", ""knowledge"": ""The student needs to consider how to label data accurately without being a dog."", ""evaluation"": {""timely"": 5, ""relevance"": 5, ""high-level"": 5, ""sentiment"": 0}}]}, ""response"": {""answer"": ""라벨링은 혼자서 하는 게 아니라 동물 행동 전문가와 협업해서 진행하려고 계획 중이에요. 전문가들의 자문을 통해 정확한 라벨링을 할 수 있을 거예요.""}}"
9,2024-08-13 0:45:27,user_feedaback,"{""user_input"": ""강아지가 직접하지 않는 이상 전문가들도 틀릴 수 있는거 아니야? 데이터셋이 정확하다고 할 수 있을까?"", ""category"": [{""sentence"": ""강아지가 직접하지 않는 이상 전문가들도 틀릴 수 있는거 아니야?"", ""categories"": ""Question"", ""type"": ""Deep Reasoning""}, {""sentence"": ""데이터셋이 정확하다고 할 수 있을까?"", ""categories"": ""Question"", ""type"": ""Deep Reasoning""}], ""new_knowledge"": [""Collaborating with experts is crucial for accurate and reliable design outcomes."", ""Ensuring the accuracy of datasets is crucial for the reliability of a design.""], ""new_actionPlan"": [""Seek collaboration with animal behavior experts to ensure accurate labeling and interpretation of data."", ""Implement rigorous validation methods to ensure the accuracy and reliability of the collected datasets.""], ""new_thinking"": ""전문가와의 협업이 정확하고 신뢰할 수 있는 디자인 결과를 위해 중요하구나. 데이터셋의 정확성을 보장하는 것이 디자인의 신뢰성을 위해 중요하구나."", ""evaluation"": {""sentences"": [{""sentence"": ""강아지가 직접하지 않는 이상 전문가들도 틀릴 수 있는거 아니야?"", ""categories"": ""Question"", ""type"": ""Deep Reasoning"", ""knowledge"": ""Experts may make mistakes in labeling without direct input from the dogs."", ""evaluation"": {""timely"": 5, ""relevance"": 6, ""high-level"": 5, ""specificity"": 0, ""justification"": 0, ""active"": 0, ""sentiment"": 0}}, {""sentence"": ""데이터셋이 정확하다고 할 수 있을까?"", ""categories"": ""Question"", ""type"": ""Deep Reasoning"", ""knowledge"": ""The accuracy of the dataset may be questionable."", ""evaluation"": {""timely"": 5, ""relevance"": 6, ""high-level"": 5, ""specificity"": 0, ""justification"": 0, ""active"": 0, ""sentiment"": 0}}]}, ""response"": {""answer"": ""전문가들도 완벽하지 않을 수 있지만, 충분한 데이터를 통해 일반적인 패턴을 찾을 수 있을 거예요. 데이터셋의 정확성을 높이기 위해서는 다양한 환경에서 데이터를 수집하고, 여러 전문가의 의견을 참고하면 도움이 될 것 같아요.""}}"
9,2024-08-13 0:45:57,update_idea,"{""title"": ""반려동물 음성 번역기: 반려동물의 목소리를 이해하는 새로운 접근법"", ""problem"": ""반려동물은 자연어(사람 말)를 하지 못해 아픈 등의 상태를 직접적으로 표현할 수 없습니다. 이로 인해 결국 주인이 반려동물 대신해서 결정을 내리게 되는 문제가 있습니다."", ""idea"": ""이 문제를 해결하기 위해 반려동물의 감정과 상태를 사람의 언어로 번역해주는 '반려동물 음성 번역기' 서비스를 개발하고자 합니다. 주요 진행 계획은 다음과 같습니다: 1) 연구 및 전문가 자문: 관련 분야의 경험이 풍부한 전문가와 협업하여 디자인에 필요한 통찰력을 얻습니다. 2) 시나리오 분류 및 초점: 초기 개발에 집중할 특정 시나리오를 식별하고 분류합니다. 예를 들어 '밥 줘', '산책 가자', '놀자' 등의 기본적인 요구를 포함합니다. 3) 키 컴포넌트 명확화: 디자인 아이디어의 세 가지 주요 구성 요소를 식별하고 명확히 하여 개념을 단순화합니다. 4) 반려동물 행동 전문가와의 협업: 데이터의 정확한 라벨링과 해석을 보장하기 위해 동물 행동 전문가와 협력합니다. 5) 데이터셋 정확성 강화: 정확하고 신뢰할 수 있는 데이터셋을 확보하기 위해 엄격한 검증 방법을 도입합니다. 이러한 다단계 접근 방식을 통해 반려동물과 소통하는 새로운 방법을 제공하여 반려동물과 주인 사이의 이해와 복지를 향상시킬 수 있습니다.""}"
9,2024-08-13 0:48:07,user_feedaback,"{""user_input"": ""이 프로젝트의 혁신성과 용이성, 가치에 대해 설명해볼래? 그리고 가장 큰 문제일것 같은데 이게 동물학대에 포함될 수도 있지 않을까? 사회적 책임에 대해 설명해줘"", ""category"": [{""sentence"": ""이 프로젝트의 혁신성과 용이성, 가치에 대해 설명해볼래?"", ""categories"": ""Question"", ""type"": ""Judgmental""}, {""sentence"": ""그리고 가장 큰 문제일것 같은데 이게 동물학대에 포함될 수도 있지 않을까?"", ""categories"": ""Question"", ""type"": ""Causal Antecedent""}, {""sentence"": ""사회적 책임에 대해 설명해줘"", ""categories"": ""Question"", ""type"": ""Judgmental""}], ""new_knowledge"": [""Clearly articulating the innovation, utility, and value of a project is crucial for its success."", ""Considering potential limitations and challenges in the design process is crucial."", ""Understanding the social responsibility of your design is crucial for its acceptance and impact.""], ""new_actionPlan"": [""Prepare a detailed explanation of the project's innovation, utility, and value to effectively communicate its significance."", ""Identify and address potential limitations and challenges in the design process by consulting with experts and conducting thorough research."", ""Evaluate the social implications and responsibilities of your design to ensure it aligns with ethical standards and societal needs.""], ""new_thinking"": ""이 프로젝트의 혁신성과 유용성, 가치를 명확히 설명해야겠어. 디자인 과정에서 발생할 수 있는 잠재적인 한계와 도전 과제를 고려하는 것이 중요하구나. 내 디자인이 사회적 책임을 다하고 있는지 평가해야겠어."", ""evaluation"": {""sentences"": [{""sentence"": ""이 프로젝트의 혁신성과 용이성, 가치에 대해 설명해볼래?"", ""categories"": ""Question"", ""type"": ""Judgmental"", ""knowledge"": ""The mentor is asking the student to explain the innovation, ease of use, and value of the project."", ""evaluation"": {""timely"": 5, ""relevance"": 7, ""high-level"": 5, ""specificity"": 0, ""justification"": 0, ""active"": 0, ""sentiment"": 0}}, {""sentence"": ""그리고 가장 큰 문제일것 같은데 이게 동물학대에 포함될 수도 있지 않을까?"", ""categories"": ""Question"", ""type"": ""Causal Antecedent"", ""knowledge"": ""The mentor is concerned about the potential for the project to be considered animal abuse."", ""evaluation"": {""timely"": 5, ""relevance"": 7, ""high-level"": 5, ""specificity"": 0, ""justification"": 0, ""active"": 0, ""sentiment"": -1}}, {""sentence"": ""사회적 책임에 대해 설명해줘"", ""categories"": ""Question"", ""type"": ""Judgmental"", ""knowledge"": ""The mentor is asking the student to explain the social responsibility aspect of the project."", ""evaluation"": {""timely"": 5, ""relevance"": 7, ""high-level"": 5, ""specificity"": 0, ""justification"": 0, ""active"": 0, ""sentiment"": 0}}]}, ""response"": {""answer"": ""혁신성은 반려동물과의 소통을 개선하는 새로운 기술을 도입한다는 점에 있어요. 용이성 측면에서는 모바일 앱을 통해 쉽게 접근할 수 있도록 설계할 계획이에요. 가치 측면에서는 반려동물과 주인 간의 이해를 높여 반려동물의 복지를 향상시키는 데 있어요. 동물학대 문제는 반려동물의 안전과 편안함을 최우선으로 고려하여 데이터를 수집하고, 모든 과정에서 윤리적인 기준을 준수할 계획이에요.""}}"
9,2024-08-13 0:49:44,update_idea,"{""title"": ""반려동물 음성 번역기: 반려동물의 목소리를 이해하는 새로운 접근법"", ""problem"": ""반려동물은 자신의 기분이나 요구를 인간의 언어로 직접 전달할 수 없어 종종 그들의 필요가 제대로 충족되지 않는 경우가 많습니다. 이는 반려동물의 복지와 건강에 직접적으로 영향을 미칠 수 있습니다."", ""idea"": ""이 프로젝트는 반려동물의 소리와 행동을 분석하여 인간의 언어로 번역하는 기술을 개발하는 것을 목표로 합니다. '반려동물 음성 번역기'는 동물의 음성 데이터를 실시간으로 분석하고, 가장 가능성이 높은 메시지를 소유자에게 전달하여 소통을 원활하게 합니다. 이 기술의 혁신성은 기존에 없던 반려동물과 인간 간의 직접적인 의사소통 방법을 제공한다는 점에 있습니다. 사용의 용이성은 애플리케이션을 통해 사용자가 쉽게 접근하고 사용할 수 있도록 하는데 중점을 두었습니다. 가치는 반려동물의 요구와 상태를 더 정확하게 이해하고 적시에 적절한 대응을 할 수 있게 함으로써 반려동물의 건강과 복지를 향상시키는 데 있습니다. 설계 과정에서의 잠재적 제한사항 및 도전과제는 폭넓은 전문가 자문과 심도 있는 연구를 통해 식별하고 해결해나갈 계획입니다. 또한, 이 기술이 사회적 책임과 윤리적 기준에 부합하도록 동물 복지를 최우선으로 고려하여 개발하며, 사회적 인식 개선과 공동체의 필요에 부응할 방법을 모색할 것입니다.""}"
9,2024-08-13 0:50:07,user_feedaback,"{""user_input"": ""동건아 혹시 다른 프로젝트는 없어?"", ""category"": [{""sentence"": ""동건아 혹시 다른 프로젝트는 없어?"", ""categories"": ""Question"", ""type"": ""Generate Design""}], ""new_knowledge"": [""Exploring alternative projects can provide new perspectives and ideas.""], ""new_actionPlan"": [""Research and analyze other similar projects to gain insights and identify potential improvements for your design.""], ""new_thinking"": ""다른 프로젝트를 탐색하면 새로운 관점과 아이디어를 얻을 수 있겠어!"", ""evaluation"": {""sentences"": [{""sentence"": ""동건아 혹시 다른 프로젝트는 없어?"", ""categories"": ""Question"", ""type"": ""Generate Design"", ""knowledge"": ""The mentor is inquiring if the student has other project ideas."", ""evaluation"": {""timely"": 5, ""relevance"": 3, ""high-level"": 4, ""specificity"": 0, ""justification"": 0, ""active"": 0, ""sentiment"": 0}}]}, ""response"": {""answer"": ""이 프로젝트에 집중하고 있어요. 다른 프로젝트도 생각해볼게요.""}}"
9,2024-08-13 0:50:32,user_feedaback,"{""user_input"": ""현실적으로 성과를 얻기 어려울 것 같다고 생각해. 구체적인 계획도 없고"", ""category"": [{""sentence"": ""현실적으로 성과를 얻기 어려울 것 같다고 생각해."", ""categories"": ""Statement"", ""type"": ""Evaluation""}, {""sentence"": ""구체적인 계획도 없고"", ""categories"": ""Statement"", ""type"": ""Evaluation""}], ""new_knowledge"": [""Realistic assessment of feasibility is crucial for any design idea."", ""A concrete implementation plan is essential for the success of a design idea.""], ""new_actionPlan"": [""Conduct a feasibility study to evaluate the practical aspects of the design idea."", ""Develop a detailed implementation plan outlining the steps, resources, and timeline for the project.""], ""new_thinking"": ""현실적으로 성과를 얻기 어려울 것 같다고 생각해. 구체적인 계획이 없으면 성공하기 어렵겠지."", ""evaluation"": {""sentences"": [{""sentence"": ""현실적으로 성과를 얻기 어려울 것 같다고 생각해."", ""categories"": ""Statement"", ""type"": ""Evaluation"", ""knowledge"": ""The project may face practical challenges in achieving results."", ""evaluation"": {""specificity"": 3, ""justification"": 4, ""active"": 2, ""sentiment"": -1}}, {""sentence"": ""구체적인 계획도 없고"", ""categories"": ""Statement"", ""type"": ""Evaluation"", ""knowledge"": ""The project lacks a detailed plan."", ""evaluation"": {""specificity"": 3, ""justification"": 4, ""active"": 2, ""sentiment"": -1}}]}, ""response"": {""answer"": ""구체적인 계획이 미흡한 건 맞아요. 초기 단계라서 기본 아이디어만 있는 상태거든요. 이제부터 단계별로 세부 계획을 세워볼게요.""}}"
9,2024-08-13 0:51:40,user_feedaback,"{""user_input"": ""말을 이용한거보다는 다른 센서를 이용하는 방법은 어떨까? 심박수나 근육의 움직임을 분석하면 보다 좋은 번역이 될 것 같은데"", ""category"": [{""sentence"": ""말을 이용한거보다는 다른 센서를 이용하는 방법은 어떨까?"", ""categories"": ""Question"", ""type"": ""Generate Design""}, {""sentence"": ""심박수나 근육의 움직임을 분석하면 보다 좋은 번역이 될 것 같은데"", ""categories"": ""Statement"", ""type"": ""Recommendation""}], ""new_knowledge"": [""Exploring alternative methods can lead to innovative solutions."", ""Analyzing deeper levels of behavior can lead to better outcomes.""], ""new_actionPlan"": [""Investigate different sensors and technologies that could be used to understand pet behavior and communication."", ""Incorporate deeper behavioral analysis into the design to improve translation accuracy.""], ""new_thinking"": ""말을 이용한거보다는 다른 센서를 이용하는 방법은 어떨까? 행동을 더 깊이 분석하면 더 나은 결과를 얻을 수 있겠어."", ""evaluation"": {""sentences"": [{""sentence"": ""말을 이용한거보다는 다른 센서를 이용하는 방법은 어떨까?"", ""categories"": ""Question"", ""type"": ""Generate Design"", ""knowledge"": ""Consider using alternative sensors instead of relying solely on vocalization."", ""evaluation"": {""timely"": 5, ""relevance"": 6, ""high-level"": 5, ""specificity"": 0, ""justification"": 0, ""active"": 0, ""sentiment"": 0}}, {""sentence"": ""심박수나 근육의 움직임을 분석하면 보다 좋은 번역이 될 것 같은데"", ""categories"": ""Statement"", ""type"": ""Recommendation"", ""knowledge"": ""Analyzing heart rate or muscle movements could improve translation accuracy."", ""evaluation"": {""timely"": 0, ""relevance"": 6, ""high-level"": 0, ""specificity"": 5, ""justification"": 5, ""active"": 5, ""sentiment"": 1}}]}, ""response"": {""answer"": ""맞아요, 음성 데이터 말고도 여러 센서를 활용하는 방법도 좋겠네요. 심박수나 근육 움직임 분석 기술을 도입하면 데이터의 신뢰도가 높아질 것 같아요.""}}"
9,2024-08-13 0:52:14,user_feedaback,"{""user_input"": ""음성데이터는 다루기도 힘들고해서 다른방법이 찾는게 맞는 것 같아"", ""category"": [{""sentence"": ""음성데이터는 다루기도 힘들고해서"", ""categories"": ""Statement"", ""type"": ""Evaluation""}, {""sentence"": ""다른방법이 찾는게 맞는 것 같아"", ""categories"": ""Statement"", ""type"": ""Recommendation""}], ""new_knowledge"": [""Data collection methods can be challenging and require careful planning."", ""Exploring alternative methods can lead to innovative solutions.""], ""new_actionPlan"": [""Develop a detailed plan for collecting and managing data to ensure its quality and reliability."", ""Investigate and incorporate additional methods or technologies to enhance the design.""], ""new_thinking"": ""데이터 수집 방법은 신중한 계획이 필요하구나. 다른 방법을 찾는 게 맞는 것 같아."", ""evaluation"": {""sentences"": [{""sentence"": ""음성데이터는 다루기도 힘들고해서"", ""categories"": ""Statement"", ""type"": ""Evaluation"", ""knowledge"": ""Handling voice data is challenging."", ""evaluation"": {""specificity"": 4, ""justification"": 3, ""active"": 2, ""sentiment"": -1}}, {""sentence"": ""다른방법이 찾는게 맞는 것 같아"", ""categories"": ""Statement"", ""type"": ""Recommendation"", ""knowledge"": ""Finding alternative methods is advisable."", ""evaluation"": {""specificity"": 3, ""justification"": 3, ""active"": 4, ""sentiment"": 0}}]}, ""response"": {""answer"": ""음성 데이터는 복잡할 수 있으니 다양한 센서를 결합한 방안을 더 고민해봐야겠네요. 심박수, 근육 움직임 등 여러 생체 데이터를 활용하면 더 정확한 결과를 얻을 수 있다고 생각해요.""}}"
9,2024-08-13 0:52:48,update_idea,"{""title"": ""반려동물 행동 및 의사소통 이해를 위한 센서 기반 데이터 수집 및 분석 시스템"", ""problem"": ""반려동물은 자신의 필요나 문제를 직접 말로 표현할 수 없어 많은 경우 주인이 추측을 통해 동물의 상태를 파악해야 합니다. 이로 인해 반려동물의 건강과 복지에 필요한 적절한 조치가 지연되거나 누락될 수 있습니다."", ""idea"": ""이 프로젝트는 반려동물의 음성 데이터뿐만 아니라 심박수, 근육 움직임과 같은 여러 생체 신호를 수집하여 분석하는 기술을 개발하는 것을 목표로 합니다. 이를 위해 고급 센서와 분석 기술을 활용하여 반려동물의 건강 상태나 감정을 보다 정확하게 파악할 수 있는 시스템을 구축합니다. 데이터는 모바일 앱을 통해 실시간으로 수집되며, 애플리케이션은 사용자가 쉽게 접근하고 활용할 수 있도록 설계됩니다. 수집된 데이터는 머신 러닝 알고리즘을 통해 분석되어 반려동물의 상태를 인간의 언어로 표현된 메시지로 번역합니다. 이 프로젝트의 혁신성은 다양한 센서를 통합한 종합적인 데이터 분석을 통해 반려동물과 보다 깊이 있는 의사소통을 가능하게 한다는 점에 있습니다. 또한, 반려동물의 행동 분석을 심화하여 번역의 정확도를 향상시키고, 데이터 수집 및 관리 계획을 상세히 마련함으로써 데이터의 질과 신뢰성을 보장할 계획입니다. 이를 통해 반려동물의 건강과 복지를 신속하게 개선하고, 동물과 인간 간의 소통을 극대화할 수 있습니다.""}"
9,2024-08-13 0:53:53,user_feedaback,"{""user_input"": ""3가지 상황을 정하고 그 상황들을 구분하는 것을 먼저 해보자"", ""category"": [{""sentence"": ""3가지 상황을 정하고 그 상황들을 구분하는 것을 먼저 해보자"", ""categories"": ""Statement"", ""type"": ""Recommendation""}], ""new_knowledge"": [""Starting with specific scenarios can make complex problems more manageable.""], ""new_actionPlan"": [""Identify and define three specific scenarios to focus on initially for your design idea.""], ""new_thinking"": ""복잡한 문제를 해결하려면 먼저 특정 상황을 정의하고 구분하는 것이 좋겠어."", ""evaluation"": {""sentences"": [{""sentence"": ""3가지 상황을 정하고 그 상황들을 구분하는 것을 먼저 해보자"", ""categories"": ""Statement"", ""type"": ""Recommendation"", ""knowledge"": ""Start by defining and distinguishing three specific situations."", ""evaluation"": {""specificity"": 6, ""justification"": 5, ""active"": 6, ""sentiment"": 1}}]}, ""response"": {""answer"": ""알겠습니다. '밥 줘', '산책 가자', '놀자' 이 세 가지 상황으로 정하고 구분하는 방법을 고민해볼게요.""}}"
9,2024-08-13 0:54:41,user_feedaback,"{""user_input"": ""사용할 센서를 조사하고 일단은 한마리에 맞춰서 연구를 먼저 진행해서 이게 가능성이 있는지를 확인해보면 좋을 것 같아"", ""category"": [{""sentence"": ""사용할 센서를 조사하고"", ""categories"": ""Statement"", ""type"": ""Recommendation""}, {""sentence"": ""일단은 한마리에 맞춰서 연구를 먼저 진행해서"", ""categories"": ""Statement"", ""type"": ""Recommendation""}, {""sentence"": ""이게 가능성이 있는지를 확인해보면 좋을 것 같아"", ""categories"": ""Statement"", ""type"": ""Recommendation""}], ""new_knowledge"": [""Evaluating the sensors to be used is crucial for the success of a design idea."", ""Starting with a focused approach can make research more manageable."", ""Validating the feasibility of a design idea is crucial before proceeding.""], ""new_actionPlan"": [""Research and evaluate different sensors to determine which ones are most suitable for the project."", ""Begin by focusing on a specific aspect of the design idea to conduct initial research."", ""Conduct a feasibility study to assess the practicality of the design idea.""], ""new_thinking"": ""사용할 센서를 조사하고 평가하는 것이 중요하구나. 일단은 한마리에 맞춰서 연구를 먼저 진행해봐야겠어. 디자인 아이디어의 실현 가능성을 검증하는 것이 중요하구나."", ""evaluation"": {""sentences"": [{""sentence"": ""사용할 센서를 조사하고"", ""categories"": ""Statement"", ""type"": ""Recommendation"", ""knowledge"": ""Investigate the sensors to be used."", ""evaluation"": {""specificity"": 5, ""justification"": 4, ""active"": 5, ""sentiment"": 0}}, {""sentence"": ""일단은 한마리에 맞춰서 연구를 먼저 진행해서"", ""categories"": ""Statement"", ""type"": ""Recommendation"", ""knowledge"": ""Conduct initial research focused on one animal."", ""evaluation"": {""specificity"": 5, ""justification"": 4, ""active"": 5, ""sentiment"": 0}}, {""sentence"": ""이게 가능성이 있는지를 확인해보면 좋을 것 같아"", ""categories"": ""Statement"", ""type"": ""Recommendation"", ""knowledge"": ""Verify the feasibility of the idea."", ""evaluation"": {""specificity"": 4, ""justification"": 4, ""active"": 5, ""sentiment"": 0}}]}, ""response"": {""answer"": ""네, 알겠습니다. 사용할 센서를 먼저 조사해보고 한 마리의 반려동물을 대상으로 시범 연구를 진행할게요. 가능성을 확인하고 결과를 바탕으로 다음 단계를 계획하면 좋겠네요.""}}"
9,2024-08-13 0:55:24,update_idea,"{""title"": ""반려동물 행동 및 의사소통 이해를 위한 센서 기반 데이터 수집 및 분석 시스템"", ""problem"": ""반려동물은 자신의 상태를 직접 말로 표현할 수 없기 때문에, 주인이 반려동물의 의사를 정확히 파악하기 어렵습니다."", ""idea"": ""이 프로젝트의 목표는 반려동물의 다양한 생체 신호를 활용하여 그들의 건강 상태나 감정을 정확하게 이해하고, 주인과의 소통을 향상시키는 것입니다. 첫 단계로, '밥 줘', '산책 가자', '놀자'의 세 가지 주요 상황을 식별하여 이러한 요구 상황을 파악할 수 있는 시스템을 개발합니다. 이를 위해 심박수, 근육 움직임, 체온 등 다양한 생체 정보를 측정할 수 있는 센서들을 연구하고 평가할 것입니다. 초기 연구는 특정 반려동물에게 적용하여 시스템의 실현 가능성을 평가합니다. 수집된 데이터는 모바일 앱을 통해 실시간으로 주인에게 제공될 것이며, 이 데이터는 머신 러닝 알고리즘을 통해 분석되어 각 상황에 맞는 반응을 생성합니다. 구체적으로, 이 시스템은 반려동물이 '밥 줘', '산책 가자', '놀자'와 같은 기본적인 필요를 표현했을 때 이를 감지하고, 이에 적절한 반응을 할 수 있도록 주인을 도와줍니다. 이와 함께 반려동물의 건강 모니터링도 가능하게 하여, 건강 이상 징후를 조기에 발견하고 대응할 수 있도록 합니다. 이 프로젝트를 통해 동물과 인간 간의 의사소통과 반려동물의 복지를 향상시키는 것이 최종 목표입니다.""}"
9,2024-08-13 0:57:57,finish,