user_id,timestamp,tag,data
9,2024-08-13 0:11:38,start,
9,2024-08-13 0:13:40,user_feedaback,"{""user_input"": ""현재는 나갈때 학생증을 찍지 않는데, 나가면서 학생증을 찍으면서 생기는 학생들의 불편함은 생각해봤어?"", ""category"": [{""sentence"": ""현재는 나갈때 학생증을 찍지 않는데,"", ""categories"": ""Statement"", ""type"": ""Information""}, {""sentence"": ""나가면서 학생증을 찍으면서 생기는 학생들의 불편함은 생각해봤어?"", ""categories"": ""Question"", ""type"": ""Deep Reasoning""}], ""new_knowledge"": [""Understanding user behavior is crucial for designing effective systems."", ""Consider the user experience and potential inconveniences when implementing a new system.""], ""new_actionPlan"": [""Investigate how students currently use their ID cards and identify any gaps or issues in the process."", ""Evaluate the potential inconvenience to students when using their ID cards to control the air conditioning and lighting systems.""], ""new_thinking"": ""사용자 행동을 이해하는 것이 효과적인 시스템 설계에 중요하구나. 새 시스템을 도입할 때 사용자 경험과 불편함을 고려해야겠어."", ""evaluation"": {""sentences"": [{""sentence"": ""현재는 나갈때 학생증을 찍지 않는데,"", ""categories"": ""Statement"", ""type"": ""Information"", ""knowledge"": ""Currently, students do not scan their ID cards when leaving."", ""evaluation"": {""specificity"": 5, ""justification"": 4, ""active"": 3, ""sentiment"": 0}}, {""sentence"": ""나가면서 학생증을 찍으면서 생기는 학생들의 불편함은 생각해봤어?"", ""categories"": ""Question"", ""type"": ""Deep Reasoning"", ""knowledge"": ""Consider the inconvenience for students to scan their ID cards when leaving."", ""evaluation"": {""timely"": 5, ""relevance"": 5, ""high-level"": 5, ""sentiment"": 0}}]}, ""response"": {""answer"": ""아, 그건 생각 못 했네요. 나가면서 학생증을 찍지 않는 현재 방법이 더 편리하니까 불편함이 될 수도 있겠군요.""}}"
9,2024-08-13 0:14:38,user_feedaback,"{""user_input"": ""하루에 세번 꺼지는 지금 시스템을 유지하고, 추가로 이 시스템을 넣는건야?"", ""category"": [{""sentence"": ""하루에 세번 꺼지는 지금 시스템을 유지하고,"", ""categories"": ""Statement"", ""type"": ""Recommendation""}, {""sentence"": ""추가로 이 시스템을 넣는건야?"", ""categories"": ""Question"", ""type"": ""Generate Design""}], ""new_knowledge"": [""Consider the effectiveness of existing systems before proposing new ones."", ""Consider alternative methods to achieve the same goal without adding user inconvenience.""], ""new_actionPlan"": [""Evaluate the current system's performance and identify specific areas for improvement."", ""Explore other ways to detect when a room is empty and automatically control the air conditioning and lights without requiring students to swipe their ID cards.""], ""new_thinking"": ""기존 시스템의 효과를 먼저 고려해야겠어. 사용자에게 불편함을 주지 않으면서 같은 목표를 달성할 수 있는 다른 방법을 고려해야겠어."", ""evaluation"": {""sentences"": [{""sentence"": ""하루에 세번 꺼지는 지금 시스템을 유지하고,"", ""categories"": ""Statement"", ""type"": ""Recommendation"", ""knowledge"": ""Maintain the current system that turns off the air conditioner three times a day."", ""evaluation"": {""specificity"": 5, ""justification"": 4, ""active"": 3, ""sentiment"": 0}}, {""sentence"": ""추가로 이 시스템을 넣는건야?"", ""categories"": ""Question"", ""type"": ""Generate Design"", ""knowledge"": ""Consider adding the proposed system in addition to the current one."", ""evaluation"": {""timely"": 5, ""relevance"": 5, ""high-level"": 4, ""sentiment"": 0}}]}, ""response"": {""answer"": ""지금 시스템을 유지하면서도 학생증을 사용한 시스템을 추가하면 좋을 것 같아요. 전력 낭비를 줄이기 위해 두 시스템을 병행한다면 더 효과적일 수 있을 것 같습니다.""}}"
9,2024-08-13 0:16:14,user_feedaback,"{""user_input"": ""그럼 혹시 현재 학생들의 출입방법에 대해 찾아본건 있어? 학생들이 출입방법이 각자 다를거야."", ""category"": [{""sentence"": ""그럼 혹시 현재 학생들의 출입방법에 대해 찾아본건 있어?"", ""categories"": ""Question"", ""type"": ""Low-Level""}, {""sentence"": ""학생들이 출입방법이 각자 다를거야."", ""categories"": ""Statement"", ""type"": ""Information""}], ""new_knowledge"": [""Understanding current user behaviors and practices is essential before proposing changes."", ""User entry and exit methods can vary significantly.""], ""new_actionPlan"": [""Investigate and analyze the current entry and exit practices of students to identify potential areas for improvement."", ""Investigate different entry and exit methods used by students to find the most convenient and effective solution.""], ""new_thinking"": ""현재 학생들의 출입방식에 대해 먼저 이해해야 해. 학생들이 출입하는 방법이 다양할 수 있구나."", ""evaluation"": {""sentences"": [{""sentence"": ""그럼 혹시 현재 학생들의 출입방법에 대해 찾아본건 있어?"", ""categories"": ""Question"", ""type"": ""Low-Level"", ""knowledge"": ""The mentor is asking if the student has researched the current methods students use to enter and exit the dormitory."", ""evaluation"": {""timely"": 5, ""relevance"": 5, ""high-level"": 1, ""specificity"": 0, ""justification"": 0, ""active"": 0, ""sentiment"": 0}}, {""sentence"": ""학생들이 출입방법이 각자 다를거야."", ""categories"": ""Statement"", ""type"": ""Information"", ""knowledge"": ""The mentor is informing the student that students may have different methods of entering and exiting the dormitory."", ""evaluation"": {""timely"": 0, ""relevance"": 0, ""high-level"": 0, ""specificity"": 5, ""justification"": 5, ""active"": 5, ""sentiment"": 0}}]}, ""response"": {""answer"": ""아직 구체적으로 찾아보진 않았어요. 그런데 대부분의 기숙사가 학생증을 활용해서 출입을 통제할 거라고 생각했어요. 학생마다 다를 수도 있으니 그 부분도 조사해볼게요.""}}"
9,2024-08-13 0:17:19,user_feedaback,"{""user_input"": ""그리고 혹시 2인실인 경우에 모든 사람이 나갔을 경우에 에어컨이 꺼져야 하는데, 이걸 역이용해서 한사람의 학생증으로만 출입을 하는 상황은 생각해봤어? 이처럼 여러 상황을 생각해보면 좋을 것 같은데"", ""category"": [{""sentence"": ""그리고 혹시 2인실인 경우에 모든 사람이 나갔을 경우에 에어컨이 꺼져야 하는데,"", ""categories"": ""Statement"", ""type"": ""Information""}, {""sentence"": ""이걸 역이용해서 한사람의 학생증으로만 출입을 하는 상황은 생각해봤어?"", ""categories"": ""Question"", ""type"": ""Generate Design""}, {""sentence"": ""이처럼 여러 상황을 생각해보면 좋을 것 같은데"", ""categories"": ""Statement"", ""type"": ""Recommendation""}], ""new_knowledge"": [""Consider scenarios where multiple users share a space and how the system should handle such cases."", ""Consider the possibility of leveraging existing systems for multiple purposes."", ""Consider multiple scenarios and contexts when designing a system.""], ""new_actionPlan"": [""Investigate how the system can detect and manage multiple users in a shared space to ensure efficient energy usage."", ""Investigate how existing systems can be adapted or expanded to achieve the desired outcomes without adding new complexities."", ""Identify and analyze various scenarios and contexts in which the system will be used to ensure its effectiveness and user-friendliness.""], ""new_thinking"": ""2인실이나 다인실 같은 경우에는 모든 사람이 나갔을 때만 에어컨이 꺼지도록 해야겠구나. 기존 시스템을 여러 용도로 활용할 수 있는 가능성을 고려해야겠어. 여러 상황을 고려해서 시스템을 설계해야겠어."", ""evaluation"": {""sentences"": [{""sentence"": ""그리고 혹시 2인실인 경우에 모든 사람이 나갔을 경우에 에어컨이 꺼져야 하는데,"", ""categories"": ""Statement"", ""type"": ""Information"", ""knowledge"": ""In a shared room, the air conditioner should turn off when all occupants leave."", ""evaluation"": {""specificity"": 6, ""justification"": 5, ""active"": 4, ""sentiment"": 0}}, {""sentence"": ""이걸 역이용해서 한사람의 학생증으로만 출입을 하는 상황은 생각해봤어?"", ""categories"": ""Question"", ""type"": ""Generate Design"", ""knowledge"": ""Consider the potential misuse of the system by using one student's card for multiple entries."", ""evaluation"": {""timely"": 5, ""relevance"": 6, ""high-level"": 5, ""sentiment"": 0}}, {""sentence"": ""이처럼 여러 상황을 생각해보면 좋을 것 같은데"", ""categories"": ""Statement"", ""type"": ""Recommendation"", ""knowledge"": ""It is beneficial to consider various scenarios."", ""evaluation"": {""specificity"": 3, ""justification"": 4, ""active"": 5, ""sentiment"": 1}}]}, ""response"": {""answer"": ""아, 맞아요! 두 사람 중 한 사람만 학생증을 찍고 나가는 경우를 생각해보지 않았네요. 이런 상황을 어떻게 해결할지 고민해봐야겠어요. 예를 들어, 두 사람 모두 학생증을 스캔해야 한다거나, 센서를 이용해 방 안에 사람이 있는지 체크하는 방법도 고려해볼 수 있을 것 같아요.""}}"
9,2024-08-13 0:17:47,update_idea,"{""title"": ""기숙사 탄소배출을 효율적으로 줄이기"", ""problem"": ""현재 기숙사에서는 학생들이 전기세 부담 없이 장시간 에어컨 및 조명을 사용하고, 불필요한 에너지 낭비가 발생합니다. 특히 외출 시에도 에어컨이나 조명을 계속 켜두는 경우가 많아, 절전 및 에너지 관리의 효율성이 낮습니다."", ""idea"": ""새로운 시스템은 여러 조건을 고려해 개발됩니다. 첫째, 기존의 학생증 출입 시스템을 유지하되, 학생들의 출입 패턴을 조사하여 불필요한 불편을 최소화할 방법을 모색합니다. RFID 센서와 같은 기술을 활용하여 실시간으로 각 방의 사용 상태를 파악하고, 학생들이 완전히 외출했을 때만 에너지를 절약할 수 있도록 자동으로 에어컨과 조명을 조절하는 시스템을 구축합니다. 또한, 2인실 이상의 객실에서는 모든 거주자가 외출했을 경우에만 시스템이 작동하도록 함으로써 오판을 줄입니다. 이를 위해 방 내부에 움직임을 감지할 수 있는 센서를 설치하여, 실제로 방에 아무도 없을 때에만 에어컨과 조명이 꺼지도록 합니다. 이러한 시스템은 학생들이 외출시에도 안심하고 에너지 절약을 할 수 있게 하면서, 기숙사의 전체 탄소 배출을 줄이는 데에 기여합니다.""}"
9,2024-08-13 0:19:05,user_feedaback,"{""user_input"": ""센서를 사용하는게 얼마나 효율적인지, 어느정도의 탄소배출을 줄일 수 있는지 설명해줄 수 있어?"", ""category"": [{""sentence"": ""센서를 사용하는게 얼마나 효율적인지,"", ""categories"": ""Question"", ""type"": ""Quantification""}, {""sentence"": ""어느정도의 탄소배출을 줄일 수 있는지 설명해줄 수 있어?"", ""categories"": ""Question"", ""type"": ""Quantification""}], ""new_knowledge"": [""Quantifying the effectiveness of a system is crucial for its validation."", ""Quantifying the potential impact of a design can help in evaluating its effectiveness.""], ""new_actionPlan"": [""Conduct tests to measure the efficiency and effectiveness of the sensor-based system in reducing energy consumption."", ""Estimate the potential reduction in carbon emissions that the new system could achieve.""], ""new_thinking"": ""센서를 사용하는 게 얼마나 효율적인지 측정해봐야겠어. 디자인의 잠재적인 영향을 정량화하면 그 효과를 평가하는 데 도움이 될 수 있겠구나."", ""evaluation"": {""sentences"": [{""sentence"": ""센서를 사용하는게 얼마나 효율적인지,"", ""categories"": ""Question"", ""type"": ""Quantification"", ""knowledge"": ""The efficiency of using sensors needs to be evaluated."", ""evaluation"": {""timely"": 5, ""relevance"": 5, ""high-level"": 3, ""specificity"": 0, ""justification"": 0, ""active"": 0, ""sentiment"": 0}}, {""sentence"": ""어느정도의 탄소배출을 줄일 수 있는지 설명해줄 수 있어?"", ""categories"": ""Question"", ""type"": ""Quantification"", ""knowledge"": ""The potential reduction in carbon emissions needs to be quantified."", ""evaluation"": {""timely"": 5, ""relevance"": 5, ""high-level"": 3, ""specificity"": 0, ""justification"": 0, ""active"": 0, ""sentiment"": 0}}]}, ""response"": {""answer"": ""센서를 사용하는게 효율적인지와 줄일 수 있는 탄소 배출량에 대해선, 정확한 데이터가 필요해요. 하지만, 대략적인 계산으로 기존 에어컨 자원의 30% 이상 절약 가능성이 있어요. 센서 기반 시스템이 에너지를 절약하게 되면, 대학 전체에서 연간 수 톤의 탄소 배출을 줄일 수 있을 겁니다.""}}"
9,2024-08-13 0:19:06,student_question,"{""question"": ""센서를 사용한 시스템의 정확도를 높이기 위해 어떤 요소들을 고려해야 할까요?""}"
9,2024-08-13 0:20:11,user_feedaback,"{""user_input"": ""그건 너가 찾아봐야지. 힌트를 주면 현재 자동문이나 화장실 센서에는 어떤게 사용되는지를 생각해봐"", ""category"": [{""sentence"": ""그건 너가 찾아봐야지."", ""categories"": ""Statement"", ""type"": ""Evaluation""}, {""sentence"": ""힌트를 주면 현재 자동문이나 화장실 센서에는 어떤게 사용되는지를 생각해봐"", ""categories"": ""Statement"", ""type"": ""Recommendation""}], ""new_knowledge"": [""Conducting thorough research is essential before making design decisions."", ""Consider how similar technologies are used in other contexts to inform your design.""], ""new_actionPlan"": [""Investigate the current entry and exit methods used by students in dormitories to understand their behaviors and preferences."", ""Research how sensors are used in other automated systems to gather insights for your design.""], ""new_thinking"": ""디자인 결정을 내리기 전에 철저한 조사가 필수적이구나. 다른 자동화 시스템에서 센서가 어떻게 사용되는지 조사해봐야겠어."", ""evaluation"": {""sentences"": [{""sentence"": ""그건 너가 찾아봐야지."", ""categories"": ""Statement"", ""type"": ""Evaluation"", ""knowledge"": ""The student should independently research the efficiency of sensors."", ""evaluation"": {""specificity"": 1, ""justification"": 1, ""active"": 1, ""sentiment"": 0}}, {""sentence"": ""힌트를 주면 현재 자동문이나 화장실 센서에는 어떤게 사용되는지를 생각해봐"", ""categories"": ""Statement"", ""type"": ""Recommendation"", ""knowledge"": ""Consider the types of sensors used in automatic doors or restrooms."", ""evaluation"": {""specificity"": 5, ""justification"": 5, ""active"": 5, ""sentiment"": 1}}]}, ""response"": {""answer"": ""네, 알겠습니다. 그런 센서들에 어떤 기술이 사용되는지 조사해볼게요. 예를 들어, PIR(수동 적외선) 센서나 초음파 센서를 생각해볼 수 있겠네요.""}}"
9,2024-08-13 0:21:08,user_feedaback,"{""user_input"": ""그치. 다른 센서들도 많으니까 찾아보면 좋고, 관련 센서를 이용한 연구나 실제 사례를 조사하면서 센서를 결정해봐"", ""category"": [{""sentence"": ""다른 센서들도 많으니까 찾아보면 좋고,"", ""categories"": ""Statement"", ""type"": ""Recommendation""}, {""sentence"": ""관련 센서를 이용한 연구나 실제 사례를 조사하면서 센서를 결정해봐"", ""categories"": ""Statement"", ""type"": ""Recommendation""}], ""new_knowledge"": [""Exploring various sensor technologies can provide better solutions for system design."", ""Researching existing technologies and their applications can inform better design decisions.""], ""new_actionPlan"": [""Research different types of sensors and their applications to determine the most suitable ones for the design."", ""Investigate current sensor technologies and their use cases to determine the most suitable options for the design.""], ""new_thinking"": ""다양한 센서 기술을 탐구하면 시스템 설계에 더 나은 해결책을 제공할 수 있겠어. 기존 기술과 그 응용 사례를 조사하면 더 나은 설계 결정을 내릴 수 있겠어."", ""evaluation"": {""sentences"": [{""sentence"": ""다른 센서들도 많으니까 찾아보면 좋고,"", ""categories"": ""Statement"", ""type"": ""Recommendation"", ""knowledge"": ""There are many other sensors available."", ""evaluation"": {""specificity"": 4, ""justification"": 3, ""active"": 5, ""sentiment"": 0}}, {""sentence"": ""관련 센서를 이용한 연구나 실제 사례를 조사하면서 센서를 결정해봐"", ""categories"": ""Statement"", ""type"": ""Recommendation"", ""knowledge"": ""Research studies or real cases using related sensors should be investigated."", ""evaluation"": {""specificity"": 5, ""justification"": 4, ""active"": 6, ""sentiment"": 0}}]}, ""response"": {""answer"": ""네, 맞아요. 여러 종류의 센서를 조사하고, 관련 연구나 사례를 참고해서 결정해볼게요. 다양한 센서의 장단점을 비교하며 어떤 것이 가장 효과적일지 판단할 수 있을 것 같아요.""}}"
9,2024-08-13 0:21:09,student_question,"{""question"": ""기숙사 출입 시스템을 2인실 이상의 방에 적용할 때, 추가적인 문제점이나 고려해야 할 사항이 무엇이 있을까요?""}"
9,2024-08-13 0:22:20,user_feedaback,"{""user_input"": ""아까 설명한 것처럼 한명만 나가는 경우와, 한 명의 학생증으로 같이 출입을 하는 방법으로 에어컨을 계속 켜두는 문제가 발생할 수 있어. 다른 건 좀 찾아봐야할 것 같아"", ""category"": [{""sentence"": ""아까 설명한 것처럼 한명만 나가는 경우와, 한 명의 학생증으로 같이 출입을 하는 방법으로 에어컨을 계속 켜두는 문제가 발생할 수 있어."", ""categories"": ""Statement"", ""type"": ""Evaluation""}, {""sentence"": ""다른 건 좀 찾아봐야할 것 같아"", ""categories"": ""Statement"", ""type"": ""Recommendation""}], ""new_knowledge"": [""Consider potential misuse scenarios when designing a system."", ""Exploring various options can lead to better design solutions.""], ""new_actionPlan"": [""Identify and address potential misuse scenarios to ensure the system functions as intended."", ""Investigate different sensor technologies and their applications to find the most effective solution for the system.""], ""new_thinking"": ""시스템을 설계할 때 발생할 수 있는 오용 시나리오를 고려해야겠어. 다양한 옵션을 탐색하면 더 나은 디자인 솔루션을 찾을 수 있겠어."", ""evaluation"": {""sentences"": [{""sentence"": ""아까 설명한 것처럼 한명만 나가는 경우와, 한 명의 학생증으로 같이 출입을 하는 방법으로 에어컨을 계속 켜두는 문제가 발생할 수 있어."", ""categories"": ""Statement"", ""type"": ""Evaluation"", ""knowledge"": ""There is a potential issue where one person leaves and the air conditioner remains on due to shared use of a single student ID."", ""evaluation"": {""specificity"": 6, ""justification"": 5, ""active"": 4, ""sentiment"": 0}}, {""sentence"": ""다른 건 좀 찾아봐야할 것 같아"", ""categories"": ""Statement"", ""type"": ""Recommendation"", ""knowledge"": ""The student should research further on other aspects."", ""evaluation"": {""specificity"": 2, ""justification"": 2, ""active"": 3, ""sentiment"": 0}}]}, ""response"": {""answer"": ""한 명만 나가는 경우는 방 안에 센서를 추가로 설치하면 해결될 가능성이 높아요. 근데, 한 명의 학생증으로 같이 출입하는 상황은 보완책을 찾아야 할 듯요. 다른 방안들도 찾아볼게요.""}}"
9,2024-08-13 0:22:59,update_idea,"{""title"": ""기숙사 탄소배출을 효율적으로 줄이기"", ""problem"": ""기존의 기숙사 관리 시스템에서는 학생들이 전기세에 대한 부담 없이 에어컨을 과도하게 사용하여 탄소 배출량이 증가하는 문제가 있습니다. 현재 시스템에서는 불필요한 에어컨 가동으로 인한 에너지 낭비가 심하며, 기숙사 내 공간들이 장시간 비어 있음에도 불구하고 에어컨이 작동하는 경우가 많습니다."", ""idea"": ""자동화된 센서 기반의 에너지 절약 시스템을 개발하여 기숙사 내 에너지 사용을 효율적으로 관리하고자 합니다. 이 시스템은 학생의 실제 방문 및 거주 패턴을 분석하여 에어컨 및 조명 등의 전력 사용을 최적화합니다. 첫째로, 기존의 학생증 출입 시스템과 연동하여, 학생들이 실제로 방을 사용하지 않을 때는 에어컨과 조명을 자동으로 꺼내 에너지를 절약할 수 있습니다. 각 방에는 움직임을 감지하는 센서(예: PIR 센서)를 설치해 실시간으로 방의 사용 여부를 판단하고, 모든 거주자가 외출한 경우에만 시스템이 작동하도록 합니다. 또한, 이 시스템은 학생들의 출입 패턴을 분석하여 에너지 소비를 더욱 최적화할 수 있는 데이터를 제공합니다. 이 프로젝트를 위해 다양한 센서 기술을 조사하고, 실제 학생들의 거주 및 출입 패턴을 연구하여 시스템의 정확도와 효율성을 높이며, 대학 기숙사의 전체 탄소 배출량을 감소시키는 방안을 모색하겠습니다.""}"
9,2024-08-13 0:23:49,user_feedaback,"{""user_input"": ""이 프로젝트 진행기간이랑 계획은 세워봤어?"", ""category"": [{""sentence"": ""이 프로젝트 진행기간이랑 계획은 세워봤어?"", ""categories"": ""Question"", ""type"": ""Low-Level""}], ""new_knowledge"": [""Considering the timeline and planning of a project is crucial for its success.""], ""new_actionPlan"": [""Create a detailed timeline and plan for the project, including milestones and deadlines.""], ""new_thinking"": ""프로젝트의 진행기간과 계획을 세우는 것이 중요하구나."", ""evaluation"": {""sentences"": [{""sentence"": ""이 프로젝트 진행기간이랑 계획은 세워봤어?"", ""categories"": ""Question"", ""type"": ""Low-Level"", ""knowledge"": ""The mentor is asking if the student has set a timeline and plan for the project."", ""evaluation"": {""timely"": 5, ""relevance"": 4, ""high-level"": 1, ""specificity"": 0, ""justification"": 0, ""active"": 0, ""sentiment"": 0}}]}, ""response"": {""answer"": ""프로젝트 진행기간은 아직 구체적으로 세우진 않았어요. 하지만, 초기 리서치와 설계, 프로토타입 제작, 테스트 및 수정 단계를 거칠 예정입니다. 각 단계에 필요한 시간을 조금 더 구체적으로 계획해볼게요.""}}"
9,2024-08-13 0:25:07,user_feedaback,"{""user_input"": ""일단 프로젝트 계획부터 세우자. 계획을 세워야 진행상황을 확인하기 쉽고, 해야할 일을 까먹지 않고 할 수 있어"", ""category"": [{""sentence"": ""일단 프로젝트 계획부터 세우자."", ""categories"": ""Statement"", ""type"": ""Recommendation""}, {""sentence"": ""계획을 세워야 진행상황을 확인하기 쉽고, 해야할 일을 까먹지 않고 할 수 있어"", ""categories"": ""Statement"", ""type"": ""Recommendation""}], ""new_knowledge"": [""Planning the project timeline is essential for successful execution."", ""Planning helps in identifying tasks and avoiding unnecessary work.""], ""new_actionPlan"": [""Create a detailed project timeline outlining each phase and its duration."", ""Create a detailed project plan to identify tasks and streamline the workflow.""], ""new_thinking"": ""프로젝트 타임라인을 세우는 것이 성공적인 실행을 위해 필수적이야. 계획을 세우면 해야 할 일을 명확히 하고 불필요한 일을 피할 수 있겠어."", ""evaluation"": {""sentences"": [{""sentence"": ""일단 프로젝트 계획부터 세우자."", ""categories"": ""Statement"", ""type"": ""Recommendation"", ""knowledge"": ""The student should start by creating a project plan."", ""evaluation"": {""specificity"": 3, ""justification"": 2, ""active"": 4, ""sentiment"": 0}}, {""sentence"": ""계획을 세워야 진행상황을 확인하기 쉽고, 해야할 일을 까먹지 않고 할 수 있어"", ""categories"": ""Statement"", ""type"": ""Recommendation"", ""knowledge"": ""Creating a plan helps track progress and remember tasks."", ""evaluation"": {""specificity"": 4, ""justification"": 4, ""active"": 4, ""sentiment"": 1}}]}, ""response"": {""answer"": ""네, 알겠습니다. 프로젝트 계획부터 세워볼게요. 초기 리서치, 설계, 프로토타입 제작, 테스트 및 수정 단계를 자세히 나눠서 계획할게요.""}}"
9,2024-08-13 0:25:09,student_question,"{""question"": ""기숙사 출입 시스템을 최적화하려면 어떤 리서치 방법을 통해 학생들의 출입 패턴을 효과적으로 분석할 수 있을까요?""}"
9,2024-08-13 0:26:09,user_feedaback,"{""user_input"": ""관련 연구를 찾아보고, 기존 연구들을 바탕으로 시스템을 디자인하면 될 것 같아. 이전 논문이나 연구를 찾아보면 답을 찾을 수 있으니까 잘 찾아봐"", ""category"": [{""sentence"": ""관련 연구를 찾아보고, 기존 연구들을 바탕으로 시스템을 디자인하면 될 것 같아."", ""categories"": ""Statement"", ""type"": ""Recommendation""}, {""sentence"": ""이전 논문이나 연구를 찾아보면 답을 찾을 수 있으니까 잘 찾아봐"", ""categories"": ""Statement"", ""type"": ""Recommendation""}], ""new_knowledge"": [""Researching existing studies and technologies can provide valuable insights for system design."", ""Researching existing literature and studies can provide valuable insights for your design.""], ""new_actionPlan"": [""Investigate existing research and technologies to inform and improve the design of the energy-saving system."", ""Conduct a thorough review of existing literature and studies related to sensor-based energy-saving systems.""], ""new_thinking"": ""기존 연구와 기술을 조사하면 시스템 설계에 유용한 통찰을 얻을 수 있겠어. 기존 논문이나 연구를 찾아보면 답을 찾을 수 있으니까 잘 찾아봐야겠어."", ""evaluation"": {""sentences"": [{""sentence"": ""관련 연구를 찾아보고, 기존 연구들을 바탕으로 시스템을 디자인하면 될 것 같아."", ""categories"": ""Statement"", ""type"": ""Recommendation"", ""knowledge"": ""Design the system based on existing research."", ""evaluation"": {""specificity"": 4, ""justification"": 3, ""active"": 5, ""sentiment"": 1}}, {""sentence"": ""이전 논문이나 연구를 찾아보면 답을 찾을 수 있으니까 잘 찾아봐"", ""categories"": ""Statement"", ""type"": ""Recommendation"", ""knowledge"": ""Find answers by reviewing previous papers or research."", ""evaluation"": {""specificity"": 3, ""justification"": 3, ""active"": 5, ""sentiment"": 1}}]}, ""response"": {""answer"": ""기존 연구를 찾아서 참고하는 게 중요하네요. 논문이나 연구 사례를 찾아보고, 거기서 얻은 데이터를 바탕으로 시스템을 디자인해볼게요.""}}"
9,2024-08-13 0:26:39,update_idea,"{""title"": ""기숙사 탄소배출을 효율적으로 줄이기"", ""problem"": ""기존의 기숙사 에너지 관리 시스템은 학생들이 방을 비웠을 때에도 에너지를 낭비하는 문제가 있습니다. 특히 학생들이 외출 시 에어컨을 최저 온도로 설정해두고 전원을 꺼두지 않아 에너지 소비가 높아집니다. 이로 인해 불필요한 전력소비가 이루어지고, 이는 학교 전체의 탄소 배출량 증가로 이어지고 있습니다."", ""idea"": ""이 프로젝트의 목표는 기숙사 내 에너지 사용을 최적화하고, 탄소 배출을 줄이는 것입니다. 첫째로, 기존의 학생증 출입 시스템과 연동하여 자동으로 에어컨과 조명을 제어하는 자동화된 센서 기반의 에너지 절약 시스템을 개발할 예정입니다. 각 방에는 PIR 센서와 같은 움직임을 감지하는 센서를 설치하여 실질적인 방 사용여부를 판단하고, 모든 거주자가 외출한 경우에만 에어컨과 조명이 꺼지도록 합니다. 또한, 실제 학생들의 거주 및 출입 패턴을 데이터화하여 에너지 소비를 더욱 최적화할 수 있도록 시스템을 설계합니다. 프로젝트 진행에 앞서, 초기 리서치 단계에서는 관련 연구와 기술을 철저히 조사하여 시스템의 설계를 개선합니다. 설계 후에는 프로토타입 제작, 테스트 및 수정 단계를 거치며, 각 단계에 필요한 시간을 구체적으로 계획하여 프로젝트 진행상황을 체계적으로 관리할 예정입니다. 최종적으로, 이 시스템이 기숙사의 에너지 효율성을 높이고 탄소 배출을 줄이는 데 기여하길 기대합니다.""}"
9,2024-08-13 0:28:36,user_feedaback,"{""user_input"": ""생각해보니 화장실 자동 불꺼짐 센서 등 관련된 내용을 이미 실생활에 많이 사용하고 있는데 이게 과연 혁신적이라고 할 수 있을까? 이 프로젝트의 혁신성에 대해서 설명해봐"", ""category"": [{""sentence"": ""생각해보니 화장실 자동 불꺼짐 센서 등 관련된 내용을 이미 실생활에 많이 사용하고 있는데 이게 과연 혁신적이라고 할 수 있을까?"", ""categories"": ""Question"", ""type"": ""Generate Design""}, {""sentence"": ""이 프로젝트의 혁신성에 대해서 설명해봐"", ""categories"": ""Question"", ""type"": ""Generate Design""}], ""new_knowledge"": [""Consider how existing technologies are already being used in similar contexts."", ""Explaining the innovation of a project helps in understanding its unique value.""], ""new_actionPlan"": [""Investigate how similar sensor technologies are currently being used in other applications to inform your design."", ""Clearly articulate the innovative aspects of the project to highlight its unique value.""], ""new_thinking"": ""기존 기술이 유사한 상황에서 어떻게 사용되고 있는지 고려해야겠어. 프로젝트의 혁신성을 명확히 설명하는 것이 중요하구나."", ""evaluation"": {""sentences"": [{""sentence"": ""생각해보니 화장실 자동 불꺼짐 센서 등 관련된 내용을 이미 실생활에 많이 사용하고 있는데 이게 과연 혁신적이라고 할 수 있을까?"", ""categories"": ""Question"", ""type"": ""Generate Design"", ""knowledge"": ""The idea may not be innovative as similar technologies are already widely used in daily life."", ""evaluation"": {""timely"": 5, ""relevance"": 6, ""high-level"": 4, ""specificity"": 0, ""justification"": 0, ""active"": 0, ""sentiment"": 0}}, {""sentence"": ""이 프로젝트의 혁신성에 대해서 설명해봐"", ""categories"": ""Question"", ""type"": ""Generate Design"", ""knowledge"": ""The student should explain the innovative aspects of the project."", ""evaluation"": {""timely"": 5, ""relevance"": 6, ""high-level"": 4, ""specificity"": 0, ""justification"": 0, ""active"": 0, ""sentiment"": 0}}]}, ""response"": {""answer"": ""이미 생활 속에서 많이 사용되는 시스템만 도입한다면, 혁신성이 떨어질 수 있어요. 하지만, 학생들의 출입 패턴을 분석해 맞춤형으로 제어하고, 데이터를 실시간으로 모니터링하며 최적화하는 추가적인 기능을 더하면 차별화될 수 있을 것 같아요.""}}"
9,2024-08-13 0:28:40,student_question,"{""question"": ""현재 시스템 설계에 있어 학생들의 출입 패턴을 더 효과적으로 분석하기 위해 어떤 구체적인 리서치 방법을 사용할 수 있을까요?""}"
9,2024-08-13 0:29:18,user_feedaback,"{""user_input"": ""그건 너가 찾아봐야지"", ""category"": [{""sentence"": ""그건 너가 찾아봐야지"", ""categories"": ""Statement"", ""type"": ""Recommendation""}], ""new_knowledge"": [""Independent research is essential for informed design decisions.""], ""new_actionPlan"": [""Conduct thorough research on sensor technologies and their applications in similar contexts.""], ""new_thinking"": ""독립적인 연구가 설계 결정을 내리는 데 필수적이구나."", ""evaluation"": {""sentences"": [{""sentence"": ""그건 너가 찾아봐야지"", ""categories"": ""Statement"", ""type"": ""Recommendation"", ""knowledge"": ""The student should independently research the topic."", ""evaluation"": {""specificity"": 1, ""justification"": 1, ""active"": 1, ""sentiment"": 0}}]}, ""response"": {""answer"": ""네, 알겠습니다! 직접 리서치 방법을 찾아볼게요. 예를 들어 설문조사나 인터뷰 같은 방법을 활용할 수 있을 것 같아요.""}}"
9,2024-08-13 0:29:33,user_feedaback,"{""user_input"": ""좋은 방법이야"", ""category"": [{""sentence"": ""좋은 방법이야"", ""categories"": ""Statement"", ""type"": ""Evaluation""}], ""new_knowledge"": [""Evaluating the effectiveness of a proposed solution is crucial before implementation.""], ""new_actionPlan"": [""Conduct a thorough evaluation of the proposed system to ensure its effectiveness before proceeding with implementation.""], ""new_thinking"": ""제안된 솔루션의 효과를 평가하는 것이 중요하구나."", ""evaluation"": {""sentences"": [{""sentence"": ""좋은 방법이야"", ""categories"": ""Statement"", ""type"": ""Evaluation"", ""knowledge"": ""The mentor approves the student's method."", ""evaluation"": {""specificity"": 1, ""justification"": 1, ""active"": 1, ""sentiment"": 1}}]}, ""response"": {""answer"": ""다양한 리서치 방법들을 통해 학생들의 출입 패턴을 효과적으로 분석할 수 있을 거예요. 설문조사나 인터뷰를 통해 실제 사용자들의 의견을 듣는 것이 중요하죠. 실질적인 데이터와 사용자 피드백을 바탕으로 시스템을 최적화하면 더 좋을 것 같아요.""}}"
9,2024-08-13 0:29:59,user_feedaback,"{""user_input"": ""그치그치. 근데 그거는 마지막에 하면 좋을 것 같아"", ""category"": [{""sentence"": ""근데 그거는 마지막에 하면 좋을 것 같아"", ""categories"": ""Statement"", ""type"": ""Recommendation""}], ""new_knowledge"": [""Consider the final implementation details to ensure the design's effectiveness.""], ""new_actionPlan"": [""Review and refine the final implementation details to enhance the design's effectiveness.""], ""new_thinking"": ""마지막에 세부 사항을 잘 고려해야 디자인이 효과적일 거야."", ""evaluation"": {""sentences"": [{""sentence"": ""근데 그거는 마지막에 하면 좋을 것 같아"", ""categories"": ""Statement"", ""type"": ""Recommendation"", ""knowledge"": ""The suggested action should be done at the end."", ""evaluation"": {""specificity"": 3, ""justification"": 2, ""active"": 3, ""sentiment"": 0}}]}, ""response"": {""answer"": ""네, 맞아요. 리서치 방법들은 프로젝트의 초기 단계에서 시행하는게 좋고, 시스템 최적화를 위한 데이터 수집은 프로젝트 중간부터 마무리 단계에서 진행할 수 있겠네요.""}}"
9,2024-08-13 0:30:30,user_feedaback,"{""user_input"": ""출입 데이터를 관리하는 것과 관련해서 공부해본 경험은 있어? 데이터 다루는게 쉽지 않을텐데"", ""category"": [{""sentence"": ""출입 데이터를 관리하는 것과 관련해서 공부해본 경험은 있어?"", ""categories"": ""Question"", ""type"": ""Low-Level""}, {""sentence"": ""데이터 다루는게 쉽지 않을텐데"", ""categories"": ""Statement"", ""type"": ""Evaluation""}], ""new_knowledge"": [""Understanding user entry and exit data is crucial for designing effective systems."", ""Data collection and analysis can be complex and challenging.""], ""new_actionPlan"": [""Research and analyze user entry and exit data to inform the design of the system."", ""Plan for potential challenges in data collection and analysis, and allocate sufficient time and resources to address them.""], ""new_thinking"": ""사용자 출입 데이터를 분석하는 것이 시스템 설계에 중요하구나. 데이터 수집과 분석이 생각보다 어려울 수 있겠구나."", ""evaluation"": {""sentences"": [{""sentence"": ""출입 데이터를 관리하는 것과 관련해서 공부해본 경험은 있어?"", ""categories"": ""Question"", ""type"": ""Low-Level"", ""knowledge"": ""The mentor is asking if the student has experience managing access data."", ""evaluation"": {""timely"": 5, ""relevance"": 5, ""high-level"": 1, ""specificity"": 0, ""justification"": 0, ""active"": 0, ""sentiment"": 0}}, {""sentence"": ""데이터 다루는게 쉽지 않을텐데"", ""categories"": ""Statement"", ""type"": ""Evaluation"", ""knowledge"": ""The mentor is indicating that handling data might be challenging."", ""evaluation"": {""timely"": 0, ""relevance"": 0, ""high-level"": 0, ""specificity"": 5, ""justification"": 4, ""active"": 3, ""sentiment"": 0}}]}, ""response"": {""answer"": ""출입 데이터 관리해본 적은 없어요. 데이터 관리에 대한 기초 지식을 쌓아야 할 것 같아요. 관련 자료를 찾아보고 공부해볼게요.""}}"
9,2024-08-13 0:30:31,student_question,"{""question"": ""기숙사 출입 시스템 설계 시, 출입 데이터 관리의 복잡성을 어떻게 줄일 수 있을까요?""}"
9,2024-08-13 0:31:45,user_feedaback,"{""user_input"": ""관련해서는 논문이나 연구를 찾아보면 좋을 것 같아. 가장쉬운 방법은 사람들의 테이터를 이진수로 정리하는 방법이 있을 것 같네"", ""category"": [{""sentence"": ""관련해서는 논문이나 연구를 찾아보면 좋을 것 같아."", ""categories"": ""Statement"", ""type"": ""Recommendation""}, {""sentence"": ""가장쉬운 방법은 사람들의 테이터를 이진수로 정리하는 방법이 있을 것 같네"", ""categories"": ""Statement"", ""type"": ""Recommendation""}], ""new_knowledge"": [""Researching existing literature and studies can provide valuable insights for your design."", ""Organizing data efficiently is crucial for effective system design.""], ""new_actionPlan"": [""Conduct a thorough review of existing literature and studies to gather insights for improving the design."", ""Research and implement efficient data organization methods to handle user data effectively.""], ""new_thinking"": ""기존 논문이나 연구를 찾아보면 좋은 인사이트를 얻을 수 있겠어. 효율적인 데이터 정리가 시스템 설계에 중요하구나."", ""evaluation"": {""sentences"": [{""sentence"": ""관련해서는 논문이나 연구를 찾아보면 좋을 것 같아."", ""categories"": ""Statement"", ""type"": ""Recommendation"", ""knowledge"": ""Researching existing papers or studies can be beneficial."", ""evaluation"": {""specificity"": 3, ""justification"": 4, ""active"": 3, ""sentiment"": 1}}, {""sentence"": ""가장쉬운 방법은 사람들의 테이터를 이진수로 정리하는 방법이 있을 것 같네"", ""categories"": ""Statement"", ""type"": ""Recommendation"", ""knowledge"": ""Organizing people's data in binary format might be the easiest method."", ""evaluation"": {""specificity"": 4, ""justification"": 3, ""active"": 4, ""sentiment"": 1}}]}, ""response"": {""answer"": ""네, 알겠습니다. 데이터 관리를 이진수로 정리하는 방법을 고려하겠습니다. 관련 논문이나 연구 자료도 찾아볼게요.""}}"
9,2024-08-13 0:33:22,update_idea,"{""title"": ""기숙사 탄소배출을 효율적으로 줄이기"", ""problem"": ""현재 많은 대학 기숙사에서 에어컨과 조명 사용은 탄소 배출량 증가의 주요 원인 중 하나입니다. 특히, 학생들이 외출 시 에어컨을 켜 놓음으로써 발생하는 불필요한 전력 소모는 큰 문제입니다."", ""idea"": ""이 프로젝트의 목표는 기숙사에서의 전력 소모를 줄이고 탄소 배출을 최소화하는 것입니다. 고급 센서 기술과 데이터 분석을 결합하여 학생들의 실제 사용 패턴에 맞게 에너지 소모를 최적화합니다. 첫째, 고급 PIR 센서와 초음파 센서를 사용하여 학생들의 실제 방 사용 여부를 정확히 감지하고 그에 따라 에어컨과 조명을 자동으로 조절합니다. 이렇게 하면 빈 방에 불필요하게 전력을 소모하는 일을 크게 줄일 수 있습니다. 둘째, 학생들의 출입 데이터를 분석하여 각 방의 사용 패턴을 파악하고 이 데이터를 기반으로 시스템을 더욱 정밀하게 튜닝할 수 있습니다. 이를 위해, 학생들의 출입 패턴에 대한 세심한 리서치와 데이터 수집이 필요합니다. 셋째, 이 모든 데이터는 최적의 데이터 조직 방식을 이용하여 효율적으로 관리되며, 이를 통해 시스템의 전반적인 관리와 유지보수가 용이해질 것입니다. 최종적으로, 이 시스템은 기숙사의 에너지 효율을 크게 개선하고 지속 가능한 환경을 조성하는 데 중요한 역할을 할 것입니다.""}"
9,2024-08-13 0:33:33,finish,